
> @hachej/boring-ui-review-tools@0.0.1 ui:review <sandbox-root>/tools/ui-review
> tsx scripts/run-ui-review.mjs -- review workspace-command-palette --critic=fixture


> workspace-playground@0.0.1 build:deps <sandbox-root>/apps/workspace-playground
> pnpm --filter @hachej/boring-ui-kit build && pnpm --filter @hachej/boring-ui-plugin-cli build && pnpm --filter @hachej/boring-sandbox build && pnpm --filter @hachej/boring-bash build && pnpm --filter @hachej/boring-agent build && pnpm --filter @hachej/boring-pi build && pnpm --filter @hachej/boring-workspace build && pnpm --filter @hachej/boring-core build && pnpm --filter @hachej/boring-deck build && pnpm --filter @hachej/boring-ask-user build && pnpm --filter @hachej/boring-tasks build && pnpm --filter @hachej/boring-diagram build && pnpm --filter @hachej/boring-data-explorer build && pnpm --filter @hachej/boring-data-catalog build


> @hachej/boring-ui-kit@0.1.109 build <sandbox-root>/packages/ui
> tsup && node scripts/build-styles.mjs

CLI Building entry: {"index":"src/index.ts"}
CLI Using tsconfig: tsconfig.json
CLI tsup v8.5.1
CLI Using tsup config: <sandbox-root>/packages/ui/tsup.config.ts
CLI Target: es2022
CLI Cleaning output folder
ESM Build start
ESM dist/index.js 96.25 KB
ESM ⚡️ Build success in 151ms
DTS Build start
DTS ⚡️ Build success in 6847ms
DTS dist/index.d.ts 34.51 KB

> @hachej/boring-ui-plugin-cli@0.1.109 build <sandbox-root>/packages/plugin-cli
> tsup

CLI Building entry: {"index":"src/index.ts","bin":"src/bin.ts","plugin-sources":"src/server/pluginSources.ts"}
CLI Using tsconfig: tsconfig.json
CLI tsup v8.5.1
CLI Using tsup config: <sandbox-root>/packages/plugin-cli/tsup.config.ts
CLI Target: node20
CLI Cleaning output folder
ESM Build start
ESM dist/index.js          901.00 B
ESM dist/bin.js            265.00 B
ESM dist/chunk-YUAML3DZ.js 43.52 KB
ESM dist/plugin-sources.js 497.00 B
ESM dist/chunk-KTILPA2U.js 26.73 KB
ESM ⚡️ Build success in 57ms
DTS Build start
DTS ⚡️ Build success in 6156ms
DTS dist/bin.d.ts            20.00 B
DTS dist/plugin-sources.d.ts 3.60 KB
DTS dist/index.d.ts          4.45 KB

> @hachej/boring-sandbox@0.1.109 build <sandbox-root>/packages/boring-sandbox
> tsup

CLI Building entry: {"index":"src/index.ts","shared/index":"src/shared/index.ts","providers/index":"src/providers/index.ts","providers/direct/index":"src/providers/direct/index.ts","providers/bwrap/index":"src/providers/bwrap/index.ts","providers/node-workspace/index":"src/providers/node-workspace/index.ts","providers/blaxel/index":"src/providers/blaxel/index.ts","providers/vercel-sandbox/index":"src/providers/vercel-sandbox/index.ts","providers/runsc/index":"src/providers/runsc/index.ts","providers/remote-worker/index":"src/providers/remote-worker/index.ts"}
CLI Using tsconfig: tsconfig.json
CLI tsup v8.5.1
CLI Using tsup config: <sandbox-root>/packages/boring-sandbox/tsup.config.ts
CLI Target: es2022
CLI Cleaning output folder
ESM Build start
ESM dist/index.js                          19.35 KB
ESM dist/shared/index.js                   19.35 KB
ESM dist/providers/index.js                241.49 KB
ESM dist/providers/direct/index.js         25.22 KB
ESM dist/providers/node-workspace/index.js 18.50 KB
ESM dist/providers/blaxel/index.js         74.90 KB
ESM dist/providers/bwrap/index.js          36.60 KB
ESM dist/providers/vercel-sandbox/index.js 101.45 KB
ESM dist/providers/remote-worker/index.js  65.56 KB
ESM dist/providers/runsc/index.js          113.12 KB
ESM ⚡️ Build success in 281ms
DTS Build start
DTS ⚡️ Build success in 93221ms
DTS dist/providers/index.d.ts                      2.52 KB
DTS dist/providers/remote-worker/index.d.ts        5.26 KB
DTS dist/providers/blaxel/index.d.ts               2.04 KB
DTS dist/providers/node-workspace/index.d.ts       4.41 KB
DTS dist/providers/vercel-sandbox/index.d.ts       7.93 KB
DTS dist/providers/runsc/index.d.ts                23.47 KB
DTS dist/providers/bwrap/index.d.ts                2.10 KB
DTS dist/providers/direct/index.d.ts               666.00 B
DTS dist/shared/index.d.ts                         5.14 KB
DTS dist/index.d.ts                                4.32 KB
DTS dist/remoteWorkerProtocolV1-NU-MaJcz.d.ts      52.64 KB
DTS dist/qualificationBundle-BpxgRXzG.d.ts         16.09 KB
DTS dist/createBlaxelSandboxProvider-DNky2Rbo.d.ts 3.32 KB
DTS dist/providerV1-t-uEtu-o.d.ts                  11.26 KB
DTS dist/createRemoteWorkerProvider-G3u8nPAe.d.ts  4.67 KB
DTS dist/createVercelSandboxProvider-Bg12qM0D.d.ts 3.94 KB

> @hachej/boring-bash@0.1.109 build <sandbox-root>/packages/boring-bash
> tsup

CLI Building entry: {"index":"src/index.ts","agent/index":"src/agent/index.ts","shared/index":"src/shared/index.ts","server/index":"src/server/index.ts"}
CLI Using tsconfig: tsconfig.json
CLI tsup v8.5.1
CLI Using tsup config: <sandbox-root>/packages/boring-bash/tsup.config.ts
CLI Target: es2022
CLI Cleaning output folder
ESM Build start
ESM dist/index.js        2.49 KB
ESM dist/agent/index.js  66.13 KB
ESM dist/shared/index.js 3.41 KB
ESM dist/server/index.js 110.82 KB
ESM ⚡️ Build success in 169ms
DTS Build start
DTS ⚡️ Build success in 39261ms
DTS dist/agent/index.d.ts    7.65 KB
DTS dist/server/index.d.ts   24.76 KB
DTS dist/shared/index.d.ts   4.63 KB
DTS dist/index.d.ts          539.00 B
DTS dist/types-HnMSUqBc.d.ts 6.62 KB

> @hachej/boring-agent@0.1.109 build <sandbox-root>/packages/agent
> tsup && pnpm run build:assert

CLI Building entry: {"shared/index":"src/shared/index.ts","core/index":"src/core/index.ts","server/index":"src/server/index.ts","server/pi-session-readability":"src/server/harness/pi-coding-agent/sessionReadability.ts","server/agent-host/testing/gatewayConformance":"src/server/agent-host/testing/gatewayConformance.ts","server/agent-host/testing/compositionRouteProof":"src/server/agent-host/testing/compositionRouteProof.ts","server/worker/index":"src/server/worker/index.ts","front/index":"src/front/index.ts","front/artifacts":"src/front/artifacts.ts","eval/index":"src/eval/index.ts"}
CLI Using tsconfig: tsconfig.json
CLI tsup v8.5.1
CLI Using tsup config: <sandbox-root>/packages/agent/tsup.config.ts
CLI Target: es2022
CLI Cleaning output folder
ESM Build start
ESM dist/createHarness-WVOVOOJJ.js                          445.00 B
ESM dist/DebugDrawer-JNA43SVR.js                            139.00 B
ESM dist/chunk-7XAOVFSN.js                                  664.00 B
ESM dist/chunk-EDI7C4MR.js                                  112.07 KB
ESM dist/chunk-N6THTH7P.js                                  2.78 KB
ESM dist/chunk-YTUZFKB3.js                                  2.91 KB
ESM dist/front/index.js                                     495.27 KB
ESM dist/chunk-6OANSUEI.js                                  47.63 KB
ESM dist/chunk-4XOW57KJ.js                                  14.25 KB
ESM dist/chunk-2BGLZZ7T.js                                  174.00 B
ESM dist/chunk-YGRQ4Q5P.js                                  685.00 B
ESM dist/chunk-MVKXLMH3.js                                  13.98 KB
ESM dist/chunk-3JFPS2O6.js                                  5.57 KB
ESM dist/server/worker/index.js                             13.49 KB
ESM dist/chunk-DGIHXIFQ.js                                  580.48 KB
ESM dist/eval/index.js                                      16.12 KB
ESM dist/core/index.js                                      21.44 KB
ESM dist/shared/index.js                                    6.54 KB
ESM dist/front/artifacts.js                                 381.00 B
ESM dist/server/index.js                                    6.19 KB
ESM dist/server/pi-session-readability.js                   940.00 B
ESM dist/server/agent-host/testing/gatewayConformance.js    32.73 KB
ESM dist/server/agent-host/testing/compositionRouteProof.js 3.65 KB
ESM ⚡️ Build success in 434ms
DTS Build start
"buildBwrapArgs" and "createBwrapSandboxProvider" are imported from external module "@hachej/boring-sandbox/providers/bwrap" but never used in "host/sandbox.ts".
"createNodeWorkspace", "getBoringAgentPathEntries", "getBoringAgentRuntimeEnv" and "getBoringAgentRuntimePaths" are imported from external module "@hachej/boring-sandbox/providers/node-workspace" but never used in "host/sandbox.ts".
"createBlaxelSandboxProvider" and "BLAXEL_WORKSPACE_ROOT" are imported from external module "@hachej/boring-sandbox/providers/blaxel" but never used in "host/sandbox.ts".
"createDirectSandboxProvider" is imported from external module "@hachej/boring-sandbox/providers/direct" but never used in "host/sandbox.ts".
DTS ⚡️ Build success in 121034ms
DTS dist/core/index.d.ts                                      1.86 KB
DTS dist/server/agent-host/testing/compositionRouteProof.d.ts 312.00 B
DTS dist/server/agent-host/testing/gatewayConformance.d.ts    1.98 KB
DTS dist/server/pi-session-readability.d.ts                   501.00 B
DTS dist/eval/index.d.ts                                      8.97 KB
DTS dist/server/worker/index.d.ts                             3.05 KB
DTS dist/shared/index.d.ts                                    151.80 KB
DTS dist/front/index.d.ts                                     41.65 KB
DTS dist/server/index.d.ts                                    72.91 KB
DTS dist/front/artifacts.d.ts                                 1.83 KB
DTS dist/middleware-CaAEXpi5.d.ts                             3.17 KB
DTS dist/piChatSessionService-nvroRAVk.d.ts                   4.41 KB
DTS dist/file-search-C8G9Ca8V.d.ts                            4.19 KB
DTS dist/errors-CEU4iujR.d.ts                                 12.02 KB
DTS dist/sandbox-BMhut3kh.d.ts                                13.29 KB
DTS dist/harness-Ct0e4RWc.d.ts                                10.58 KB
DTS dist/piChatEvent-BUWIzw5l.d.ts                            63.86 KB
DTS dist/lease-nASWv2tU.d.ts                                  18.77 KB
DTS dist/types-fwlLd-cS.d.ts                                  41.86 KB

> @hachej/boring-agent@0.1.109 build:assert <sandbox-root>/packages/agent
> node ./scripts/assert-build-artifacts.mjs

build-artifacts: OK

> @hachej/boring-pi@0.1.13 build <sandbox-root>/packages/pi
> node scripts/assert-package.mjs

boring-pi package resources: OK

> @hachej/boring-workspace@0.1.109 build <sandbox-root>/packages/workspace
> tsup && vite build && node ./scripts/build-workspace-css.mjs && node ./scripts/assert-build-artifacts.mjs

CLI Building entry: {"app-server":"src/app/server/index.ts","server":"src/server/index.ts","runtime-server":"src/server/runtimeBackend/defineRuntimeServerPlugin.ts","shared":"src/shared/index.ts","bridge-client":"src/bridge-client/index.ts","events":"src/front/events/index.ts","plugin":"src/plugin.ts"}
CLI Using tsconfig: tsconfig.tsup.json
CLI tsup v8.5.1
CLI Using tsup config: <sandbox-root>/packages/workspace/tsup.config.ts
CLI Target: es2022
CLI Cleaning output folder
ESM Build start
ESM dist/server.js         215.54 KB
ESM dist/runtime-server.js 1.12 KB
ESM dist/bridge-client.js  14.60 KB
ESM dist/events.js         2.96 KB
ESM dist/plugin.js         21.25 KB
ESM dist/app-server.js     287.79 KB
ESM dist/shared.js         10.70 KB
ESM ⚡️ Build success in 292ms
DTS Build start
DTS ⚡️ Build success in 28947ms
DTS dist/app-server.d.ts                    22.10 KB
DTS dist/bridge-client.d.ts                 3.20 KB
DTS dist/events.d.ts                        7.32 KB
DTS dist/plugin.d.ts                        15.36 KB
DTS dist/server.d.ts                        38.49 KB
DTS dist/runtime-server.d.ts                2.12 KB
DTS dist/shared.d.ts                        11.84 KB
DTS dist/types-B1hDNDJf.d.ts                146.00 B
DTS dist/runtimeEnv-B8_Y4fhX.d.ts           20.92 KB
DTS dist/manifest-B3IoRf9m.d.ts             2.88 KB
DTS dist/surface-BppFFmNz.d.ts              5.29 KB
DTS dist/urlPane-D5wJ6ItF.d.ts              2.75 KB
DTS dist/agent-tool-Clfxoyef.d.ts           1.26 KB
DTS dist/workspace-bridge-rpc-BHsOJMlW.d.ts 5.41 KB
DTS dist/ui-bridge-DzjfAFqa.d.ts            2.36 KB
DTS dist/filesystem-BIUerwPV.d.ts           1.13 KB
(!) Your Vite config uses features that are unsupported by `configLoader: 'native'`, which is planned to become the default in a future major version of Vite:
  - `__dirname` (vite.config.ts:14:24). Use `import.meta.dirname` instead
Set `VITE_CONFIG_NATIVE_IGNORE_WARNING=true` to suppress this warning.
11:03:28 PM [vite] warning: `esbuild` option was specified by "vite:react-babel" plugin. This option is deprecated, please use `oxc` instead.
`optimizeDeps.rollupOptions` / `ssr.optimizeDeps.rollupOptions` is deprecated. Use `optimizeDeps.rolldownOptions` instead. Note that this option may be set by a plugin. Set VITE_DEPRECATION_TRACE=1 to see where it is called.
[vite:react-babel] We recommend switching to `@vitejs/plugin-react-oxc` for improved performance. More information at https://vite.dev/rolldown
vite v8.2.1 building client environment for production...
[2K
transforming...✓ 416 modules transformed.
rendering chunks...

[unplugin:dts] Start generate declaration files...
[unplugin:dts] Start bundling declaration files...

[unplugin:dts] Failed to load '@microsoft/api-extractor', have you installed it?


[unplugin:dts] Error occurred, skip bundle declaration files.

[unplugin:dts] Declaration files built in 45938ms.

computing gzip size...
dist/boring-workspace.css                    8.93 kB │ gzip:  1.90 kB
dist/loading.js                              0.10 kB │ gzip:  0.09 kB
dist/reloadEvent-Dm9lkxge.js                 0.12 kB │ gzip:  0.12 kB
dist/utils-BRcxFdrz.js                       0.18 kB │ gzip:  0.15 kB
dist/panel-C3f-tnSJ.js                       0.27 kB │ gzip:  0.16 kB
dist/filesystemErrorRedaction-DNGYs3Sy.js    0.29 kB │ gzip:  0.22 kB
dist/getFileIcon-DjXq4MdF.js                 0.67 kB │ gzip:  0.35 kB
dist/uiCommandBus-DxuPkZNB.js                0.67 kB │ gzip:  0.39 kB
dist/rolldown-runtime-B0aSnxlc.js            0.95 kB │ gzip:  0.52 kB
dist/toast-BPlCG87n.js                       1.10 kB │ gzip:  0.56 kB
dist/paneCollapseButton-DdJsfgSJ.js          1.20 kB │ gzip:  0.67 kB
dist/ControlTooltip-zpO8LDXz.js              1.31 kB │ gzip:  0.60 kB
dist/testing-e2e.js                          1.43 kB │ gzip:  0.79 kB
dist/MarkdownEditorPane-Dg0CWBMg.js          1.59 kB │ gzip:  0.86 kB
dist/selectors-BfOn6gAj.js                   1.73 kB │ gzip:  0.69 kB
dist/cornerChrome-wW713Nvm.js                1.80 kB │ gzip:  0.91 kB
dist/events-C96ZDGkP.js                      1.80 kB │ gzip:  0.85 kB
dist/ManagementOverlaySurface-Dczjn0ZZ.js    2.53 kB │ gzip:  0.96 kB
dist/hooks-CnodVinh.js                       4.14 kB │ gzip:  1.51 kB
dist/ChatPaneStage-PGADXL0d.js               4.46 kB │ gzip:  1.72 kB
dist/useWorkspacePluginClient-DHk44NlO.js    4.81 kB │ gzip:  1.93 kB
dist/agentCapabilities-BmNe6PR0.js           5.75 kB │ gzip:  1.76 kB
dist/charts.js                               5.78 kB │ gzip:  2.00 kB
dist/MediaViewerPane-Ds0aUEgh.js             7.03 kB │ gzip:  2.29 kB
dist/FileTreePane-DeC28YL1.js                7.21 kB │ gzip:  2.33 kB
dist/HtmlViewerPane-BDr4KdRf.js              9.24 kB │ gzip:  3.17 kB
dist/FileTree-BOKyGORA.js                   10.71 kB │ gzip:  3.79 kB
dist/CodeEditorPane-BrvjPyET.js             11.73 kB │ gzip:  3.95 kB
dist/PluginErrorBoundary-VLedsY14.js        11.97 kB │ gzip:  3.00 kB
dist/PluginsOverlay-BAHMC-Bb.js             12.08 kB │ gzip:  3.09 kB
dist/WorkspaceLoadingState-BaKpZe2B.js      12.70 kB │ gzip:  1.98 kB
dist/FilePaneShell-CIXFzVvf.js              13.18 kB │ gzip:  4.12 kB
dist/AgentPage-DRnUHL4B.js                  16.16 kB │ gzip:  3.69 kB
dist/DataProvider-cn4uHVXo.js               16.19 kB │ gzip:  5.32 kB
dist/WorkbenchLeftPane-DzQl5Q5m.js          16.80 kB │ gzip:  4.64 kB
dist/ChatPaneStageDock-DZh1rupv.js          19.77 kB │ gzip:  5.45 kB
dist/AgentDetailsOverlay-B7dZutWA.js        21.08 kB │ gzip:  4.83 kB
dist/MarkdownEditor-Deu9bGQf.js             31.74 kB │ gzip:  8.93 kB
dist/FileTreeView-DunLr7oU.js               41.19 kB │ gzip: 11.06 kB
dist/workspace.js                           41.61 kB │ gzip: 11.42 kB
dist/SurfaceShell-C9uvURYp.js               48.50 kB │ gzip: 13.39 kB
dist/TopBar-JDMBX8UN.js                     51.35 kB │ gzip: 12.26 kB
dist/WorkspaceProvider-BULmempz.js         154.23 kB │ gzip: 39.07 kB
dist/app-front.js                          205.70 kB │ gzip: 48.11 kB
dist/testing.js                            255.27 kB │ gzip: 44.65 kB

✓ built in 50.74s
[33m[PLUGIN_TIMINGS] [0mYour build spent 92% of 50.7s inside plugin hooks (46.6s).
Measured inside the callback, so queue time is excluded and time the callback itself awaited is not:
  - unplugin-dts buildStart (79%, 40.2s, 1 call)
  - unplugin-dts writeBundle (7%, 3.6s, 1 call)
  - unplugin-dts transform (4%, 2.2s, 416 calls)
See https://rolldown.rs/reference/InputOptions.checks#plugintimings for more details.

assert-build-artifacts: all 21 artifacts present

> @hachej/boring-core@0.1.109 build <sandbox-root>/packages/core
> tsup && pnpm run build:assert

CLI Building entry: {"server/index":"src/server/index.ts","server/db/index":"src/server/db/index.ts","app/server/index":"src/app/server/index.ts","app/front/index":"src/app/front/index.ts","app/vite/index":"src/app/vite/index.ts","front/index":"src/front/index.ts","front/top-bar-slot":"src/front/components/TopBarSlot.tsx","shared/index":"src/shared/index.ts"}
CLI Using tsconfig: tsconfig.json
CLI tsup v8.5.1
CLI Using tsup config: <sandbox-root>/packages/core/tsup.config.ts
CLI Target: es2022
CLI Cleaning output folder
ESM Build start
ESM dist/chunk-XKKVA3WR.js     121.22 KB
ESM dist/front/index.js        2.53 KB
ESM dist/shared/index.js       857.00 B
ESM dist/chunk-H5XK7CBJ.js     150.28 KB
ESM dist/front/top-bar-slot.js 159.00 B
ESM dist/chunk-EEMKIN55.js     183.59 KB
ESM dist/chunk-HYNKZSTF.js     437.00 B
ESM dist/chunk-AQBXNPMD.js     254.00 B
ESM dist/chunk-YMWFQN6F.js     338.00 B
ESM dist/chunk-XFTE4MLH.js     155.00 B
ESM dist/chunk-I4PGL4ZD.js     488.00 B
ESM dist/chunk-WYRJV2HL.js     2.68 KB
ESM dist/chunk-MLKGABMK.js     191.00 B
ESM dist/server/db/index.js    739.00 B
ESM dist/app/server/index.js   87.70 KB
ESM dist/app/vite/index.js     786.00 B
ESM dist/app/front/index.js    73.87 KB
ESM dist/server/index.js       77.65 KB
ESM ⚡️ Build success in 452ms
DTS Build start
"magicLinkClient" is imported from external module "better-auth/client/plugins" but never used in "src/front/auth/authClient.ts".
DTS ⚡️ Build success in 130114ms
DTS dist/app/front/index.d.ts                   15.13 KB
DTS dist/app/server/index.d.ts                  14.07 KB
DTS dist/app/vite/index.d.ts                    1.35 KB
DTS dist/front/index.d.ts                       22.03 KB
DTS dist/front/top-bar-slot.d.ts                295.00 B
DTS dist/server/db/index.d.ts                   13.88 KB
DTS dist/server/index.d.ts                      48.40 KB
DTS dist/shared/index.d.ts                      3.38 KB
DTS dist/CoreFront-DB1OfNJU.d.ts                2.42 KB
DTS dist/loadConfig-J4PFyqIL.d.ts               6.80 KB
DTS dist/PostgresModelBudgetStore-CDH684E7.d.ts 16.58 KB
DTS dist/types-uiSO8ppZ.d.ts                    10.78 KB
DTS dist/telemetry-DR18MeI0.d.ts                466.00 B
DTS dist/types-brYS1KDl.d.ts                    10.69 KB

> @hachej/boring-core@0.1.109 build:assert <sandbox-root>/packages/core
> node ./scripts/assert-build-artifacts.mjs

assert-build-artifacts: all 10 exported artifact(s) present, 4 stylesheet(s) with resolvable @imports

> @hachej/boring-deck@0.1.109 build <sandbox-root>/plugins/deck
> tsup

CLI Building entry: {"front/index":"src/front/index.tsx","shared/index":"src/shared/index.ts"}
CLI Using tsconfig: tsconfig.json
CLI tsup v8.5.1
CLI Using tsup config: <sandbox-root>/plugins/deck/tsup.config.ts
CLI Target: es2022
CLI Cleaning output folder
ESM Build start
ESM dist/front/index.js  38.25 KB
ESM dist/shared/index.js 8.25 KB
ESM ⚡️ Build success in 108ms
DTS Build start
DTS ⚡️ Build success in 25385ms
DTS dist/front/index.d.ts    1.76 KB
DTS dist/shared/index.d.ts   961.00 B
DTS dist/types-Dt_A9RNg.d.ts 1.57 KB

> @hachej/boring-ask-user@0.1.109 build <sandbox-root>/plugins/ask-user
> tsup

CLI Building entry: {"front/index":"src/front/index.tsx","server/index":"src/server/index.ts","shared/index":"src/shared/index.ts"}
CLI Using tsconfig: tsconfig.json
CLI tsup v8.5.1
CLI Using tsup config: <sandbox-root>/plugins/ask-user/tsup.config.ts
CLI Target: es2022
CLI Cleaning output folder
ESM Build start
ESM dist/server/index.js 81.55 KB
ESM dist/front/index.js  116.68 KB
ESM dist/shared/index.js 15.86 KB
ESM ⚡️ Build success in 179ms
DTS Build start
DTS ⚡️ Build success in 37512ms
DTS dist/front/index.d.ts    854.00 B
DTS dist/server/index.d.ts   14.18 KB
DTS dist/shared/index.d.ts   121.45 KB
DTS dist/types-x1DmGJF4.d.ts 6.52 KB

> @hachej/boring-tasks@0.1.109 build <sandbox-root>/plugins/tasks
> tsup --config tsup.config.ts && tsup --config tsup.descriptor.config.ts && node scripts/assert-declarations.mjs

CLI Building entry: {"front/index":"src/front/index.tsx","server/index":"src/server/index.ts","shared/index":"src/shared/index.ts"}
CLI Using tsconfig: tsconfig.json
CLI tsup v8.5.1
CLI Using tsup config: <sandbox-root>/plugins/tasks/tsup.config.ts
CLI Target: es2022
CLI Cleaning output folder
ESM Build start
ESM dist/shared/index.js 4.89 KB
ESM dist/front/index.js  143.51 KB
ESM dist/server/index.js 102.42 KB
ESM ⚡️ Build success in 147ms
DTS Build start
DTS ⚡️ Build success in 49360ms
DTS dist/front/index.d.ts  2.63 KB
DTS dist/server/index.d.ts 11.43 KB
DTS dist/shared/index.d.ts 7.77 KB
CLI Building entry: {"front/descriptor":"src/front/descriptor.tsx"}
CLI Using tsconfig: tsconfig.json
CLI tsup v8.5.1
CLI Using tsup config: <sandbox-root>/plugins/tasks/tsup.descriptor.config.ts
CLI Target: es2022
ESM Build start
ESM dist/TasksOverlay-ILOTZDWQ.js 128.39 KB
ESM dist/front/descriptor.js      3.89 KB
ESM ⚡️ Build success in 107ms
DTS Build start
DTS ⚡️ Build success in 24619ms
DTS dist/front/descriptor.d.ts 172.00 B
tasks declarations: root, front, and front/descriptor types resolve through emitted/public paths

> @hachej/boring-diagram@0.1.109 build <sandbox-root>/plugins/diagram
> tsup

CLI Building entry: {"front/index":"src/front/index.tsx","server/index":"src/server/index.ts","shared/index":"src/shared/index.ts"}
CLI Using tsconfig: tsconfig.json
CLI tsup v8.5.1
CLI Using tsup config: <sandbox-root>/plugins/diagram/tsup.config.ts
CLI Target: es2022
CLI Cleaning output folder
ESM Build start
ESM dist/front/index.js  47.05 KB
ESM dist/server/index.js 12.08 KB
ESM dist/shared/index.js 845.00 B
ESM ⚡️ Build success in 41ms
DTS Build start
DTS ⚡️ Build success in 44793ms
DTS dist/front/index.d.ts  185.00 B
DTS dist/server/index.d.ts 384.00 B
DTS dist/shared/index.d.ts 424.00 B

> @hachej/boring-data-explorer@0.1.109 build <sandbox-root>/plugins/data-explorer
> tsup

CLI Building entry: {"front/index":"src/front/index.ts","shared/index":"src/shared/index.ts","testing/index":"src/testing/index.ts"}
CLI Using tsconfig: tsconfig.json
CLI tsup v8.5.1
CLI Using tsup config: <sandbox-root>/plugins/data-explorer/tsup.config.ts
CLI Target: es2022
CLI Cleaning output folder
ESM Build start
ESM dist/shared/index.js  0 B
ESM dist/front/index.js   25.36 KB
ESM dist/testing/index.js 4.81 KB
ESM ⚡️ Build success in 41ms
DTS Build start
DTS ⚡️ Build success in 7858ms
DTS dist/testing/index.d.ts 248.00 B
DTS dist/front/index.d.ts   3.88 KB
DTS dist/shared/index.d.ts  2.19 KB

> @hachej/boring-data-catalog@0.1.109 build <sandbox-root>/plugins/data-catalog
> tsup

CLI Building entry: {"front/index":"src/front/index.tsx","server/index":"src/server/index.ts","shared/index":"src/shared/index.ts"}
CLI Using tsconfig: tsconfig.json
CLI tsup v8.5.1
CLI Using tsup config: <sandbox-root>/plugins/data-catalog/tsup.config.ts
CLI Target: es2022
CLI Cleaning output folder
ESM Build start
ESM dist/front/index.js  10.63 KB
ESM dist/shared/index.js 296.00 B
ESM dist/server/index.js 4.67 KB
ESM ⚡️ Build success in 40ms
DTS Build start
DTS ⚡️ Build success in 50538ms
DTS dist/server/index.d.ts 1.29 KB
DTS dist/front/index.d.ts  5.59 KB
DTS dist/shared/index.d.ts 294.00 B
(!) Your Vite config uses features that are unsupported by `configLoader: 'native'`, which is planned to become the default in a future major version of Vite:
  - `__dirname` (vite.config.ts:9:59). Use `import.meta.dirname` instead
  - import "./src/server/dev" without a file extension (vite.config.ts:6:66). Add the file extension
  - import "./src/release-candidate-dist" without a file extension (vite.config.ts:7:50). Add the file extension
  - import "./testing/scriptedPiHarness" without a file extension (src/server/dev.ts:7:110). Add the file extension
  - import "../shared/showcaseSession" without a file extension (src/server/dev.ts:8:51). Add the file extension
  - import "./testing/twoAgentFleet" without a file extension (src/server/dev.ts:14:8). Add the file extension
  - import "./factoryAgents" without a file extension (src/server/dev.ts:17:41). Add the file extension
  - import "./playgroundAgentMode" without a file extension (src/server/dev.ts:18:44). Add the file extension
  - import "../shared/playgroundAgents" without a file extension (src/server/dev.ts:19:53). Add the file extension
  - import "../../shared/playgroundAgents" without a file extension (src/server/testing/twoAgentFleet.ts:2:48). Add the file extension
Set `VITE_CONFIG_NATIVE_IGNORE_WARNING=true` to suppress this warning.
11:11:08 PM [vite] warning: `esbuild` option was specified by "vite:react-babel" plugin. This option is deprecated, please use `oxc` instead.
`optimizeDeps.rollupOptions` / `ssr.optimizeDeps.rollupOptions` is deprecated. Use `optimizeDeps.rolldownOptions` instead. Note that this option may be set by a plugin. Set VITE_DEPRECATION_TRACE=1 to see where it is called.
[vite:react-babel] We recommend switching to `@vitejs/plugin-react-oxc` for improved performance. More information at https://vite.dev/rolldown
[workspace-playground] workspace root: /dev/shm/cpr-aa4/boring-ui-review-run.vt93ir/isolation/workspace
[workspace-playground] runtime mode: local
(node:87557) ExperimentalWarning: SQLite is an experimental feature and might change at any time
(Use `node --trace-warnings ...` to show where the warning was created)
(node:87557) [BORING_WORKSPACE_BRIDGE_INSECURE_AUTH] Warning: createWorkspaceAgentServer is using createLocalCliBridgeAuthPolicy for WorkspaceBridge browser calls. This policy is unauthenticated, grants registered bridge capabilities to the fixed local principal, and is intended only for local/dev CLI usage. Provide workspaceBridge.browserAuthPolicy before exposing this server.
{"level":30,"time":1788995470518,"pid":87557,"hostname":"vps-15cf2c41","msg":"Server listening at http://127.0.0.1:6240"}

  VITE v8.2.1  ready in 8603 ms

  ➜  Local:   http://127.0.0.1:6230/
[33mWarning: Invalid input options (1 issue found)
- For the "jsx". Invalid key: Expected never but received "jsx". [0m
[33mWarning: Invalid input options (1 issue found)
- For the "jsx". Invalid key: Expected never but received "jsx". [0m
[33mWarning: Invalid input options (1 issue found)
- For the "jsx". Invalid key: Expected never but received "jsx". [0m
11:11:12 PM [vite] (client) [optimizer] bundling dependencies...
[33mWarning: Invalid input options (1 issue found)
- For the "jsx". Invalid key: Expected never but received "jsx". [0m
11:11:13 PM [vite] (client) dependency optimized: react-dom/client
11:11:14 PM [vite] (client) [optimizer] bundling dependencies...
[33mWarning: Invalid input options (1 issue found)
- For the "jsx". Invalid key: Expected never but received "jsx". [0m
11:11:20 PM [vite] (client) [optimizer] bundling dependencies...
11:11:23 PM [vite] (client) dependencies optimized: @codemirror/commands, @codemirror/lang-javascript, @codemirror/lang-json, @codemirror/lang-markdown, @codemirror/lang-python, @codemirror/lang-sql, @codemirror/lang-yaml, @codemirror/language, @codemirror/search, @codemirror/state, @codemirror/view, @excalidraw/excalidraw, @lezer/highlight, @radix-ui/react-alert-dialog, @radix-ui/react-checkbox, @radix-ui/react-collapsible, @radix-ui/react-dialog, @radix-ui/react-dropdown-menu, @radix-ui/react-hover-card, @radix-ui/react-label, @radix-ui/react-popover, @radix-ui/react-scroll-area, @radix-ui/react-select, @radix-ui/react-separator, @radix-ui/react-slot, @radix-ui/react-tabs, @radix-ui/react-tooltip, @radix-ui/react-use-controllable-state, @streamdown/cjk, @streamdown/code, @streamdown/math, @streamdown/mermaid, @tanstack/react-query, @tiptap/extension-code-block-lowlight, @tiptap/extension-highlight, @tiptap/extension-image, @tiptap/extension-link, @tiptap/extension-placeholder, @tiptap/extension-table-cell, @tiptap/extension-table-header, @tiptap/extension-table-row, @tiptap/extension-table, @tiptap/extension-task-item, @tiptap/extension-task-list, @tiptap/extension-text-align, @tiptap/extension-underline, @tiptap/markdown, @tiptap/react, @tiptap/starter-kit, class-variance-authority, clsx, cmdk, diff, dnd-core, dockview-react, lowlight, lucide-react, motion/react, nanoid, react-arborist, react-dnd-html5-backend, react-markdown, remark-gfm, shiki, streamdown, tailwind-merge, use-stick-to-bottom, zod, zustand, zustand/middleware
11:11:23 PM [vite] (client) optimized dependencies changed. reloading
{"level":30,"time":1788995509388,"pid":87557,"hostname":"vps-15cf2c41","reqId":"req-1","req":{"method":"GET","url":"/api/v1/workspace/meta","host":"127.0.0.1:6240","remoteAddress":"127.0.0.1","remotePort":48048},"msg":"incoming request"}
{"level":40,"time":1788995509389,"pid":87557,"hostname":"vps-15cf2c41","reqId":"req-1","msg":"No auth token set — running in dev mode"}
{"level":30,"time":1788995509393,"pid":87557,"hostname":"vps-15cf2c41","reqId":"req-1","res":{"statusCode":200},"responseTime":3.7805139999982202,"msg":"request completed"}
{"level":30,"time":1788995509401,"pid":87557,"hostname":"vps-15cf2c41","reqId":"req-2","req":{"method":"GET","url":"/api/v1/workspace/meta","host":"127.0.0.1:6240","remoteAddress":"127.0.0.1","remotePort":48060},"msg":"incoming request"}
{"level":30,"time":1788995509402,"pid":87557,"hostname":"vps-15cf2c41","reqId":"req-2","res":{"statusCode":200},"responseTime":0.5959250000014435,"msg":"request completed"}
{"level":30,"time":1788995509516,"pid":87557,"hostname":"vps-15cf2c41","reqId":"req-3","req":{"method":"GET","url":"/api/v1/tree?path=.","host":"127.0.0.1:6240","remoteAddress":"127.0.0.1","remotePort":48068},"msg":"incoming request"}
{"level":30,"time":1788995509530,"pid":87557,"hostname":"vps-15cf2c41","reqId":"req-4","req":{"method":"PUT","url":"/api/v1/ui/state","host":"127.0.0.1:6240","remoteAddress":"127.0.0.1","remotePort":48082},"msg":"incoming request"}
{"level":30,"time":1788995509540,"pid":87557,"hostname":"vps-15cf2c41","reqId":"req-4","res":{"statusCode":204},"responseTime":10.362376000004588,"msg":"request completed"}
{"level":30,"time":1788995509723,"pid":87557,"hostname":"vps-15cf2c41","reqId":"req-5","req":{"method":"GET","url":"/api/v1/filesystems","host":"127.0.0.1:6240","remoteAddress":"127.0.0.1","remotePort":48084},"msg":"incoming request"}
{"level":30,"time":1788995509990,"pid":87557,"hostname":"vps-15cf2c41","reqId":"req-6","req":{"method":"GET","url":"/api/v1/agents","host":"127.0.0.1:6240","remoteAddress":"127.0.0.1","remotePort":48098},"msg":"incoming request"}
{"level":30,"time":1788995509993,"pid":87557,"hostname":"vps-15cf2c41","reqId":"req-6","res":{"statusCode":200},"responseTime":2.122074999999313,"msg":"request completed"}
{"level":30,"time":1788995509998,"pid":87557,"hostname":"vps-15cf2c41","reqId":"req-7","req":{"method":"PUT","url":"/api/v1/ui/state","host":"127.0.0.1:6240","remoteAddress":"127.0.0.1","remotePort":48112},"msg":"incoming request"}
{"level":30,"time":1788995510001,"pid":87557,"hostname":"vps-15cf2c41","reqId":"req-7","res":{"statusCode":204},"responseTime":2.589922999999544,"msg":"request completed"}
{"level":30,"time":1788995510005,"pid":87557,"hostname":"vps-15cf2c41","reqId":"req-8","req":{"method":"GET","url":"/api/v1/filesystems","host":"127.0.0.1:6240","remoteAddress":"127.0.0.1","remotePort":48116},"msg":"incoming request"}
{"level":30,"time":1788995510010,"pid":87557,"hostname":"vps-15cf2c41","reqId":"req-9","req":{"method":"GET","url":"/api/v1/fs/events?workspaceId=workspace","host":"127.0.0.1:6240","remoteAddress":"127.0.0.1","remotePort":48120},"msg":"incoming request"}
{"level":30,"time":1788995510015,"pid":87557,"hostname":"vps-15cf2c41","reqId":"req-a","req":{"method":"GET","url":"/api/v1/tree?path=.","host":"127.0.0.1:6240","remoteAddress":"127.0.0.1","remotePort":48132},"msg":"incoming request"}
{"level":30,"time":1788995510017,"pid":87557,"hostname":"vps-15cf2c41","reqId":"req-b","req":{"method":"GET","url":"/api/v1/ui/state","host":"127.0.0.1:6240","remoteAddress":"127.0.0.1","remotePort":48136},"msg":"incoming request"}
{"level":30,"time":1788995510018,"pid":87557,"hostname":"vps-15cf2c41","reqId":"req-b","res":{"statusCode":200},"responseTime":0.9311949999973876,"msg":"request completed"}
{"level":30,"time":1788995510021,"pid":87557,"hostname":"vps-15cf2c41","reqId":"req-c","req":{"method":"GET","url":"/api/v1/ui/commands/next?workspaceId=workspace","host":"127.0.0.1:6240","remoteAddress":"127.0.0.1","remotePort":48146},"msg":"incoming request"}
{"level":30,"time":1788995510047,"pid":87557,"hostname":"vps-15cf2c41","reqId":"req-8","res":{"statusCode":200},"responseTime":40.7963860000018,"msg":"request completed"}
{"level":30,"time":1788995510057,"pid":87557,"hostname":"vps-15cf2c41","reqId":"req-d","req":{"method":"GET","url":"/api/v1/agents/alpha/sessions?limit=50&archived=active","host":"127.0.0.1:6240","remoteAddress":"127.0.0.1","remotePort":48150},"msg":"incoming request"}
{"level":30,"time":1788995510083,"pid":87557,"hostname":"vps-15cf2c41","reqId":"req-e","req":{"method":"GET","url":"/api/v1/agents/alpha/ready-status","host":"127.0.0.1:6240","remoteAddress":"127.0.0.1","remotePort":48154},"msg":"incoming request"}
{"level":30,"time":1788995510094,"pid":87557,"hostname":"vps-15cf2c41","reqId":"req-a","res":{"statusCode":200},"responseTime":78.00893099999666,"msg":"request completed"}
{"level":30,"time":1788995510115,"pid":87557,"hostname":"vps-15cf2c41","reqId":"req-f","req":{"method":"GET","url":"/api/v1/tree?path=.","host":"127.0.0.1:6240","remoteAddress":"127.0.0.1","remotePort":48164},"msg":"incoming request"}
{"level":30,"time":1788995510123,"pid":87557,"hostname":"vps-15cf2c41","reqId":"req-g","req":{"method":"GET","url":"/api/v1/tree?path=.","host":"127.0.0.1:6240","remoteAddress":"127.0.0.1","remotePort":48176},"msg":"incoming request"}
{"level":30,"time":1788995510125,"pid":87557,"hostname":"vps-15cf2c41","reqId":"req-h","req":{"method":"GET","url":"/api/v1/agents/alpha/ready-status","host":"127.0.0.1:6240","remoteAddress":"127.0.0.1","remotePort":48182},"msg":"incoming request"}
{"level":30,"time":1788995510131,"pid":87557,"hostname":"vps-15cf2c41","reqId":"req-i","req":{"method":"GET","url":"/api/v1/ui/state","host":"127.0.0.1:6240","remoteAddress":"127.0.0.1","remotePort":48192},"msg":"incoming request"}
{"level":30,"time":1788995510132,"pid":87557,"hostname":"vps-15cf2c41","reqId":"req-i","res":{"statusCode":200},"responseTime":0.7846170000048005,"msg":"request completed"}
{"level":30,"time":1788995510148,"pid":87557,"hostname":"vps-15cf2c41","reqId":"req-g","res":{"statusCode":200},"responseTime":24.724842999996326,"msg":"request completed"}
{"level":30,"time":1788995510151,"pid":87557,"hostname":"vps-15cf2c41","reqId":"req-j","req":{"method":"POST","url":"/api/v1/workspace-bridge/call","host":"127.0.0.1:6240","remoteAddress":"127.0.0.1","remotePort":48200},"msg":"incoming request"}
{"level":30,"time":1788995510158,"pid":87557,"hostname":"vps-15cf2c41","reqId":"req-j","res":{"statusCode":200},"responseTime":6.659649000001082,"msg":"request completed"}
{"level":30,"time":1788995510181,"pid":87557,"hostname":"vps-15cf2c41","reqId":"req-d","res":{"statusCode":200},"responseTime":123.63102500000241,"msg":"request completed"}
{"level":30,"time":1788995510201,"pid":87557,"hostname":"vps-15cf2c41","reqId":"req-k","req":{"method":"GET","url":"/api/v1/agents/alpha/sessions?limit=50&archived=active","host":"127.0.0.1:6240","remoteAddress":"127.0.0.1","remotePort":48202},"msg":"incoming request"}
{"level":30,"time":1788995510209,"pid":87557,"hostname":"vps-15cf2c41","reqId":"req-h","res":{"statusCode":200},"responseTime":83.5099179999961,"msg":"request completed"}
{"level":30,"time":1788995510221,"pid":87557,"hostname":"vps-15cf2c41","reqId":"req-k","res":{"statusCode":200},"responseTime":19.614431000001787,"msg":"request completed"}
{"level":30,"time":1788995510330,"pid":87557,"hostname":"vps-15cf2c41","reqId":"req-l","req":{"method":"GET","url":"/api/v1/agents/alpha/sessions?limit=50&archived=archived","host":"127.0.0.1:6240","remoteAddress":"127.0.0.1","remotePort":48212},"msg":"incoming request"}
{"level":30,"time":1788995510337,"pid":87557,"hostname":"vps-15cf2c41","reqId":"req-m","req":{"method":"GET","url":"/api/v1/agents/session-activity/events?workspaceId=workspace","host":"127.0.0.1:6240","remoteAddress":"127.0.0.1","remotePort":48222},"msg":"incoming request"}
{"level":30,"time":1788995510353,"pid":87557,"hostname":"vps-15cf2c41","reqId":"req-l","res":{"statusCode":200},"responseTime":21.812229000002844,"msg":"request completed"}
{"level":30,"time":1788995512378,"pid":87557,"hostname":"vps-15cf2c41","reqId":"req-n","req":{"method":"POST","url":"/api/v1/agents/alpha/sessions","host":"127.0.0.1:6240","remoteAddress":"127.0.0.1","remotePort":48224},"msg":"incoming request"}
{"level":30,"time":1788995512408,"pid":87557,"hostname":"vps-15cf2c41","reqId":"req-n","res":{"statusCode":201},"responseTime":30.092904000004637,"msg":"request completed"}
{"level":30,"time":1788995512435,"pid":87557,"hostname":"vps-15cf2c41","reqId":"req-o","req":{"method":"GET","url":"/api/v1/agents/alpha/sessions?limit=50&archived=active","host":"127.0.0.1:6240","remoteAddress":"127.0.0.1","remotePort":48238},"msg":"incoming request"}
{"level":30,"time":1788995512479,"pid":87557,"hostname":"vps-15cf2c41","reqId":"req-o","res":{"statusCode":200},"responseTime":43.16752499999711,"msg":"request completed"}
{"level":30,"time":1788995512479,"pid":87557,"hostname":"vps-15cf2c41","reqId":"req-p","req":{"method":"GET","url":"/api/v1/ui/state","host":"127.0.0.1:6240","remoteAddress":"127.0.0.1","remotePort":48240},"msg":"incoming request"}
{"level":30,"time":1788995512480,"pid":87557,"hostname":"vps-15cf2c41","reqId":"req-p","res":{"statusCode":200},"responseTime":0.35544699999445584,"msg":"request completed"}
{"level":30,"time":1788995512495,"pid":87557,"hostname":"vps-15cf2c41","reqId":"req-q","req":{"method":"GET","url":"/api/v1/agents/alpha/sessions?limit=50&archived=archived","host":"127.0.0.1:6240","remoteAddress":"127.0.0.1","remotePort":48244},"msg":"incoming request"}
{"level":30,"time":1788995512500,"pid":87557,"hostname":"vps-15cf2c41","reqId":"req-r","req":{"method":"POST","url":"/api/v1/workspace-bridge/call","host":"127.0.0.1:6240","remoteAddress":"127.0.0.1","remotePort":48250},"msg":"incoming request"}
{"level":30,"time":1788995512501,"pid":87557,"hostname":"vps-15cf2c41","reqId":"req-r","res":{"statusCode":200},"responseTime":1.6103530000036699,"msg":"request completed"}
{"level":30,"time":1788995512511,"pid":87557,"hostname":"vps-15cf2c41","reqId":"req-q","res":{"statusCode":200},"responseTime":13.87536800000089,"msg":"request completed"}
{"level":30,"time":1788995512584,"pid":87557,"hostname":"vps-15cf2c41","reqId":"req-s","req":{"method":"GET","url":"/api/v1/agents/session-activity/events?workspaceId=workspace","host":"127.0.0.1:6240","remoteAddress":"127.0.0.1","remotePort":48262},"msg":"incoming request"}
{"level":30,"time":1788995513334,"pid":87557,"hostname":"vps-15cf2c41","reqId":"req-t","req":{"method":"PUT","url":"/api/v1/ui/state","host":"127.0.0.1:6240","remoteAddress":"127.0.0.1","remotePort":48266},"msg":"incoming request"}
{"level":30,"time":1788995513336,"pid":87557,"hostname":"vps-15cf2c41","reqId":"req-t","res":{"statusCode":204},"responseTime":1.570012999996834,"msg":"request completed"}
{"level":30,"time":1788995513343,"pid":87557,"hostname":"vps-15cf2c41","reqId":"req-u","req":{"method":"GET","url":"/api/v1/agents/alpha/models","host":"127.0.0.1:6240","remoteAddress":"127.0.0.1","remotePort":48268},"msg":"incoming request"}
{"level":30,"time":1788995513353,"pid":87557,"hostname":"vps-15cf2c41","reqId":"req-v","req":{"method":"GET","url":"/api/v1/agents/alpha/commands?sessionId=scripted-main","host":"127.0.0.1:6240","remoteAddress":"127.0.0.1","remotePort":48274},"msg":"incoming request"}
{"level":30,"time":1788995513358,"pid":87557,"hostname":"vps-15cf2c41","reqId":"req-w","req":{"method":"GET","url":"/api/v1/workspace/meta","host":"127.0.0.1:6240","remoteAddress":"127.0.0.1","remotePort":48290},"msg":"incoming request"}
{"level":30,"time":1788995513358,"pid":87557,"hostname":"vps-15cf2c41","reqId":"req-w","res":{"statusCode":200},"responseTime":0.5686069999937899,"msg":"request completed"}
{"level":30,"time":1788995513367,"pid":87557,"hostname":"vps-15cf2c41","reqId":"req-x","req":{"method":"GET","url":"/api/v1/workspace/meta","host":"127.0.0.1:6240","remoteAddress":"127.0.0.1","remotePort":48306},"msg":"incoming request"}
{"level":30,"time":1788995513367,"pid":87557,"hostname":"vps-15cf2c41","reqId":"req-x","res":{"statusCode":200},"responseTime":0.46290000000590226,"msg":"request completed"}
{"level":30,"time":1788995513381,"pid":87557,"hostname":"vps-15cf2c41","reqId":"req-u","res":{"statusCode":200},"responseTime":37.57685499999934,"msg":"request completed"}
{"level":30,"time":1788995513388,"pid":87557,"hostname":"vps-15cf2c41","reqId":"req-y","req":{"method":"GET","url":"/api/v1/agents/alpha/models","host":"127.0.0.1:6240","remoteAddress":"127.0.0.1","remotePort":48318},"msg":"incoming request"}
{"level":30,"time":1788995513391,"pid":87557,"hostname":"vps-15cf2c41","reqId":"req-v","res":{"statusCode":200},"responseTime":38.30283100000088,"msg":"request completed"}
{"level":30,"time":1788995513402,"pid":87557,"hostname":"vps-15cf2c41","reqId":"req-z","req":{"method":"GET","url":"/api/v1/agents/alpha/commands?sessionId=scripted-main","host":"127.0.0.1:6240","remoteAddress":"127.0.0.1","remotePort":48324},"msg":"incoming request"}
{"level":30,"time":1788995513411,"pid":87557,"hostname":"vps-15cf2c41","reqId":"req-y","res":{"statusCode":200},"responseTime":22.812778999999864,"msg":"request completed"}
{"level":30,"time":1788995513421,"pid":87557,"hostname":"vps-15cf2c41","reqId":"req-10","req":{"method":"GET","url":"/api/v1/agents/alpha/sessions/scripted-main/state","host":"127.0.0.1:6240","remoteAddress":"127.0.0.1","remotePort":48332},"msg":"incoming request"}
{"level":30,"time":1788995513424,"pid":87557,"hostname":"vps-15cf2c41","reqId":"req-z","res":{"statusCode":200},"responseTime":21.916631000000052,"msg":"request completed"}
{"level":30,"time":1788995513437,"pid":87557,"hostname":"vps-15cf2c41","reqId":"req-10","res":{"statusCode":200},"responseTime":16.075536999996984,"msg":"request completed"}
{"level":30,"time":1788995513513,"pid":87557,"hostname":"vps-15cf2c41","reqId":"req-11","req":{"method":"GET","url":"/api/v1/agents/alpha/models","host":"127.0.0.1:6240","remoteAddress":"127.0.0.1","remotePort":48344},"msg":"incoming request"}
{"level":30,"time":1788995513515,"pid":87557,"hostname":"vps-15cf2c41","reqId":"req-12","req":{"method":"GET","url":"/api/v1/agents/alpha/sessions/scripted-main/events?cursor=0","host":"127.0.0.1:6240","remoteAddress":"127.0.0.1","remotePort":48360},"msg":"incoming request"}
{"level":30,"time":1788995513526,"pid":87557,"hostname":"vps-15cf2c41","reqId":"req-11","res":{"statusCode":200},"responseTime":12.918615999995382,"msg":"request completed"}
{"level":30,"time":1788995517896,"pid":87557,"hostname":"vps-15cf2c41","reqId":"req-12","res":{"statusCode":200},"msg":"stream closed prematurely"}
{"level":30,"time":1788995520816,"pid":87557,"hostname":"vps-15cf2c41","reqId":"req-13","req":{"method":"GET","url":"/api/v1/workspace/meta","host":"127.0.0.1:6240","remoteAddress":"127.0.0.1","remotePort":49320},"msg":"incoming request"}
{"level":30,"time":1788995520817,"pid":87557,"hostname":"vps-15cf2c41","reqId":"req-13","res":{"statusCode":200},"responseTime":0.5125279999992927,"msg":"request completed"}
{"level":30,"time":1788995520823,"pid":87557,"hostname":"vps-15cf2c41","reqId":"req-14","req":{"method":"GET","url":"/api/v1/workspace/meta","host":"127.0.0.1:6240","remoteAddress":"127.0.0.1","remotePort":49336},"msg":"incoming request"}
{"level":30,"time":1788995520824,"pid":87557,"hostname":"vps-15cf2c41","reqId":"req-14","res":{"statusCode":200},"responseTime":0.4400600000008126,"msg":"request completed"}
{"level":30,"time":1788995520944,"pid":87557,"hostname":"vps-15cf2c41","reqId":"req-15","req":{"method":"GET","url":"/api/v1/tree?path=.","host":"127.0.0.1:6240","remoteAddress":"127.0.0.1","remotePort":49346},"msg":"incoming request"}
{"level":30,"time":1788995520950,"pid":87557,"hostname":"vps-15cf2c41","reqId":"req-16","req":{"method":"PUT","url":"/api/v1/ui/state","host":"127.0.0.1:6240","remoteAddress":"127.0.0.1","remotePort":49354},"msg":"incoming request"}
{"level":30,"time":1788995520951,"pid":87557,"hostname":"vps-15cf2c41","reqId":"req-16","res":{"statusCode":204},"responseTime":1.1457630000004428,"msg":"request completed"}
{"level":30,"time":1788995520958,"pid":87557,"hostname":"vps-15cf2c41","reqId":"req-17","req":{"method":"GET","url":"/api/v1/filesystems","host":"127.0.0.1:6240","remoteAddress":"127.0.0.1","remotePort":49370},"msg":"incoming request"}
{"level":30,"time":1788995520960,"pid":87557,"hostname":"vps-15cf2c41","reqId":"req-17","res":{"statusCode":200},"responseTime":1.6775219999981346,"msg":"request completed"}
{"level":30,"time":1788995520962,"pid":87557,"hostname":"vps-15cf2c41","reqId":"req-15","res":{"statusCode":200},"responseTime":18.20498200000293,"msg":"request completed"}
{"level":30,"time":1788995521006,"pid":87557,"hostname":"vps-15cf2c41","reqId":"req-18","req":{"method":"GET","url":"/api/v1/agents","host":"127.0.0.1:6240","remoteAddress":"127.0.0.1","remotePort":49378},"msg":"incoming request"}
{"level":30,"time":1788995521007,"pid":87557,"hostname":"vps-15cf2c41","reqId":"req-18","res":{"statusCode":200},"responseTime":0.5685540000049514,"msg":"request completed"}
{"level":30,"time":1788995521025,"pid":87557,"hostname":"vps-15cf2c41","reqId":"req-19","req":{"method":"PUT","url":"/api/v1/ui/state","host":"127.0.0.1:6240","remoteAddress":"127.0.0.1","remotePort":49384},"msg":"incoming request"}
{"level":30,"time":1788995521026,"pid":87557,"hostname":"vps-15cf2c41","reqId":"req-19","res":{"statusCode":204},"responseTime":1.0438609999982873,"msg":"request completed"}
{"level":30,"time":1788995521028,"pid":87557,"hostname":"vps-15cf2c41","reqId":"req-1a","req":{"method":"GET","url":"/api/v1/tree?path=.","host":"127.0.0.1:6240","remoteAddress":"127.0.0.1","remotePort":49392},"msg":"incoming request"}
{"level":30,"time":1788995521030,"pid":87557,"hostname":"vps-15cf2c41","reqId":"req-1b","req":{"method":"GET","url":"/api/v1/filesystems","host":"127.0.0.1:6240","remoteAddress":"127.0.0.1","remotePort":49402},"msg":"incoming request"}
{"level":30,"time":1788995521031,"pid":87557,"hostname":"vps-15cf2c41","reqId":"req-1b","res":{"statusCode":200},"responseTime":0.752078999998048,"msg":"request completed"}
{"level":30,"time":1788995521047,"pid":87557,"hostname":"vps-15cf2c41","reqId":"req-1a","res":{"statusCode":200},"responseTime":16.656206999999995,"msg":"request completed"}
{"level":30,"time":1788995521114,"pid":87557,"hostname":"vps-15cf2c41","reqId":"req-1c","req":{"method":"GET","url":"/api/v1/fs/events?workspaceId=workspace","host":"127.0.0.1:6240","remoteAddress":"127.0.0.1","remotePort":49406},"msg":"incoming request"}
{"level":30,"time":1788995521127,"pid":87557,"hostname":"vps-15cf2c41","reqId":"req-1d","req":{"method":"GET","url":"/api/v1/ui/state","host":"127.0.0.1:6240","remoteAddress":"127.0.0.1","remotePort":49418},"msg":"incoming request"}
{"level":30,"time":1788995521129,"pid":87557,"hostname":"vps-15cf2c41","reqId":"req-1d","res":{"statusCode":200},"responseTime":0.6387459999968996,"msg":"request completed"}
{"level":30,"time":1788995521130,"pid":87557,"hostname":"vps-15cf2c41","reqId":"req-1e","req":{"method":"GET","url":"/api/v1/ui/commands/next?workspaceId=workspace","host":"127.0.0.1:6240","remoteAddress":"127.0.0.1","remotePort":49420},"msg":"incoming request"}
{"level":30,"time":1788995521191,"pid":87557,"hostname":"vps-15cf2c41","reqId":"req-1f","req":{"method":"GET","url":"/api/v1/agents/alpha/sessions?limit=50&archived=active","host":"127.0.0.1:6240","remoteAddress":"127.0.0.1","remotePort":49424},"msg":"incoming request"}
{"level":30,"time":1788995521203,"pid":87557,"hostname":"vps-15cf2c41","reqId":"req-1g","req":{"method":"GET","url":"/api/v1/tree?path=.","host":"127.0.0.1:6240","remoteAddress":"127.0.0.1","remotePort":49434},"msg":"incoming request"}
{"level":30,"time":1788995521205,"pid":87557,"hostname":"vps-15cf2c41","reqId":"req-1h","req":{"method":"GET","url":"/api/v1/agents/alpha/ready-status","host":"127.0.0.1:6240","remoteAddress":"127.0.0.1","remotePort":49444},"msg":"incoming request"}
{"level":30,"time":1788995521212,"pid":87557,"hostname":"vps-15cf2c41","reqId":"req-1g","res":{"statusCode":200},"responseTime":8.279728000001342,"msg":"request completed"}
{"level":30,"time":1788995521220,"pid":87557,"hostname":"vps-15cf2c41","reqId":"req-1i","req":{"method":"GET","url":"/api/v1/tree?path=.","host":"127.0.0.1:6240","remoteAddress":"127.0.0.1","remotePort":49448},"msg":"incoming request"}
{"level":30,"time":1788995521227,"pid":87557,"hostname":"vps-15cf2c41","reqId":"req-1i","res":{"statusCode":200},"responseTime":5.64221300000645,"msg":"request completed"}
{"level":30,"time":1788995521237,"pid":87557,"hostname":"vps-15cf2c41","reqId":"req-1f","res":{"statusCode":200},"responseTime":40.067823000004864,"msg":"request completed"}
{"level":30,"time":1788995521241,"pid":87557,"hostname":"vps-15cf2c41","reqId":"req-1h","res":{"statusCode":200},"responseTime":35.67176599999948,"msg":"request completed"}
{"level":30,"time":1788995521245,"pid":87557,"hostname":"vps-15cf2c41","reqId":"req-1j","req":{"method":"GET","url":"/api/v1/agents/alpha/sessions?limit=50&archived=active","host":"127.0.0.1:6240","remoteAddress":"127.0.0.1","remotePort":49454},"msg":"incoming request"}
{"level":30,"time":1788995521250,"pid":87557,"hostname":"vps-15cf2c41","reqId":"req-1k","req":{"method":"GET","url":"/api/v1/agents/alpha/ready-status","host":"127.0.0.1:6240","remoteAddress":"127.0.0.1","remotePort":49470},"msg":"incoming request"}
{"level":30,"time":1788995521265,"pid":87557,"hostname":"vps-15cf2c41","reqId":"req-1k","res":{"statusCode":200},"responseTime":13.065876000000571,"msg":"request completed"}
{"level":30,"time":1788995521270,"pid":87557,"hostname":"vps-15cf2c41","reqId":"req-1j","res":{"statusCode":200},"responseTime":24.664050999999745,"msg":"request completed"}
{"level":30,"time":1788995521287,"pid":87557,"hostname":"vps-15cf2c41","reqId":"req-1l","req":{"method":"GET","url":"/api/v1/ui/state","host":"127.0.0.1:6240","remoteAddress":"127.0.0.1","remotePort":49472},"msg":"incoming request"}
{"level":30,"time":1788995521288,"pid":87557,"hostname":"vps-15cf2c41","reqId":"req-1l","res":{"statusCode":200},"responseTime":0.5526039999967907,"msg":"request completed"}
{"level":30,"time":1788995521339,"pid":87557,"hostname":"vps-15cf2c41","reqId":"req-1m","req":{"method":"POST","url":"/api/v1/workspace-bridge/call","host":"127.0.0.1:6240","remoteAddress":"127.0.0.1","remotePort":49474},"msg":"incoming request"}
{"level":30,"time":1788995521341,"pid":87557,"hostname":"vps-15cf2c41","reqId":"req-1m","res":{"statusCode":200},"responseTime":1.710635999996157,"msg":"request completed"}
{"level":30,"time":1788995521378,"pid":87557,"hostname":"vps-15cf2c41","reqId":"req-1n","req":{"method":"GET","url":"/api/v1/agents/alpha/sessions?limit=50&archived=archived","host":"127.0.0.1:6240","remoteAddress":"127.0.0.1","remotePort":49484},"msg":"incoming request"}
{"level":30,"time":1788995521383,"pid":87557,"hostname":"vps-15cf2c41","reqId":"req-1o","req":{"method":"GET","url":"/api/v1/agents/session-activity/events?workspaceId=workspace","host":"127.0.0.1:6240","remoteAddress":"127.0.0.1","remotePort":49496},"msg":"incoming request"}
{"level":30,"time":1788995521393,"pid":87557,"hostname":"vps-15cf2c41","reqId":"req-1n","res":{"statusCode":200},"responseTime":14.127117000003636,"msg":"request completed"}
{"level":30,"time":1788995523422,"pid":87557,"hostname":"vps-15cf2c41","reqId":"req-1p","req":{"method":"POST","url":"/api/v1/agents/alpha/sessions","host":"127.0.0.1:6240","remoteAddress":"127.0.0.1","remotePort":49504},"msg":"incoming request"}
{"level":30,"time":1788995523437,"pid":87557,"hostname":"vps-15cf2c41","reqId":"req-1p","res":{"statusCode":201},"responseTime":14.89051599999948,"msg":"request completed"}
{"level":30,"time":1788995523465,"pid":87557,"hostname":"vps-15cf2c41","reqId":"req-1q","req":{"method":"GET","url":"/api/v1/agents/alpha/sessions?limit=50&archived=active","host":"127.0.0.1:6240","remoteAddress":"127.0.0.1","remotePort":49520},"msg":"incoming request"}
{"level":30,"time":1788995523489,"pid":87557,"hostname":"vps-15cf2c41","reqId":"req-1q","res":{"statusCode":200},"responseTime":23.613815999997314,"msg":"request completed"}
{"level":30,"time":1788995523500,"pid":87557,"hostname":"vps-15cf2c41","reqId":"req-1r","req":{"method":"GET","url":"/api/v1/ui/state","host":"127.0.0.1:6240","remoteAddress":"127.0.0.1","remotePort":49526},"msg":"incoming request"}
{"level":30,"time":1788995523500,"pid":87557,"hostname":"vps-15cf2c41","reqId":"req-1r","res":{"statusCode":200},"responseTime":0.5102160000024014,"msg":"request completed"}
{"level":30,"time":1788995523509,"pid":87557,"hostname":"vps-15cf2c41","reqId":"req-1s","req":{"method":"GET","url":"/api/v1/agents/alpha/sessions?limit=50&archived=archived","host":"127.0.0.1:6240","remoteAddress":"127.0.0.1","remotePort":49536},"msg":"incoming request"}
{"level":30,"time":1788995523512,"pid":87557,"hostname":"vps-15cf2c41","reqId":"req-1t","req":{"method":"POST","url":"/api/v1/workspace-bridge/call","host":"127.0.0.1:6240","remoteAddress":"127.0.0.1","remotePort":49544},"msg":"incoming request"}
{"level":30,"time":1788995523514,"pid":87557,"hostname":"vps-15cf2c41","reqId":"req-1t","res":{"statusCode":200},"responseTime":1.539572000001499,"msg":"request completed"}
{"level":30,"time":1788995523526,"pid":87557,"hostname":"vps-15cf2c41","reqId":"req-1s","res":{"statusCode":200},"responseTime":17.02637600000162,"msg":"request completed"}
{"level":30,"time":1788995523587,"pid":87557,"hostname":"vps-15cf2c41","reqId":"req-1u","req":{"method":"GET","url":"/api/v1/agents/session-activity/events?workspaceId=workspace","host":"127.0.0.1:6240","remoteAddress":"127.0.0.1","remotePort":49560},"msg":"incoming request"}
[2026-09-09T23:12:05.449Z WARN  chromiumoxide::handler] WS Invalid message: data did not match any variant of untagged enum Message
[2026-09-09T23:12:05.465Z WARN  chromiumoxide::handler] WS Invalid message: data did not match any variant of untagged enum Message
[2026-09-09T23:12:05.469Z WARN  chromiumoxide::handler] WS Invalid message: data did not match any variant of untagged enum Message
[2026-09-09T23:12:05.514Z WARN  chromiumoxide::handler] WS Invalid message: data did not match any variant of untagged enum Message
[2026-09-09T23:12:05.628Z WARN  chromiumoxide::handler] WS Invalid message: data did not match any variant of untagged enum Message
[2026-09-09T23:12:05.631Z WARN  chromiumoxide::handler] WS Invalid message: data did not match any variant of untagged enum Message
[2026-09-09T23:12:05.633Z WARN  chromiumoxide::handler] WS Invalid message: data did not match any variant of untagged enum Message
[2026-09-09T23:12:05.638Z WARN  chromiumoxide::handler] WS Invalid message: data did not match any variant of untagged enum Message
[2026-09-09T23:12:05.638Z WARN  chromiumoxide::handler] WS Invalid message: data did not match any variant of untagged enum Message
[2026-09-09T23:12:05.638Z WARN  chromiumoxide::handler] WS Invalid message: data did not match any variant of untagged enum Message
[2026-09-09T23:12:05.640Z WARN  chromiumoxide::handler] WS Invalid message: data did not match any variant of untagged enum Message
[2026-09-09T23:12:05.717Z WARN  chromiumoxide::handler] WS Invalid message: data did not match any variant of untagged enum Message
[2026-09-09T23:12:05.719Z WARN  chromiumoxide::handler] WS Invalid message: data did not match any variant of untagged enum Message
[2026-09-09T23:12:06.088Z WARN  chromiumoxide::handler] WS Invalid message: data did not match any variant of untagged enum Message
[2026-09-09T23:12:06.093Z WARN  chromiumoxide::handler] WS Invalid message: data did not match any variant of untagged enum Message
[2026-09-09T23:12:06.094Z WARN  chromiumoxide::handler] WS Invalid message: data did not match any variant of untagged enum Message
[2026-09-09T23:12:06.094Z WARN  chromiumoxide::handler] WS Invalid message: data did not match any variant of untagged enum Message
[2026-09-09T23:12:06.094Z WARN  chromiumoxide::handler] WS Invalid message: data did not match any variant of untagged enum Message
[2026-09-09T23:12:06.094Z WARN  chromiumoxide::handler] WS Invalid message: data did not match any variant of untagged enum Message
[2026-09-09T23:12:06.136Z WARN  chromiumoxide::handler] WS Invalid message: data did not match any variant of untagged enum Message
[2026-09-09T23:12:06.139Z WARN  chromiumoxide::handler] WS Invalid message: data did not match any variant of untagged enum Message
[2026-09-09T23:12:06.341Z WARN  chromiumoxide::handler] WS Invalid message: data did not match any variant of untagged enum Message
[2026-09-09T23:12:06.353Z WARN  chromiumoxide::handler] WS Invalid message: data did not match any variant of untagged enum Message
[2026-09-09T23:12:06.392Z WARN  chromiumoxide::handler] WS Invalid message: data did not match any variant of untagged enum Message
[2026-09-09T23:12:06.496Z WARN  chromiumoxide::handler] WS Invalid message: data did not match any variant of untagged enum Message
[2026-09-09T23:12:06.497Z WARN  chromiumoxide::handler] WS Invalid message: data did not match any variant of untagged enum Message
[2026-09-09T23:12:06.497Z WARN  chromiumoxide::handler] WS Invalid message: data did not match any variant of untagged enum Message
[2026-09-09T23:12:06.497Z WARN  chromiumoxide::handler] WS Invalid message: data did not match any variant of untagged enum Message
[2026-09-09T23:12:06.497Z WARN  chromiumoxide::handler] WS Invalid message: data did not match any variant of untagged enum Message
[2026-09-09T23:12:06.497Z WARN  chromiumoxide::handler] WS Invalid message: data did not match any variant of untagged enum Message
[2026-09-09T23:12:06.556Z WARN  chromiumoxide::handler] WS Invalid message: data did not match any variant of untagged enum Message
[2026-09-09T23:12:06.605Z WARN  chromiumoxide::handler] WS Invalid message: data did not match any variant of untagged enum Message
[2026-09-09T23:12:06.606Z WARN  chromiumoxide::handler] WS Invalid message: data did not match any variant of untagged enum Message
[2026-09-09T23:12:06.614Z WARN  chromiumoxide::handler] WS Invalid message: data did not match any variant of untagged enum Message
[2026-09-09T23:12:06.616Z WARN  chromiumoxide::handler] WS Invalid message: data did not match any variant of untagged enum Message
[2026-09-09T23:12:06.616Z WARN  chromiumoxide::handler] WS Invalid message: data did not match any variant of untagged enum Message
[2026-09-09T23:12:06.661Z WARN  chromiumoxide::handler] WS Invalid message: data did not match any variant of untagged enum Message
[2026-09-09T23:12:06.689Z WARN  chromiumoxide::handler] WS Invalid message: data did not match any variant of untagged enum Message
[2026-09-09T23:12:06.697Z WARN  chromiumoxide::handler] WS Invalid message: data did not match any variant of untagged enum Message
[2026-09-09T23:12:06.698Z WARN  chromiumoxide::handler] WS Invalid message: data did not match any variant of untagged enum Message
[2026-09-09T23:12:06.698Z WARN  chromiumoxide::handler] WS Invalid message: data did not match any variant of untagged enum Message
[2026-09-09T23:12:06.701Z WARN  chromiumoxide::handler] WS Invalid message: data did not match any variant of untagged enum Message
[2026-09-09T23:12:06.701Z WARN  chromiumoxide::handler] WS Invalid message: data did not match any variant of untagged enum Message
[2026-09-09T23:12:06.701Z WARN  chromiumoxide::handler] WS Invalid message: data did not match any variant of untagged enum Message
[2026-09-09T23:12:06.718Z WARN  chromiumoxide::handler] WS Invalid message: data did not match any variant of untagged enum Message
[2026-09-09T23:12:06.718Z WARN  chromiumoxide::handler] WS Invalid message: data did not match any variant of untagged enum Message
[2026-09-09T23:12:06.718Z WARN  chromiumoxide::handler] WS Invalid message: data did not match any variant of untagged enum Message
[2026-09-09T23:12:06.754Z WARN  chromiumoxide::handler] WS Invalid message: data did not match any variant of untagged enum Message
[2026-09-09T23:12:06.765Z WARN  chromiumoxide::handler] WS Invalid message: data did not match any variant of untagged enum Message
[2026-09-09T23:12:06.765Z WARN  chromiumoxide::handler] WS Invalid message: data did not match any variant of untagged enum Message
[2026-09-09T23:12:06.771Z WARN  chromiumoxide::handler] WS Invalid message: data did not match any variant of untagged enum Message
[2026-09-09T23:12:06.773Z WARN  chromiumoxide::handler] WS Invalid message: data did not match any variant of untagged enum Message
[2026-09-09T23:12:06.773Z WARN  chromiumoxide::handler] WS Invalid message: data did not match any variant of untagged enum Message
[2026-09-09T23:12:06.773Z WARN  chromiumoxide::handler] WS Invalid message: data did not match any variant of untagged enum Message
[2026-09-09T23:12:06.905Z WARN  chromiumoxide::handler] WS Invalid message: data did not match any variant of untagged enum Message
[2026-09-09T23:12:06.905Z WARN  chromiumoxide::handler] WS Invalid message: data did not match any variant of untagged enum Message
[2026-09-09T23:12:06.905Z WARN  chromiumoxide::handler] WS Invalid message: data did not match any variant of untagged enum Message
[2026-09-09T23:12:06.905Z WARN  chromiumoxide::handler] WS Invalid message: data did not match any variant of untagged enum Message
[2026-09-09T23:12:06.905Z WARN  chromiumoxide::handler] WS Invalid message: data did not match any variant of untagged enum Message
[2026-09-09T23:12:06.905Z WARN  chromiumoxide::handler] WS Invalid message: data did not match any variant of untagged enum Message
[2026-09-09T23:12:06.905Z WARN  chromiumoxide::handler] WS Invalid message: data did not match any variant of untagged enum Message
[2026-09-09T23:12:07.289Z WARN  chromiumoxide::handler] WS Invalid message: data did not match any variant of untagged enum Message
[2026-09-09T23:12:07.289Z WARN  chromiumoxide::handler] WS Invalid message: data did not match any variant of untagged enum Message
[2026-09-09T23:12:07.293Z WARN  chromiumoxide::handler] WS Invalid message: data did not match any variant of untagged enum Message
[2026-09-09T23:12:07.300Z WARN  chromiumoxide::handler] WS Invalid message: data did not match any variant of untagged enum Message
[2026-09-09T23:12:07.304Z WARN  chromiumoxide::handler] WS Invalid message: data did not match any variant of untagged enum Message
[2026-09-09T23:12:07.344Z WARN  chromiumoxide::handler] WS Invalid message: data did not match any variant of untagged enum Message
[2026-09-09T23:12:07.345Z WARN  chromiumoxide::handler] WS Invalid message: data did not match any variant of untagged enum Message
[2026-09-09T23:12:07.346Z WARN  chromiumoxide::handler] WS Invalid message: data did not match any variant of untagged enum Message
[2026-09-09T23:12:07.346Z WARN  chromiumoxide::handler] WS Invalid message: data did not match any variant of untagged enum Message
[2026-09-09T23:12:07.346Z WARN  chromiumoxide::handler] WS Invalid message: data did not match any variant of untagged enum Message
[2026-09-09T23:12:07.346Z WARN  chromiumoxide::handler] WS Invalid message: data did not match any variant of untagged enum Message
[2026-09-09T23:12:07.347Z WARN  chromiumoxide::handler] WS Invalid message: data did not match any variant of untagged enum Message
[2026-09-09T23:12:07.347Z WARN  chromiumoxide::handler] WS Invalid message: data did not match any variant of untagged enum Message
[2026-09-09T23:12:07.347Z WARN  chromiumoxide::handler] WS Invalid message: data did not match any variant of untagged enum Message
[2026-09-09T23:12:07.347Z WARN  chromiumoxide::handler] WS Invalid message: data did not match any variant of untagged enum Message
[2026-09-09T23:12:07.347Z WARN  chromiumoxide::handler] WS Invalid message: data did not match any variant of untagged enum Message
[2026-09-09T23:12:07.347Z WARN  chromiumoxide::handler] WS Invalid message: data did not match any variant of untagged enum Message
[2026-09-09T23:12:07.363Z WARN  chromiumoxide::handler] WS Invalid message: data did not match any variant of untagged enum Message
[2026-09-09T23:12:07.363Z WARN  chromiumoxide::handler] WS Invalid message: data did not match any variant of untagged enum Message
[2026-09-09T23:12:07.363Z WARN  chromiumoxide::handler] WS Invalid message: data did not match any variant of untagged enum Message
[2026-09-09T23:12:07.439Z WARN  chromiumoxide::handler] WS Invalid message: data did not match any variant of untagged enum Message
[2026-09-09T23:12:07.439Z WARN  chromiumoxide::handler] WS Invalid message: data did not match any variant of untagged enum Message
[2026-09-09T23:12:07.439Z WARN  chromiumoxide::handler] WS Invalid message: data did not match any variant of untagged enum Message
[2026-09-09T23:12:07.449Z WARN  chromiumoxide::handler] WS Invalid message: data did not match any variant of untagged enum Message
[2026-09-09T23:12:07.449Z WARN  chromiumoxide::handler] WS Invalid message: data did not match any variant of untagged enum Message
[2026-09-09T23:12:07.510Z WARN  chromiumoxide::handler] WS Invalid message: data did not match any variant of untagged enum Message
[2026-09-09T23:12:07.510Z WARN  chromiumoxide::handler] WS Invalid message: data did not match any variant of untagged enum Message
[2026-09-09T23:12:07.510Z WARN  chromiumoxide::handler] WS Invalid message: data did not match any variant of untagged enum Message
[2026-09-09T23:12:07.511Z WARN  chromiumoxide::handler] WS Invalid message: data did not match any variant of untagged enum Message
[2026-09-09T23:12:07.511Z WARN  chromiumoxide::handler] WS Invalid message: data did not match any variant of untagged enum Message
[2026-09-09T23:12:07.511Z WARN  chromiumoxide::handler] WS Invalid message: data did not match any variant of untagged enum Message
[2026-09-09T23:12:07.523Z WARN  chromiumoxide::handler] WS Invalid message: data did not match any variant of untagged enum Message
[2026-09-09T23:12:07.537Z WARN  chromiumoxide::handler] WS Invalid message: data did not match any variant of untagged enum Message
[2026-09-09T23:12:07.537Z WARN  chromiumoxide::handler] WS Invalid message: data did not match any variant of untagged enum Message
[2026-09-09T23:12:07.537Z WARN  chromiumoxide::handler] WS Invalid message: data did not match any variant of untagged enum Message
[2026-09-09T23:12:07.537Z WARN  chromiumoxide::handler] WS Invalid message: data did not match any variant of untagged enum Message
[2026-09-09T23:12:07.537Z WARN  chromiumoxide::handler] WS Invalid message: data did not match any variant of untagged enum Message
[2026-09-09T23:12:07.544Z WARN  chromiumoxide::handler] WS Invalid message: data did not match any variant of untagged enum Message
[2026-09-09T23:12:07.544Z WARN  chromiumoxide::handler] WS Invalid message: data did not match any variant of untagged enum Message
[2026-09-09T23:12:07.545Z WARN  chromiumoxide::handler] WS Invalid message: data did not match any variant of untagged enum Message
[2026-09-09T23:12:07.545Z WARN  chromiumoxide::handler] WS Invalid message: data did not match any variant of untagged enum Message
[2026-09-09T23:12:07.545Z WARN  chromiumoxide::handler] WS Invalid message: data did not match any variant of untagged enum Message
[2026-09-09T23:12:07.545Z WARN  chromiumoxide::handler] WS Invalid message: data did not match any variant of untagged enum Message
[2026-09-09T23:12:07.551Z WARN  chromiumoxide::handler] WS Invalid message: data did not match any variant of untagged enum Message
[2026-09-09T23:12:07.578Z WARN  chromiumoxide::handler] WS Invalid message: data did not match any variant of untagged enum Message
[2026-09-09T23:12:07.616Z WARN  chromiumoxide::handler] WS Invalid message: data did not match any variant of untagged enum Message
[2026-09-09T23:12:07.621Z WARN  chromiumoxide::handler] WS Invalid message: data did not match any variant of untagged enum Message
[2026-09-09T23:12:07.621Z WARN  chromiumoxide::handler] WS Invalid message: data did not match any variant of untagged enum Message
[2026-09-09T23:12:07.621Z WARN  chromiumoxide::handler] WS Invalid message: data did not match any variant of untagged enum Message
[2026-09-09T23:12:07.621Z WARN  chromiumoxide::handler] WS Invalid message: data did not match any variant of untagged enum Message
[2026-09-09T23:12:07.643Z WARN  chromiumoxide::handler] WS Invalid message: data did not match any variant of untagged enum Message
[2026-09-09T23:12:07.643Z WARN  chromiumoxide::handler] WS Invalid message: data did not match any variant of untagged enum Message
[2026-09-09T23:12:07.643Z WARN  chromiumoxide::handler] WS Invalid message: data did not match any variant of untagged enum Message
[2026-09-09T23:12:07.643Z WARN  chromiumoxide::handler] WS Invalid message: data did not match any variant of untagged enum Message
[2026-09-09T23:12:07.643Z WARN  chromiumoxide::handler] WS Invalid message: data did not match any variant of untagged enum Message
[2026-09-09T23:12:07.653Z WARN  chromiumoxide::handler] WS Invalid message: data did not match any variant of untagged enum Message
[2026-09-09T23:12:07.656Z WARN  chromiumoxide::handler] WS Invalid message: data did not match any variant of untagged enum Message
[2026-09-09T23:12:07.683Z WARN  chromiumoxide::handler] WS Invalid message: data did not match any variant of untagged enum Message
[2026-09-09T23:12:07.683Z WARN  chromiumoxide::handler] WS Invalid message: data did not match any variant of untagged enum Message
[2026-09-09T23:12:07.714Z WARN  chromiumoxide::handler] WS Invalid message: data did not match any variant of untagged enum Message
[2026-09-09T23:12:07.714Z WARN  chromiumoxide::handler] WS Invalid message: data did not match any variant of untagged enum Message
[2026-09-09T23:12:07.714Z WARN  chromiumoxide::handler] WS Invalid message: data did not match any variant of untagged enum Message
[2026-09-09T23:12:08.164Z WARN  chromiumoxide::handler] WS Invalid message: data did not match any variant of untagged enum Message
[2026-09-09T23:12:08.164Z WARN  chromiumoxide::handler] WS Invalid message: data did not match any variant of untagged enum Message
[2026-09-09T23:12:08.164Z WARN  chromiumoxide::handler] WS Invalid message: data did not match any variant of untagged enum Message
[2026-09-09T23:12:08.164Z WARN  chromiumoxide::handler] WS Invalid message: data did not match any variant of untagged enum Message
[2026-09-09T23:12:08.164Z WARN  chromiumoxide::handler] WS Invalid message: data did not match any variant of untagged enum Message
[2026-09-09T23:12:08.164Z WARN  chromiumoxide::handler] WS Invalid message: data did not match any variant of untagged enum Message
[2026-09-09T23:12:08.164Z WARN  chromiumoxide::handler] WS Invalid message: data did not match any variant of untagged enum Message
[2026-09-09T23:12:08.164Z WARN  chromiumoxide::handler] WS Invalid message: data did not match any variant of untagged enum Message
[2026-09-09T23:12:08.165Z WARN  chromiumoxide::handler] WS Invalid message: data did not match any variant of untagged enum Message
[2026-09-09T23:12:08.165Z WARN  chromiumoxide::handler] WS Invalid message: data did not match any variant of untagged enum Message
[2026-09-09T23:12:08.166Z WARN  chromiumoxide::handler] WS Invalid message: data did not match any variant of untagged enum Message
[2026-09-09T23:12:08.166Z WARN  chromiumoxide::handler] WS Invalid message: data did not match any variant of untagged enum Message
[2026-09-09T23:12:08.472Z WARN  chromiumoxide::handler] WS Invalid message: data did not match any variant of untagged enum Message
[2026-09-09T23:12:08.484Z WARN  chromiumoxide::handler] WS Invalid message: data did not match any variant of untagged enum Message
[2026-09-09T23:12:08.512Z WARN  chromiumoxide::handler] WS Invalid message: data did not match any variant of untagged enum Message
[2026-09-09T23:12:08.512Z WARN  chromiumoxide::handler] WS Invalid message: data did not match any variant of untagged enum Message
[2026-09-09T23:12:08.512Z WARN  chromiumoxide::handler] WS Invalid message: data did not match any variant of untagged enum Message
[2026-09-09T23:12:08.512Z WARN  chromiumoxide::handler] WS Invalid message: data did not match any variant of untagged enum Message
[2026-09-09T23:12:08.512Z WARN  chromiumoxide::handler] WS Invalid message: data did not match any variant of untagged enum Message
[2026-09-09T23:12:08.512Z WARN  chromiumoxide::handler] WS Invalid message: data did not match any variant of untagged enum Message
[2026-09-09T23:12:08.544Z WARN  chromiumoxide::handler] WS Invalid message: data did not match any variant of untagged enum Message
[2026-09-09T23:12:08.549Z WARN  chromiumoxide::handler] WS Invalid message: data did not match any variant of untagged enum Message
[2026-09-09T23:12:08.550Z WARN  chromiumoxide::handler] WS Invalid message: data did not match any variant of untagged enum Message
[2026-09-09T23:12:08.550Z WARN  chromiumoxide::handler] WS Invalid message: data did not match any variant of untagged enum Message
[2026-09-09T23:12:08.550Z WARN  chromiumoxide::handler] WS Invalid message: data did not match any variant of untagged enum Message
[2026-09-09T23:12:08.550Z WARN  chromiumoxide::handler] WS Invalid message: data did not match any variant of untagged enum Message
[2026-09-09T23:12:08.551Z WARN  chromiumoxide::handler] WS Invalid message: data did not match any variant of untagged enum Message
[2026-09-09T23:12:08.671Z WARN  chromiumoxide::handler] WS Invalid message: data did not match any variant of untagged enum Message
[2026-09-09T23:12:08.671Z WARN  chromiumoxide::handler] WS Invalid message: data did not match any variant of untagged enum Message
[2026-09-09T23:12:08.671Z WARN  chromiumoxide::handler] WS Invalid message: data did not match any variant of untagged enum Message
[2026-09-09T23:12:08.672Z WARN  chromiumoxide::handler] WS Invalid message: data did not match any variant of untagged enum Message
[2026-09-09T23:12:08.672Z WARN  chromiumoxide::handler] WS Invalid message: data did not match any variant of untagged enum Message
[2026-09-09T23:12:08.672Z WARN  chromiumoxide::handler] WS Invalid message: data did not match any variant of untagged enum Message
[2026-09-09T23:12:08.673Z WARN  chromiumoxide::handler] WS Invalid message: data did not match any variant of untagged enum Message
[2026-09-09T23:12:08.673Z WARN  chromiumoxide::handler] WS Invalid message: data did not match any variant of untagged enum Message
[2026-09-09T23:12:08.673Z WARN  chromiumoxide::handler] WS Invalid message: data did not match any variant of untagged enum Message
[2026-09-09T23:12:08.752Z WARN  chromiumoxide::handler] WS Invalid message: data did not match any variant of untagged enum Message
[2026-09-09T23:12:08.782Z WARN  chromiumoxide::handler] WS Invalid message: data did not match any variant of untagged enum Message
[2026-09-09T23:12:08.784Z WARN  chromiumoxide::handler] WS Invalid message: data did not match any variant of untagged enum Message
[2026-09-09T23:12:08.789Z WARN  chromiumoxide::handler] WS Invalid message: data did not match any variant of untagged enum Message
[2026-09-09T23:12:08.790Z WARN  chromiumoxide::handler] WS Invalid message: data did not match any variant of untagged enum Message
[2026-09-09T23:12:08.801Z WARN  chromiumoxide::handler] WS Invalid message: data did not match any variant of untagged enum Message
[2026-09-09T23:12:08.801Z WARN  chromiumoxide::handler] WS Invalid message: data did not match any variant of untagged enum Message
[2026-09-09T23:12:08.885Z WARN  chromiumoxide::handler] WS Invalid message: data did not match any variant of untagged enum Message
[2026-09-09T23:12:08.886Z WARN  chromiumoxide::handler] WS Invalid message: data did not match any variant of untagged enum Message
[2026-09-09T23:12:08.893Z WARN  chromiumoxide::handler] WS Invalid message: data did not match any variant of untagged enum Message
[2026-09-09T23:12:08.893Z WARN  chromiumoxide::handler] WS Invalid message: data did not match any variant of untagged enum Message
[2026-09-09T23:12:08.894Z WARN  chromiumoxide::handler] WS Invalid message: data did not match any variant of untagged enum Message
[2026-09-09T23:12:08.895Z WARN  chromiumoxide::handler] WS Invalid message: data did not match any variant of untagged enum Message
[2026-09-09T23:12:08.947Z WARN  chromiumoxide::handler] WS Invalid message: data did not match any variant of untagged enum Message
[2026-09-09T23:12:09.345Z WARN  chromiumoxide::handler] WS Invalid message: data did not match any variant of untagged enum Message
[2026-09-09T23:12:09.376Z WARN  chromiumoxide::handler] WS Invalid message: data did not match any variant of untagged enum Message
[2026-09-09T23:12:09.390Z WARN  chromiumoxide::handler] WS Invalid message: data did not match any variant of untagged enum Message
[2026-09-09T23:12:09.412Z WARN  chromiumoxide::handler] WS Invalid message: data did not match any variant of untagged enum Message
[2026-09-09T23:12:09.446Z WARN  chromiumoxide::handler] WS Invalid message: data did not match any variant of untagged enum Message
[2026-09-09T23:12:09.446Z WARN  chromiumoxide::handler] WS Invalid message: data did not match any variant of untagged enum Message
[2026-09-09T23:12:09.460Z WARN  chromiumoxide::handler] WS Invalid message: data did not match any variant of untagged enum Message
[2026-09-09T23:12:09.460Z WARN  chromiumoxide::handler] WS Invalid message: data did not match any variant of untagged enum Message
[2026-09-09T23:12:09.869Z WARN  chromiumoxide::handler] WS Invalid message: data did not match any variant of untagged enum Message
[2026-09-09T23:12:10.021Z WARN  chromiumoxide::handler] WS Invalid message: data did not match any variant of untagged enum Message
[2026-09-09T23:12:11.168Z WARN  chromiumoxide::handler] WS Invalid message: data did not match any variant of untagged enum Message
[2026-09-09T23:12:11.717Z WARN  chromiumoxide::handler] WS Invalid message: data did not match any variant of untagged enum Message
[2026-09-09T23:12:11.717Z WARN  chromiumoxide::handler] WS Invalid message: data did not match any variant of untagged enum Message
[2026-09-09T23:12:13.692Z WARN  chromiumoxide::handler] WS Invalid message: data did not match any variant of untagged enum Message
[2026-09-09T23:12:13.763Z WARN  chromiumoxide::handler] WS Invalid message: data did not match any variant of untagged enum Message
[2026-09-09T23:12:13.763Z WARN  chromiumoxide::handler] WS Invalid message: data did not match any variant of untagged enum Message
[2026-09-09T23:12:13.763Z WARN  chromiumoxide::handler] WS Invalid message: data did not match any variant of untagged enum Message
[2026-09-09T23:12:14.004Z WARN  chromiumoxide::handler] WS Invalid message: data did not match any variant of untagged enum Message
[2026-09-09T23:12:14.004Z WARN  chromiumoxide::handler] WS Invalid message: data did not match any variant of untagged enum Message
[2026-09-09T23:12:14.010Z WARN  chromiumoxide::handler] WS Invalid message: data did not match any variant of untagged enum Message
{"level":30,"time":1788995534012,"pid":87557,"hostname":"vps-15cf2c41","reqId":"req-1v","req":{"method":"GET","url":"/api/v1/workspace/meta","host":"127.0.0.1:6240","remoteAddress":"127.0.0.1","remotePort":56730},"msg":"incoming request"}
{"level":30,"time":1788995534014,"pid":87557,"hostname":"vps-15cf2c41","reqId":"req-1v","res":{"statusCode":200},"responseTime":1.8986639999930048,"msg":"request completed"}
[2026-09-09T23:12:14.016Z WARN  chromiumoxide::handler] WS Invalid message: data did not match any variant of untagged enum Message
{"level":30,"time":1788995534017,"pid":87557,"hostname":"vps-15cf2c41","reqId":"req-1w","req":{"method":"GET","url":"/api/v1/workspace/meta","host":"127.0.0.1:6240","remoteAddress":"127.0.0.1","remotePort":56742},"msg":"incoming request"}
{"level":30,"time":1788995534017,"pid":87557,"hostname":"vps-15cf2c41","reqId":"req-1w","res":{"statusCode":200},"responseTime":0.302546999999322,"msg":"request completed"}
[2026-09-09T23:12:14.142Z WARN  chromiumoxide::handler] WS Invalid message: data did not match any variant of untagged enum Message
{"level":30,"time":1788995534144,"pid":87557,"hostname":"vps-15cf2c41","reqId":"req-1x","req":{"method":"GET","url":"/api/v1/tree?path=.","host":"127.0.0.1:6240","remoteAddress":"127.0.0.1","remotePort":56750},"msg":"incoming request"}
[2026-09-09T23:12:14.150Z WARN  chromiumoxide::handler] WS Invalid message: data did not match any variant of untagged enum Message
{"level":30,"time":1788995534153,"pid":87557,"hostname":"vps-15cf2c41","reqId":"req-1x","res":{"statusCode":200},"responseTime":9.313667000009445,"msg":"request completed"}
{"level":30,"time":1788995534154,"pid":87557,"hostname":"vps-15cf2c41","reqId":"req-1y","req":{"method":"PUT","url":"/api/v1/ui/state","host":"127.0.0.1:6240","remoteAddress":"127.0.0.1","remotePort":56764},"msg":"incoming request"}
{"level":30,"time":1788995534156,"pid":87557,"hostname":"vps-15cf2c41","reqId":"req-1y","res":{"statusCode":204},"responseTime":1.4550390000076732,"msg":"request completed"}
[2026-09-09T23:12:14.166Z WARN  chromiumoxide::handler] WS Invalid message: data did not match any variant of untagged enum Message
{"level":30,"time":1788995534168,"pid":87557,"hostname":"vps-15cf2c41","reqId":"req-1z","req":{"method":"GET","url":"/api/v1/filesystems","host":"127.0.0.1:6240","remoteAddress":"127.0.0.1","remotePort":56774},"msg":"incoming request"}
{"level":30,"time":1788995534170,"pid":87557,"hostname":"vps-15cf2c41","reqId":"req-1z","res":{"statusCode":200},"responseTime":1.191982000003918,"msg":"request completed"}
[2026-09-09T23:12:14.239Z WARN  chromiumoxide::handler] WS Invalid message: data did not match any variant of untagged enum Message
{"level":30,"time":1788995534240,"pid":87557,"hostname":"vps-15cf2c41","reqId":"req-20","req":{"method":"GET","url":"/api/v1/agents","host":"127.0.0.1:6240","remoteAddress":"127.0.0.1","remotePort":56776},"msg":"incoming request"}
{"level":30,"time":1788995534241,"pid":87557,"hostname":"vps-15cf2c41","reqId":"req-20","res":{"statusCode":200},"responseTime":0.7449620000115829,"msg":"request completed"}
[2026-09-09T23:12:14.261Z WARN  chromiumoxide::handler] WS Invalid message: data did not match any variant of untagged enum Message
{"level":30,"time":1788995534262,"pid":87557,"hostname":"vps-15cf2c41","reqId":"req-21","req":{"method":"GET","url":"/api/v1/tree?path=.","host":"127.0.0.1:6240","remoteAddress":"127.0.0.1","remotePort":56788},"msg":"incoming request"}
[2026-09-09T23:12:14.263Z WARN  chromiumoxide::handler] WS Invalid message: data did not match any variant of untagged enum Message
{"level":30,"time":1788995534265,"pid":87557,"hostname":"vps-15cf2c41","reqId":"req-22","req":{"method":"PUT","url":"/api/v1/ui/state","host":"127.0.0.1:6240","remoteAddress":"127.0.0.1","remotePort":56800},"msg":"incoming request"}
[2026-09-09T23:12:14.266Z WARN  chromiumoxide::handler] WS Invalid message: data did not match any variant of untagged enum Message
{"level":30,"time":1788995534266,"pid":87557,"hostname":"vps-15cf2c41","reqId":"req-22","res":{"statusCode":204},"responseTime":0.6862289999990026,"msg":"request completed"}
{"level":30,"time":1788995534270,"pid":87557,"hostname":"vps-15cf2c41","reqId":"req-23","req":{"method":"GET","url":"/api/v1/filesystems","host":"127.0.0.1:6240","remoteAddress":"127.0.0.1","remotePort":56802},"msg":"incoming request"}
{"level":30,"time":1788995534271,"pid":87557,"hostname":"vps-15cf2c41","reqId":"req-23","res":{"statusCode":200},"responseTime":0.573275000002468,"msg":"request completed"}
{"level":30,"time":1788995534273,"pid":87557,"hostname":"vps-15cf2c41","reqId":"req-21","res":{"statusCode":200},"responseTime":10.603298000001814,"msg":"request completed"}
[2026-09-09T23:12:14.366Z WARN  chromiumoxide::handler] WS Invalid message: data did not match any variant of untagged enum Message
00:00.000 Waiting
[2026-09-09T23:12:14.424Z WARN  chromiumoxide::handler] WS Invalid message: data did not match any variant of untagged enum Message
{"level":30,"time":1788995534425,"pid":87557,"hostname":"vps-15cf2c41","reqId":"req-24","req":{"method":"GET","url":"/api/v1/fs/events?workspaceId=workspace","host":"127.0.0.1:6240","remoteAddress":"127.0.0.1","remotePort":56816},"msg":"incoming request"}
[2026-09-09T23:12:14.429Z WARN  chromiumoxide::handler] WS Invalid message: data did not match any variant of untagged enum Message
[2026-09-09T23:12:14.430Z WARN  chromiumoxide::handler] WS Invalid message: data did not match any variant of untagged enum Message
{"level":30,"time":1788995534431,"pid":87557,"hostname":"vps-15cf2c41","reqId":"req-25","req":{"method":"GET","url":"/api/v1/ui/commands/next?workspaceId=workspace","host":"127.0.0.1:6240","remoteAddress":"127.0.0.1","remotePort":56820},"msg":"incoming request"}
{"level":30,"time":1788995534436,"pid":87557,"hostname":"vps-15cf2c41","reqId":"req-26","req":{"method":"GET","url":"/api/v1/ui/state","host":"127.0.0.1:6240","remoteAddress":"127.0.0.1","remotePort":56836},"msg":"incoming request"}
{"level":30,"time":1788995534436,"pid":87557,"hostname":"vps-15cf2c41","reqId":"req-26","res":{"statusCode":200},"responseTime":0.5511320000077831,"msg":"request completed"}
[2026-09-09T23:12:14.480Z WARN  chromiumoxide::handler] WS Invalid message: data did not match any variant of untagged enum Message
{"level":30,"time":1788995534482,"pid":87557,"hostname":"vps-15cf2c41","reqId":"req-27","req":{"method":"GET","url":"/api/v1/agents/alpha/sessions?limit=50&archived=active","host":"127.0.0.1:6240","remoteAddress":"127.0.0.1","remotePort":56840},"msg":"incoming request"}
[2026-09-09T23:12:14.485Z WARN  chromiumoxide::handler] WS Invalid message: data did not match any variant of untagged enum Message
[2026-09-09T23:12:14.487Z WARN  chromiumoxide::handler] WS Invalid message: data did not match any variant of untagged enum Message
{"level":30,"time":1788995534492,"pid":87557,"hostname":"vps-15cf2c41","reqId":"req-28","req":{"method":"GET","url":"/api/v1/tree?path=.","host":"127.0.0.1:6240","remoteAddress":"127.0.0.1","remotePort":56854},"msg":"incoming request"}
{"level":30,"time":1788995534493,"pid":87557,"hostname":"vps-15cf2c41","reqId":"req-29","req":{"method":"GET","url":"/api/v1/agents/alpha/ready-status","host":"127.0.0.1:6240","remoteAddress":"127.0.0.1","remotePort":56868},"msg":"incoming request"}
{"level":30,"time":1788995534499,"pid":87557,"hostname":"vps-15cf2c41","reqId":"req-28","res":{"statusCode":200},"responseTime":6.327799999999115,"msg":"request completed"}
[2026-09-09T23:12:14.502Z WARN  chromiumoxide::handler] WS Invalid message: data did not match any variant of untagged enum Message
{"level":30,"time":1788995534509,"pid":87557,"hostname":"vps-15cf2c41","reqId":"req-2a","req":{"method":"GET","url":"/api/v1/tree?path=.","host":"127.0.0.1:6240","remoteAddress":"127.0.0.1","remotePort":56874},"msg":"incoming request"}
{"level":30,"time":1788995534514,"pid":87557,"hostname":"vps-15cf2c41","reqId":"req-2a","res":{"statusCode":200},"responseTime":4.10472899999877,"msg":"request completed"}
{"level":30,"time":1788995534525,"pid":87557,"hostname":"vps-15cf2c41","reqId":"req-27","res":{"statusCode":200},"responseTime":42.54085799999302,"msg":"request completed"}
[2026-09-09T23:12:14.531Z WARN  chromiumoxide::handler] WS Invalid message: data did not match any variant of untagged enum Message
{"level":30,"time":1788995534531,"pid":87557,"hostname":"vps-15cf2c41","reqId":"req-29","res":{"statusCode":200},"responseTime":38.258931999997,"msg":"request completed"}
{"level":30,"time":1788995534535,"pid":87557,"hostname":"vps-15cf2c41","reqId":"req-2b","req":{"method":"GET","url":"/api/v1/agents/alpha/sessions?limit=50&archived=active","host":"127.0.0.1:6240","remoteAddress":"127.0.0.1","remotePort":56880},"msg":"incoming request"}
{"level":30,"time":1788995534538,"pid":87557,"hostname":"vps-15cf2c41","reqId":"req-2c","req":{"method":"GET","url":"/api/v1/agents/alpha/ready-status","host":"127.0.0.1:6240","remoteAddress":"127.0.0.1","remotePort":56886},"msg":"incoming request"}
[2026-09-09T23:12:14.539Z WARN  chromiumoxide::handler] WS Invalid message: data did not match any variant of untagged enum Message
{"level":30,"time":1788995534548,"pid":87557,"hostname":"vps-15cf2c41","reqId":"req-2c","res":{"statusCode":200},"responseTime":9.989503000004333,"msg":"request completed"}
{"level":30,"time":1788995534549,"pid":87557,"hostname":"vps-15cf2c41","reqId":"req-2b","res":{"statusCode":200},"responseTime":14.134121000010055,"msg":"request completed"}
00:00.184 Clicking <button> (x: 137.5, y: 82.0, content: "Search⌘K")
[2026-09-09T23:12:14.612Z WARN  chromiumoxide::handler] WS Invalid message: data did not match any variant of untagged enum Message
{"level":30,"time":1788995534613,"pid":87557,"hostname":"vps-15cf2c41","reqId":"req-2d","req":{"method":"GET","url":"/api/v1/ui/state","host":"127.0.0.1:6240","remoteAddress":"127.0.0.1","remotePort":56894},"msg":"incoming request"}
{"level":30,"time":1788995534614,"pid":87557,"hostname":"vps-15cf2c41","reqId":"req-2d","res":{"statusCode":200},"responseTime":0.45848100000876,"msg":"request completed"}
[2026-09-09T23:12:14.722Z WARN  chromiumoxide::handler] WS Invalid message: data did not match any variant of untagged enum Message
{"level":30,"time":1788995534723,"pid":87557,"hostname":"vps-15cf2c41","reqId":"req-2e","req":{"method":"GET","url":"/api/v1/agents/alpha/sessions?limit=50&archived=archived","host":"127.0.0.1:6240","remoteAddress":"127.0.0.1","remotePort":56906},"msg":"incoming request"}
{"level":30,"time":1788995534737,"pid":87557,"hostname":"vps-15cf2c41","reqId":"req-2e","res":{"statusCode":200},"responseTime":13.368433000010555,"msg":"request completed"}
[2026-09-09T23:12:14.993Z WARN  chromiumoxide::handler] WS Invalid message: data did not match any variant of untagged enum Message
[2026-09-09T23:12:15.000Z WARN  chromiumoxide::handler] WS Invalid message: data did not match any variant of untagged enum Message
{"level":30,"time":1788995535003,"pid":87557,"hostname":"vps-15cf2c41","reqId":"req-2f","req":{"method":"GET","url":"/api/v1/agents/session-activity/events?workspaceId=workspace","host":"127.0.0.1:6240","remoteAddress":"127.0.0.1","remotePort":56910},"msg":"incoming request"}
[2026-09-09T23:12:15.021Z WARN  chromiumoxide::handler] WS Invalid message: data did not match any variant of untagged enum Message
{"level":30,"time":1788995535026,"pid":87557,"hostname":"vps-15cf2c41","reqId":"req-2g","req":{"method":"POST","url":"/api/v1/workspace-bridge/call","host":"127.0.0.1:6240","remoteAddress":"127.0.0.1","remotePort":56922},"msg":"incoming request"}
{"level":30,"time":1788995535045,"pid":87557,"hostname":"vps-15cf2c41","reqId":"req-2g","res":{"statusCode":200},"responseTime":2.3869640000048093,"msg":"request completed"}
00:00.708 Waiting
00:00.876 Typing no-matching-fixture-command (delay: 0ms)
00:02.210 Waiting
00:02.335 Clicking <button> (x: 526.0, y: 377.5, content: "Commands")
{"level":30,"time":1788995536827,"pid":87557,"hostname":"vps-15cf2c41","reqId":"req-2h","req":{"method":"POST","url":"/api/v1/agents/alpha/sessions","host":"127.0.0.1:6240","remoteAddress":"127.0.0.1","remotePort":56936},"msg":"incoming request"}
[2026-09-09T23:12:16.828Z WARN  chromiumoxide::handler] WS Invalid message: data did not match any variant of untagged enum Message
{"level":30,"time":1788995536841,"pid":87557,"hostname":"vps-15cf2c41","reqId":"req-2h","res":{"statusCode":201},"responseTime":13.822228999997606,"msg":"request completed"}
{"level":30,"time":1788995536930,"pid":87557,"hostname":"vps-15cf2c41","reqId":"req-2i","req":{"method":"GET","url":"/api/v1/agents/alpha/sessions?limit=50&archived=active","host":"127.0.0.1:6240","remoteAddress":"127.0.0.1","remotePort":56950},"msg":"incoming request"}
[2026-09-09T23:12:16.936Z WARN  chromiumoxide::handler] WS Invalid message: data did not match any variant of untagged enum Message
{"level":30,"time":1788995536951,"pid":87557,"hostname":"vps-15cf2c41","reqId":"req-2i","res":{"statusCode":200},"responseTime":20.78235899998981,"msg":"request completed"}
[2026-09-09T23:12:16.988Z WARN  chromiumoxide::handler] WS Invalid message: data did not match any variant of untagged enum Message
{"level":30,"time":1788995536990,"pid":87557,"hostname":"vps-15cf2c41","reqId":"req-2j","req":{"method":"GET","url":"/api/v1/ui/state","host":"127.0.0.1:6240","remoteAddress":"127.0.0.1","remotePort":56954},"msg":"incoming request"}
{"level":30,"time":1788995536991,"pid":87557,"hostname":"vps-15cf2c41","reqId":"req-2j","res":{"statusCode":200},"responseTime":0.5454249999893364,"msg":"request completed"}
[2026-09-09T23:12:16.999Z WARN  chromiumoxide::handler] WS Invalid message: data did not match any variant of untagged enum Message
{"level":30,"time":1788995537001,"pid":87557,"hostname":"vps-15cf2c41","reqId":"req-2k","req":{"method":"GET","url":"/api/v1/agents/alpha/sessions?limit=50&archived=archived","host":"127.0.0.1:6240","remoteAddress":"127.0.0.1","remotePort":56956},"msg":"incoming request"}
{"level":30,"time":1788995537015,"pid":87557,"hostname":"vps-15cf2c41","reqId":"req-2k","res":{"statusCode":200},"responseTime":13.367820999992546,"msg":"request completed"}
{"level":30,"time":1788995537061,"pid":87557,"hostname":"vps-15cf2c41","reqId":"req-2l","req":{"method":"POST","url":"/api/v1/workspace-bridge/call","host":"127.0.0.1:6240","remoteAddress":"127.0.0.1","remotePort":56970},"msg":"incoming request"}
[2026-09-09T23:12:17.061Z WARN  chromiumoxide::handler] WS Invalid message: data did not match any variant of untagged enum Message
{"level":30,"time":1788995537063,"pid":87557,"hostname":"vps-15cf2c41","reqId":"req-2l","res":{"statusCode":200},"responseTime":2.1396979999990435,"msg":"request completed"}
00:02.706 Typing no-matching-fixture-command (delay: 0ms)
[2026-09-09T23:12:17.650Z WARN  chromiumoxide::handler] WS Invalid message: data did not match any variant of untagged enum Message
{"level":30,"time":1788995537660,"pid":87557,"hostname":"vps-15cf2c41","reqId":"req-2m","req":{"method":"GET","url":"/api/v1/agents/session-activity/events?workspaceId=workspace","host":"127.0.0.1:6240","remoteAddress":"127.0.0.1","remotePort":58404},"msg":"incoming request"}
{"level":30,"time":1788995538561,"pid":87557,"hostname":"vps-15cf2c41","reqId":"req-2n","req":{"method":"PUT","url":"/api/v1/ui/state","host":"127.0.0.1:6240","remoteAddress":"127.0.0.1","remotePort":58416},"msg":"incoming request"}
[2026-09-09T23:12:18.563Z WARN  chromiumoxide::handler] WS Invalid message: data did not match any variant of untagged enum Message
{"level":30,"time":1788995538564,"pid":87557,"hostname":"vps-15cf2c41","reqId":"req-2n","res":{"statusCode":204},"responseTime":1.3858449999970617,"msg":"request completed"}
[2026-09-09T23:12:18.575Z WARN  chromiumoxide::handler] WS Invalid message: data did not match any variant of untagged enum Message
[2026-09-09T23:12:18.575Z WARN  chromiumoxide::handler] WS Invalid message: data did not match any variant of untagged enum Message
[2026-09-09T23:12:18.577Z WARN  chromiumoxide::handler] WS Invalid message: data did not match any variant of untagged enum Message
{"level":30,"time":1788995538581,"pid":87557,"hostname":"vps-15cf2c41","reqId":"req-2o","req":{"method":"GET","url":"/api/v1/agents/alpha/models","host":"127.0.0.1:6240","remoteAddress":"127.0.0.1","remotePort":58428},"msg":"incoming request"}
{"level":30,"time":1788995538592,"pid":87557,"hostname":"vps-15cf2c41","reqId":"req-2p","req":{"method":"GET","url":"/api/v1/agents/alpha/commands?sessionId=scripted-2","host":"127.0.0.1:6240","remoteAddress":"127.0.0.1","remotePort":58430},"msg":"incoming request"}
{"level":30,"time":1788995538596,"pid":87557,"hostname":"vps-15cf2c41","reqId":"req-2q","req":{"method":"GET","url":"/api/v1/workspace/meta","host":"127.0.0.1:6240","remoteAddress":"127.0.0.1","remotePort":58434},"msg":"incoming request"}
{"level":30,"time":1788995538597,"pid":87557,"hostname":"vps-15cf2c41","reqId":"req-2q","res":{"statusCode":200},"responseTime":0.7968429999891669,"msg":"request completed"}
{"level":30,"time":1788995538608,"pid":87557,"hostname":"vps-15cf2c41","reqId":"req-2r","req":{"method":"GET","url":"/api/v1/workspace/meta","host":"127.0.0.1:6240","remoteAddress":"127.0.0.1","remotePort":58444},"msg":"incoming request"}
{"level":30,"time":1788995538609,"pid":87557,"hostname":"vps-15cf2c41","reqId":"req-2r","res":{"statusCode":200},"responseTime":0.7118829999963054,"msg":"request completed"}
[2026-09-09T23:12:18.610Z WARN  chromiumoxide::handler] WS Invalid message: data did not match any variant of untagged enum Message
{"level":30,"time":1788995538626,"pid":87557,"hostname":"vps-15cf2c41","reqId":"req-2o","res":{"statusCode":200},"responseTime":44.75791100000788,"msg":"request completed"}
[2026-09-09T23:12:18.635Z WARN  chromiumoxide::handler] WS Invalid message: data did not match any variant of untagged enum Message
{"level":30,"time":1788995538638,"pid":87557,"hostname":"vps-15cf2c41","reqId":"req-2s","req":{"method":"GET","url":"/api/v1/agents/alpha/models","host":"127.0.0.1:6240","remoteAddress":"127.0.0.1","remotePort":58456},"msg":"incoming request"}
{"level":30,"time":1788995538643,"pid":87557,"hostname":"vps-15cf2c41","reqId":"req-2p","res":{"statusCode":200},"responseTime":50.656096999999136,"msg":"request completed"}
[2026-09-09T23:12:18.648Z WARN  chromiumoxide::handler] WS Invalid message: data did not match any variant of untagged enum Message
{"level":30,"time":1788995538649,"pid":87557,"hostname":"vps-15cf2c41","reqId":"req-2t","req":{"method":"GET","url":"/api/v1/agents/alpha/commands?sessionId=scripted-2","host":"127.0.0.1:6240","remoteAddress":"127.0.0.1","remotePort":58462},"msg":"incoming request"}
{"level":30,"time":1788995538663,"pid":87557,"hostname":"vps-15cf2c41","reqId":"req-2s","res":{"statusCode":200},"responseTime":25.00600999999733,"msg":"request completed"}
{"level":30,"time":1788995538679,"pid":87557,"hostname":"vps-15cf2c41","reqId":"req-2t","res":{"statusCode":200},"responseTime":29.140461000002688,"msg":"request completed"}
{"level":30,"time":1788995538772,"pid":87557,"hostname":"vps-15cf2c41","reqId":"req-2u","req":{"method":"GET","url":"/api/v1/agents/alpha/sessions/scripted-2/state","host":"127.0.0.1:6240","remoteAddress":"127.0.0.1","remotePort":58478},"msg":"incoming request"}
[2026-09-09T23:12:18.777Z WARN  chromiumoxide::handler] WS Invalid message: data did not match any variant of untagged enum Message
{"level":30,"time":1788995538790,"pid":87557,"hostname":"vps-15cf2c41","reqId":"req-2u","res":{"statusCode":200},"responseTime":17.335623000006308,"msg":"request completed"}
[2026-09-09T23:12:18.897Z WARN  chromiumoxide::handler] WS Invalid message: data did not match any variant of untagged enum Message
{"level":30,"time":1788995538898,"pid":87557,"hostname":"vps-15cf2c41","reqId":"req-2v","req":{"method":"GET","url":"/api/v1/agents/alpha/models","host":"127.0.0.1:6240","remoteAddress":"127.0.0.1","remotePort":58484},"msg":"incoming request"}
[2026-09-09T23:12:18.901Z WARN  chromiumoxide::handler] WS Invalid message: data did not match any variant of untagged enum Message
{"level":30,"time":1788995538902,"pid":87557,"hostname":"vps-15cf2c41","reqId":"req-2w","req":{"method":"GET","url":"/api/v1/agents/alpha/sessions/scripted-2/events?cursor=0","host":"127.0.0.1:6240","remoteAddress":"127.0.0.1","remotePort":58498},"msg":"incoming request"}
{"level":30,"time":1788995538914,"pid":87557,"hostname":"vps-15cf2c41","reqId":"req-2v","res":{"statusCode":200},"responseTime":16.06226800000877,"msg":"request completed"}
00:04.767 Typing > (delay: 0ms)
00:04.892 Clicking <button> (x: 526.0, y: 377.5, content: "Commands")
00:05.048 Typing > (delay: 0ms)
00:05.202 Pressing Escape (code: 27)
00:05.433 Waiting
00:05.553 Clicking <button> (x: 137.5, y: 82.0, content: "Search⌘K")
00:05.827 Typing no-matching-fixture-command (delay: 0ms)
00:06.785 Typing no-matching-fixture-command (delay: 0ms)
00:07.728 Waiting
00:08.030 Clicking <button> (x: 526.0, y: 377.5, content: "Commands")
00:08.237 Pressing Escape (code: 27)
00:08.410 Waiting
00:08.565 Clicking <button> (x: 137.5, y: 82.0, content: "Search⌘K")
00:08.885 Typing no-matching-fixture-command (delay: 0ms)
00:10.104 Typing > (delay: 0ms)
00:10.308 Typing no-matching-fixture-command (delay: 0ms)
00:11.293 Waiting
00:11.403 Waiting
00:11.706 Clicking <button> (x: 526.0, y: 377.5, content: "Commands")
00:11.939 Typing > (delay: 0ms)
00:12.070 Typing no-matching-fixture-command (delay: 0ms)
00:12.951 Typing > (delay: 0ms)
00:13.141 Pressing Escape (code: 27)
00:13.372 Waiting
00:13.488 Clicking <button> (x: 137.5, y: 82.0, content: "Search⌘K")
00:13.775 Typing no-matching-fixture-command (delay: 0ms)
00:14.828 Clicking <button> (x: 526.0, y: 377.5, content: "Commands")
00:14.989 Typing no-matching-fixture-command (delay: 0ms)
00:15.886 Clicking <button> (x: 526.0, y: 377.5, content: "Commands")
00:16.030 Pressing Escape (code: 27)
00:16.225 Clicking <button> (x: 137.5, y: 82.0, content: "Search⌘K")
00:16.408 Waiting
00:16.504 Pressing Escape (code: 27)
00:16.732 Waiting
00:16.848 Waiting
00:17.187 Waiting
00:17.479 Clicking <button> (x: 137.5, y: 82.0, content: "Search⌘K")
00:17.776 Pressing Escape (code: 27)
00:17.997 Clicking <button> (x: 137.5, y: 82.0, content: "Search⌘K")
00:18.252 Typing no-matching-fixture-command (delay: 0ms)
00:19.146 Typing no-matching-fixture-command (delay: 0ms)

Test finished after time limit!

Inspect the test results using:

  bombadil browser inspect /dev/shm/cpr-aa4/boring-ui-review-run.vt93ir/explore-desktop.TXbafZ

Reproduce this test using:

  bombadil browser test http://127.0.0.1:6230/?fresh=1 <sandbox-root>/tools/ui-review/src/review-specs/workspace-command-palette/bombadil.spec.ts --width 1440 --height 900 --headless --no-sandbox --reproduce /dev/shm/cpr-aa4/boring-ui-review-run.vt93ir/explore-desktop.TXbafZ

{"level":30,"time":1788995554442,"pid":87557,"hostname":"vps-15cf2c41","reqId":"req-2w","res":{"statusCode":200},"msg":"stream closed prematurely"}
[2026-09-09T23:12:43.729Z WARN  chromiumoxide::handler] WS Invalid message: data did not match any variant of untagged enum Message
[2026-09-09T23:12:43.735Z WARN  chromiumoxide::handler] WS Invalid message: data did not match any variant of untagged enum Message
[2026-09-09T23:12:43.736Z WARN  chromiumoxide::handler] WS Invalid message: data did not match any variant of untagged enum Message
[2026-09-09T23:12:43.791Z WARN  chromiumoxide::handler] WS Invalid message: data did not match any variant of untagged enum Message
[2026-09-09T23:12:43.846Z WARN  chromiumoxide::handler] WS Invalid message: data did not match any variant of untagged enum Message
[2026-09-09T23:12:43.849Z WARN  chromiumoxide::handler] WS Invalid message: data did not match any variant of untagged enum Message
[2026-09-09T23:12:43.849Z WARN  chromiumoxide::handler] WS Invalid message: data did not match any variant of untagged enum Message
[2026-09-09T23:12:43.850Z WARN  chromiumoxide::handler] WS Invalid message: data did not match any variant of untagged enum Message
[2026-09-09T23:12:43.850Z WARN  chromiumoxide::handler] WS Invalid message: data did not match any variant of untagged enum Message
[2026-09-09T23:12:43.850Z WARN  chromiumoxide::handler] WS Invalid message: data did not match any variant of untagged enum Message
[2026-09-09T23:12:43.850Z WARN  chromiumoxide::handler] WS Invalid message: data did not match any variant of untagged enum Message
[2026-09-09T23:12:43.897Z WARN  chromiumoxide::handler] WS Invalid message: data did not match any variant of untagged enum Message
[2026-09-09T23:12:44.169Z WARN  chromiumoxide::handler] WS Invalid message: data did not match any variant of untagged enum Message
[2026-09-09T23:12:44.241Z WARN  chromiumoxide::handler] WS Invalid message: data did not match any variant of untagged enum Message
[2026-09-09T23:12:44.243Z WARN  chromiumoxide::handler] WS Invalid message: data did not match any variant of untagged enum Message
[2026-09-09T23:12:44.243Z WARN  chromiumoxide::handler] WS Invalid message: data did not match any variant of untagged enum Message
[2026-09-09T23:12:44.245Z WARN  chromiumoxide::handler] WS Invalid message: data did not match any variant of untagged enum Message
[2026-09-09T23:12:44.246Z WARN  chromiumoxide::handler] WS Invalid message: data did not match any variant of untagged enum Message
[2026-09-09T23:12:44.249Z WARN  chromiumoxide::handler] WS Invalid message: data did not match any variant of untagged enum Message
[2026-09-09T23:12:44.250Z WARN  chromiumoxide::handler] WS Invalid message: data did not match any variant of untagged enum Message
[2026-09-09T23:12:44.270Z WARN  chromiumoxide::handler] WS Invalid message: data did not match any variant of untagged enum Message
[2026-09-09T23:12:44.291Z WARN  chromiumoxide::handler] WS Invalid message: data did not match any variant of untagged enum Message
[2026-09-09T23:12:44.291Z WARN  chromiumoxide::handler] WS Invalid message: data did not match any variant of untagged enum Message
[2026-09-09T23:12:44.334Z WARN  chromiumoxide::handler] WS Invalid message: data did not match any variant of untagged enum Message
[2026-09-09T23:12:44.405Z WARN  chromiumoxide::handler] WS Invalid message: data did not match any variant of untagged enum Message
[2026-09-09T23:12:44.460Z WARN  chromiumoxide::handler] WS Invalid message: data did not match any variant of untagged enum Message
[2026-09-09T23:12:44.524Z WARN  chromiumoxide::handler] WS Invalid message: data did not match any variant of untagged enum Message
[2026-09-09T23:12:44.524Z WARN  chromiumoxide::handler] WS Invalid message: data did not match any variant of untagged enum Message
[2026-09-09T23:12:44.552Z WARN  chromiumoxide::handler] WS Invalid message: data did not match any variant of untagged enum Message
[2026-09-09T23:12:44.588Z WARN  chromiumoxide::handler] WS Invalid message: data did not match any variant of untagged enum Message
[2026-09-09T23:12:44.588Z WARN  chromiumoxide::handler] WS Invalid message: data did not match any variant of untagged enum Message
[2026-09-09T23:12:44.588Z WARN  chromiumoxide::handler] WS Invalid message: data did not match any variant of untagged enum Message
[2026-09-09T23:12:44.588Z WARN  chromiumoxide::handler] WS Invalid message: data did not match any variant of untagged enum Message
[2026-09-09T23:12:44.588Z WARN  chromiumoxide::handler] WS Invalid message: data did not match any variant of untagged enum Message
[2026-09-09T23:12:44.616Z WARN  chromiumoxide::handler] WS Invalid message: data did not match any variant of untagged enum Message
[2026-09-09T23:12:44.618Z WARN  chromiumoxide::handler] WS Invalid message: data did not match any variant of untagged enum Message
[2026-09-09T23:12:44.631Z WARN  chromiumoxide::handler] WS Invalid message: data did not match any variant of untagged enum Message
[2026-09-09T23:12:44.695Z WARN  chromiumoxide::handler] WS Invalid message: data did not match any variant of untagged enum Message
[2026-09-09T23:12:44.695Z WARN  chromiumoxide::handler] WS Invalid message: data did not match any variant of untagged enum Message
[2026-09-09T23:12:44.695Z WARN  chromiumoxide::handler] WS Invalid message: data did not match any variant of untagged enum Message
[2026-09-09T23:12:44.698Z WARN  chromiumoxide::handler] WS Invalid message: data did not match any variant of untagged enum Message
[2026-09-09T23:12:44.698Z WARN  chromiumoxide::handler] WS Invalid message: data did not match any variant of untagged enum Message
[2026-09-09T23:12:44.698Z WARN  chromiumoxide::handler] WS Invalid message: data did not match any variant of untagged enum Message
[2026-09-09T23:12:44.699Z WARN  chromiumoxide::handler] WS Invalid message: data did not match any variant of untagged enum Message
[2026-09-09T23:12:44.711Z WARN  chromiumoxide::handler] WS Invalid message: data did not match any variant of untagged enum Message
[2026-09-09T23:12:44.713Z WARN  chromiumoxide::handler] WS Invalid message: data did not match any variant of untagged enum Message
[2026-09-09T23:12:44.753Z WARN  chromiumoxide::handler] WS Invalid message: data did not match any variant of untagged enum Message
[2026-09-09T23:12:44.753Z WARN  chromiumoxide::handler] WS Invalid message: data did not match any variant of untagged enum Message
[2026-09-09T23:12:44.753Z WARN  chromiumoxide::handler] WS Invalid message: data did not match any variant of untagged enum Message
[2026-09-09T23:12:44.756Z WARN  chromiumoxide::handler] WS Invalid message: data did not match any variant of untagged enum Message
[2026-09-09T23:12:44.884Z WARN  chromiumoxide::handler] WS Invalid message: data did not match any variant of untagged enum Message
[2026-09-09T23:12:44.884Z WARN  chromiumoxide::handler] WS Invalid message: data did not match any variant of untagged enum Message
[2026-09-09T23:12:44.884Z WARN  chromiumoxide::handler] WS Invalid message: data did not match any variant of untagged enum Message
[2026-09-09T23:12:44.884Z WARN  chromiumoxide::handler] WS Invalid message: data did not match any variant of untagged enum Message
[2026-09-09T23:12:44.884Z WARN  chromiumoxide::handler] WS Invalid message: data did not match any variant of untagged enum Message
[2026-09-09T23:12:44.884Z WARN  chromiumoxide::handler] WS Invalid message: data did not match any variant of untagged enum Message
[2026-09-09T23:12:44.885Z WARN  chromiumoxide::handler] WS Invalid message: data did not match any variant of untagged enum Message
[2026-09-09T23:12:44.885Z WARN  chromiumoxide::handler] WS Invalid message: data did not match any variant of untagged enum Message
[2026-09-09T23:12:44.885Z WARN  chromiumoxide::handler] WS Invalid message: data did not match any variant of untagged enum Message
[2026-09-09T23:12:44.885Z WARN  chromiumoxide::handler] WS Invalid message: data did not match any variant of untagged enum Message
[2026-09-09T23:12:44.885Z WARN  chromiumoxide::handler] WS Invalid message: data did not match any variant of untagged enum Message
[2026-09-09T23:12:44.886Z WARN  chromiumoxide::handler] WS Invalid message: data did not match any variant of untagged enum Message
[2026-09-09T23:12:45.073Z WARN  chromiumoxide::handler] WS Invalid message: data did not match any variant of untagged enum Message
[2026-09-09T23:12:45.171Z WARN  chromiumoxide::handler] WS Invalid message: data did not match any variant of untagged enum Message
[2026-09-09T23:12:45.172Z WARN  chromiumoxide::handler] WS Invalid message: data did not match any variant of untagged enum Message
[2026-09-09T23:12:45.172Z WARN  chromiumoxide::handler] WS Invalid message: data did not match any variant of untagged enum Message
[2026-09-09T23:12:45.176Z WARN  chromiumoxide::handler] WS Invalid message: data did not match any variant of untagged enum Message
[2026-09-09T23:12:45.186Z WARN  chromiumoxide::handler] WS Invalid message: data did not match any variant of untagged enum Message
[2026-09-09T23:12:45.216Z WARN  chromiumoxide::handler] WS Invalid message: data did not match any variant of untagged enum Message
[2026-09-09T23:12:45.216Z WARN  chromiumoxide::handler] WS Invalid message: data did not match any variant of untagged enum Message
[2026-09-09T23:12:45.217Z WARN  chromiumoxide::handler] WS Invalid message: data did not match any variant of untagged enum Message
[2026-09-09T23:12:45.217Z WARN  chromiumoxide::handler] WS Invalid message: data did not match any variant of untagged enum Message
[2026-09-09T23:12:45.217Z WARN  chromiumoxide::handler] WS Invalid message: data did not match any variant of untagged enum Message
[2026-09-09T23:12:45.218Z WARN  chromiumoxide::handler] WS Invalid message: data did not match any variant of untagged enum Message
[2026-09-09T23:12:45.218Z WARN  chromiumoxide::handler] WS Invalid message: data did not match any variant of untagged enum Message
[2026-09-09T23:12:45.218Z WARN  chromiumoxide::handler] WS Invalid message: data did not match any variant of untagged enum Message
[2026-09-09T23:12:45.218Z WARN  chromiumoxide::handler] WS Invalid message: data did not match any variant of untagged enum Message
[2026-09-09T23:12:45.218Z WARN  chromiumoxide::handler] WS Invalid message: data did not match any variant of untagged enum Message
[2026-09-09T23:12:45.218Z WARN  chromiumoxide::handler] WS Invalid message: data did not match any variant of untagged enum Message
[2026-09-09T23:12:45.226Z WARN  chromiumoxide::handler] WS Invalid message: data did not match any variant of untagged enum Message
[2026-09-09T23:12:45.227Z WARN  chromiumoxide::handler] WS Invalid message: data did not match any variant of untagged enum Message
[2026-09-09T23:12:45.299Z WARN  chromiumoxide::handler] WS Invalid message: data did not match any variant of untagged enum Message
[2026-09-09T23:12:45.301Z WARN  chromiumoxide::handler] WS Invalid message: data did not match any variant of untagged enum Message
[2026-09-09T23:12:45.302Z WARN  chromiumoxide::handler] WS Invalid message: data did not match any variant of untagged enum Message
[2026-09-09T23:12:45.302Z WARN  chromiumoxide::handler] WS Invalid message: data did not match any variant of untagged enum Message
[2026-09-09T23:12:45.302Z WARN  chromiumoxide::handler] WS Invalid message: data did not match any variant of untagged enum Message
[2026-09-09T23:12:45.359Z WARN  chromiumoxide::handler] WS Invalid message: data did not match any variant of untagged enum Message
[2026-09-09T23:12:45.360Z WARN  chromiumoxide::handler] WS Invalid message: data did not match any variant of untagged enum Message
[2026-09-09T23:12:45.367Z WARN  chromiumoxide::handler] WS Invalid message: data did not match any variant of untagged enum Message
[2026-09-09T23:12:45.368Z WARN  chromiumoxide::handler] WS Invalid message: data did not match any variant of untagged enum Message
[2026-09-09T23:12:45.370Z WARN  chromiumoxide::handler] WS Invalid message: data did not match any variant of untagged enum Message
[2026-09-09T23:12:45.371Z WARN  chromiumoxide::handler] WS Invalid message: data did not match any variant of untagged enum Message
[2026-09-09T23:12:45.386Z WARN  chromiumoxide::handler] WS Invalid message: data did not match any variant of untagged enum Message
[2026-09-09T23:12:45.388Z WARN  chromiumoxide::handler] WS Invalid message: data did not match any variant of untagged enum Message
[2026-09-09T23:12:45.389Z WARN  chromiumoxide::handler] WS Invalid message: data did not match any variant of untagged enum Message
[2026-09-09T23:12:45.389Z WARN  chromiumoxide::handler] WS Invalid message: data did not match any variant of untagged enum Message
[2026-09-09T23:12:45.389Z WARN  chromiumoxide::handler] WS Invalid message: data did not match any variant of untagged enum Message
[2026-09-09T23:12:45.400Z WARN  chromiumoxide::handler] WS Invalid message: data did not match any variant of untagged enum Message
[2026-09-09T23:12:45.407Z WARN  chromiumoxide::handler] WS Invalid message: data did not match any variant of untagged enum Message
[2026-09-09T23:12:45.408Z WARN  chromiumoxide::handler] WS Invalid message: data did not match any variant of untagged enum Message
[2026-09-09T23:12:45.408Z WARN  chromiumoxide::handler] WS Invalid message: data did not match any variant of untagged enum Message
[2026-09-09T23:12:45.408Z WARN  chromiumoxide::handler] WS Invalid message: data did not match any variant of untagged enum Message
[2026-09-09T23:12:45.408Z WARN  chromiumoxide::handler] WS Invalid message: data did not match any variant of untagged enum Message
[2026-09-09T23:12:45.412Z WARN  chromiumoxide::handler] WS Invalid message: data did not match any variant of untagged enum Message
[2026-09-09T23:12:45.420Z WARN  chromiumoxide::handler] WS Invalid message: data did not match any variant of untagged enum Message
[2026-09-09T23:12:45.477Z WARN  chromiumoxide::handler] WS Invalid message: data did not match any variant of untagged enum Message
[2026-09-09T23:12:45.478Z WARN  chromiumoxide::handler] WS Invalid message: data did not match any variant of untagged enum Message
[2026-09-09T23:12:45.478Z WARN  chromiumoxide::handler] WS Invalid message: data did not match any variant of untagged enum Message
[2026-09-09T23:12:45.481Z WARN  chromiumoxide::handler] WS Invalid message: data did not match any variant of untagged enum Message
[2026-09-09T23:12:45.482Z WARN  chromiumoxide::handler] WS Invalid message: data did not match any variant of untagged enum Message
[2026-09-09T23:12:45.486Z WARN  chromiumoxide::handler] WS Invalid message: data did not match any variant of untagged enum Message
[2026-09-09T23:12:45.492Z WARN  chromiumoxide::handler] WS Invalid message: data did not match any variant of untagged enum Message
[2026-09-09T23:12:45.539Z WARN  chromiumoxide::handler] WS Invalid message: data did not match any variant of untagged enum Message
[2026-09-09T23:12:45.539Z WARN  chromiumoxide::handler] WS Invalid message: data did not match any variant of untagged enum Message
[2026-09-09T23:12:45.539Z WARN  chromiumoxide::handler] WS Invalid message: data did not match any variant of untagged enum Message
[2026-09-09T23:12:45.549Z WARN  chromiumoxide::handler] WS Invalid message: data did not match any variant of untagged enum Message
[2026-09-09T23:12:45.549Z WARN  chromiumoxide::handler] WS Invalid message: data did not match any variant of untagged enum Message
[2026-09-09T23:12:45.550Z WARN  chromiumoxide::handler] WS Invalid message: data did not match any variant of untagged enum Message
[2026-09-09T23:12:45.551Z WARN  chromiumoxide::handler] WS Invalid message: data did not match any variant of untagged enum Message
[2026-09-09T23:12:45.553Z WARN  chromiumoxide::handler] WS Invalid message: data did not match any variant of untagged enum Message
[2026-09-09T23:12:45.556Z WARN  chromiumoxide::handler] WS Invalid message: data did not match any variant of untagged enum Message
[2026-09-09T23:12:45.571Z WARN  chromiumoxide::handler] WS Invalid message: data did not match any variant of untagged enum Message
[2026-09-09T23:12:45.571Z WARN  chromiumoxide::handler] WS Invalid message: data did not match any variant of untagged enum Message
[2026-09-09T23:12:45.578Z WARN  chromiumoxide::handler] WS Invalid message: data did not match any variant of untagged enum Message
[2026-09-09T23:12:45.595Z WARN  chromiumoxide::handler] WS Invalid message: data did not match any variant of untagged enum Message
[2026-09-09T23:12:45.945Z WARN  chromiumoxide::handler] WS Invalid message: data did not match any variant of untagged enum Message
[2026-09-09T23:12:45.945Z WARN  chromiumoxide::handler] WS Invalid message: data did not match any variant of untagged enum Message
[2026-09-09T23:12:45.945Z WARN  chromiumoxide::handler] WS Invalid message: data did not match any variant of untagged enum Message
[2026-09-09T23:12:45.945Z WARN  chromiumoxide::handler] WS Invalid message: data did not match any variant of untagged enum Message
[2026-09-09T23:12:45.946Z WARN  chromiumoxide::handler] WS Invalid message: data did not match any variant of untagged enum Message
[2026-09-09T23:12:45.946Z WARN  chromiumoxide::handler] WS Invalid message: data did not match any variant of untagged enum Message
[2026-09-09T23:12:45.946Z WARN  chromiumoxide::handler] WS Invalid message: data did not match any variant of untagged enum Message
[2026-09-09T23:12:45.947Z WARN  chromiumoxide::handler] WS Invalid message: data did not match any variant of untagged enum Message
[2026-09-09T23:12:45.947Z WARN  chromiumoxide::handler] WS Invalid message: data did not match any variant of untagged enum Message
[2026-09-09T23:12:45.947Z WARN  chromiumoxide::handler] WS Invalid message: data did not match any variant of untagged enum Message
[2026-09-09T23:12:46.204Z WARN  chromiumoxide::handler] WS Invalid message: data did not match any variant of untagged enum Message
[2026-09-09T23:12:46.208Z WARN  chromiumoxide::handler] WS Invalid message: data did not match any variant of untagged enum Message
[2026-09-09T23:12:46.251Z WARN  chromiumoxide::handler] WS Invalid message: data did not match any variant of untagged enum Message
[2026-09-09T23:12:46.251Z WARN  chromiumoxide::handler] WS Invalid message: data did not match any variant of untagged enum Message
[2026-09-09T23:12:46.251Z WARN  chromiumoxide::handler] WS Invalid message: data did not match any variant of untagged enum Message
[2026-09-09T23:12:46.251Z WARN  chromiumoxide::handler] WS Invalid message: data did not match any variant of untagged enum Message
[2026-09-09T23:12:46.251Z WARN  chromiumoxide::handler] WS Invalid message: data did not match any variant of untagged enum Message
[2026-09-09T23:12:46.251Z WARN  chromiumoxide::handler] WS Invalid message: data did not match any variant of untagged enum Message
[2026-09-09T23:12:46.345Z WARN  chromiumoxide::handler] WS Invalid message: data did not match any variant of untagged enum Message
[2026-09-09T23:12:46.347Z WARN  chromiumoxide::handler] WS Invalid message: data did not match any variant of untagged enum Message
[2026-09-09T23:12:46.348Z WARN  chromiumoxide::handler] WS Invalid message: data did not match any variant of untagged enum Message
[2026-09-09T23:12:46.354Z WARN  chromiumoxide::handler] WS Invalid message: data did not match any variant of untagged enum Message
[2026-09-09T23:12:46.355Z WARN  chromiumoxide::handler] WS Invalid message: data did not match any variant of untagged enum Message
[2026-09-09T23:12:46.365Z WARN  chromiumoxide::handler] WS Invalid message: data did not match any variant of untagged enum Message
[2026-09-09T23:12:46.365Z WARN  chromiumoxide::handler] WS Invalid message: data did not match any variant of untagged enum Message
[2026-09-09T23:12:46.366Z WARN  chromiumoxide::handler] WS Invalid message: data did not match any variant of untagged enum Message
[2026-09-09T23:12:46.371Z WARN  chromiumoxide::handler] WS Invalid message: data did not match any variant of untagged enum Message
[2026-09-09T23:12:46.371Z WARN  chromiumoxide::handler] WS Invalid message: data did not match any variant of untagged enum Message
[2026-09-09T23:12:46.374Z WARN  chromiumoxide::handler] WS Invalid message: data did not match any variant of untagged enum Message
[2026-09-09T23:12:46.381Z WARN  chromiumoxide::handler] WS Invalid message: data did not match any variant of untagged enum Message
[2026-09-09T23:12:46.381Z WARN  chromiumoxide::handler] WS Invalid message: data did not match any variant of untagged enum Message
[2026-09-09T23:12:46.381Z WARN  chromiumoxide::handler] WS Invalid message: data did not match any variant of untagged enum Message
[2026-09-09T23:12:46.381Z WARN  chromiumoxide::handler] WS Invalid message: data did not match any variant of untagged enum Message
[2026-09-09T23:12:46.381Z WARN  chromiumoxide::handler] WS Invalid message: data did not match any variant of untagged enum Message
[2026-09-09T23:12:46.516Z WARN  chromiumoxide::handler] WS Invalid message: data did not match any variant of untagged enum Message
[2026-09-09T23:12:46.517Z WARN  chromiumoxide::handler] WS Invalid message: data did not match any variant of untagged enum Message
[2026-09-09T23:12:46.517Z WARN  chromiumoxide::handler] WS Invalid message: data did not match any variant of untagged enum Message
[2026-09-09T23:12:46.517Z WARN  chromiumoxide::handler] WS Invalid message: data did not match any variant of untagged enum Message
[2026-09-09T23:12:46.517Z WARN  chromiumoxide::handler] WS Invalid message: data did not match any variant of untagged enum Message
[2026-09-09T23:12:46.563Z WARN  chromiumoxide::handler] WS Invalid message: data did not match any variant of untagged enum Message
[2026-09-09T23:12:46.563Z WARN  chromiumoxide::handler] WS Invalid message: data did not match any variant of untagged enum Message
[2026-09-09T23:12:46.685Z WARN  chromiumoxide::handler] WS Invalid message: data did not match any variant of untagged enum Message
[2026-09-09T23:12:46.686Z WARN  chromiumoxide::handler] WS Invalid message: data did not match any variant of untagged enum Message
[2026-09-09T23:12:46.698Z WARN  chromiumoxide::handler] WS Invalid message: data did not match any variant of untagged enum Message
[2026-09-09T23:12:46.698Z WARN  chromiumoxide::handler] WS Invalid message: data did not match any variant of untagged enum Message
[2026-09-09T23:12:46.698Z WARN  chromiumoxide::handler] WS Invalid message: data did not match any variant of untagged enum Message
[2026-09-09T23:12:46.698Z WARN  chromiumoxide::handler] WS Invalid message: data did not match any variant of untagged enum Message
[2026-09-09T23:12:46.758Z WARN  chromiumoxide::handler] WS Invalid message: data did not match any variant of untagged enum Message
[2026-09-09T23:12:47.112Z WARN  chromiumoxide::handler] WS Invalid message: data did not match any variant of untagged enum Message
[2026-09-09T23:12:47.124Z WARN  chromiumoxide::handler] WS Invalid message: data did not match any variant of untagged enum Message
[2026-09-09T23:12:47.356Z WARN  chromiumoxide::handler] WS Invalid message: data did not match any variant of untagged enum Message
[2026-09-09T23:12:47.380Z WARN  chromiumoxide::handler] WS Invalid message: data did not match any variant of untagged enum Message
[2026-09-09T23:12:47.407Z WARN  chromiumoxide::handler] WS Invalid message: data did not match any variant of untagged enum Message
[2026-09-09T23:12:47.416Z WARN  chromiumoxide::handler] WS Invalid message: data did not match any variant of untagged enum Message
[2026-09-09T23:12:47.420Z WARN  chromiumoxide::handler] WS Invalid message: data did not match any variant of untagged enum Message
[2026-09-09T23:12:47.438Z WARN  chromiumoxide::handler] WS Invalid message: data did not match any variant of untagged enum Message
[2026-09-09T23:12:47.752Z WARN  chromiumoxide::handler] WS Invalid message: data did not match any variant of untagged enum Message
[2026-09-09T23:12:47.823Z WARN  chromiumoxide::handler] WS Invalid message: data did not match any variant of untagged enum Message
[2026-09-09T23:12:50.114Z WARN  chromiumoxide::handler] WS Invalid message: data did not match any variant of untagged enum Message
[2026-09-09T23:12:50.613Z WARN  chromiumoxide::handler] WS Invalid message: data did not match any variant of untagged enum Message
[2026-09-09T23:12:50.613Z WARN  chromiumoxide::handler] WS Invalid message: data did not match any variant of untagged enum Message
[2026-09-09T23:12:52.727Z WARN  chromiumoxide::handler] WS Invalid message: data did not match any variant of untagged enum Message
[2026-09-09T23:12:52.727Z WARN  chromiumoxide::handler] WS Invalid message: data did not match any variant of untagged enum Message
[2026-09-09T23:12:52.727Z WARN  chromiumoxide::handler] WS Invalid message: data did not match any variant of untagged enum Message
{"level":30,"time":1788995572785,"pid":87557,"hostname":"vps-15cf2c41","reqId":"req-2x","req":{"method":"GET","url":"/api/v1/workspace/meta","host":"127.0.0.1:6240","remoteAddress":"127.0.0.1","remotePort":44734},"msg":"incoming request"}
[2026-09-09T23:12:52.787Z WARN  chromiumoxide::handler] WS Invalid message: data did not match any variant of untagged enum Message
[2026-09-09T23:12:52.788Z WARN  chromiumoxide::handler] WS Invalid message: data did not match any variant of untagged enum Message
{"level":30,"time":1788995572789,"pid":87557,"hostname":"vps-15cf2c41","reqId":"req-2x","res":{"statusCode":200},"responseTime":3.7410429999872576,"msg":"request completed"}
[2026-09-09T23:12:52.798Z WARN  chromiumoxide::handler] WS Invalid message: data did not match any variant of untagged enum Message
[2026-09-09T23:12:52.804Z WARN  chromiumoxide::handler] WS Invalid message: data did not match any variant of untagged enum Message
{"level":30,"time":1788995572807,"pid":87557,"hostname":"vps-15cf2c41","reqId":"req-2y","req":{"method":"GET","url":"/api/v1/workspace/meta","host":"127.0.0.1:6240","remoteAddress":"127.0.0.1","remotePort":44750},"msg":"incoming request"}
{"level":30,"time":1788995572807,"pid":87557,"hostname":"vps-15cf2c41","reqId":"req-2y","res":{"statusCode":200},"responseTime":0.4372470000089379,"msg":"request completed"}
[2026-09-09T23:12:52.893Z WARN  chromiumoxide::handler] WS Invalid message: data did not match any variant of untagged enum Message
{"level":30,"time":1788995572895,"pid":87557,"hostname":"vps-15cf2c41","reqId":"req-2z","req":{"method":"GET","url":"/api/v1/tree?path=.","host":"127.0.0.1:6240","remoteAddress":"127.0.0.1","remotePort":44764},"msg":"incoming request"}
[2026-09-09T23:12:52.900Z WARN  chromiumoxide::handler] WS Invalid message: data did not match any variant of untagged enum Message
{"level":30,"time":1788995572902,"pid":87557,"hostname":"vps-15cf2c41","reqId":"req-2z","res":{"statusCode":200},"responseTime":7.071467000001576,"msg":"request completed"}
{"level":30,"time":1788995572903,"pid":87557,"hostname":"vps-15cf2c41","reqId":"req-30","req":{"method":"PUT","url":"/api/v1/ui/state","host":"127.0.0.1:6240","remoteAddress":"127.0.0.1","remotePort":44776},"msg":"incoming request"}
{"level":30,"time":1788995572905,"pid":87557,"hostname":"vps-15cf2c41","reqId":"req-30","res":{"statusCode":204},"responseTime":2.1097220000083325,"msg":"request completed"}
[2026-09-09T23:12:52.907Z WARN  chromiumoxide::handler] WS Invalid message: data did not match any variant of untagged enum Message
{"level":30,"time":1788995572909,"pid":87557,"hostname":"vps-15cf2c41","reqId":"req-31","req":{"method":"GET","url":"/api/v1/filesystems","host":"127.0.0.1:6240","remoteAddress":"127.0.0.1","remotePort":44788},"msg":"incoming request"}
{"level":30,"time":1788995572910,"pid":87557,"hostname":"vps-15cf2c41","reqId":"req-31","res":{"statusCode":200},"responseTime":0.935274000003119,"msg":"request completed"}
[2026-09-09T23:12:52.915Z WARN  chromiumoxide::handler] WS Invalid message: data did not match any variant of untagged enum Message
{"level":30,"time":1788995572917,"pid":87557,"hostname":"vps-15cf2c41","reqId":"req-32","req":{"method":"GET","url":"/api/v1/agents","host":"127.0.0.1:6240","remoteAddress":"127.0.0.1","remotePort":44802},"msg":"incoming request"}
{"level":30,"time":1788995572918,"pid":87557,"hostname":"vps-15cf2c41","reqId":"req-32","res":{"statusCode":200},"responseTime":0.6509730000107083,"msg":"request completed"}
[2026-09-09T23:12:52.925Z WARN  chromiumoxide::handler] WS Invalid message: data did not match any variant of untagged enum Message
{"level":30,"time":1788995572926,"pid":87557,"hostname":"vps-15cf2c41","reqId":"req-33","req":{"method":"GET","url":"/api/v1/tree?path=.","host":"127.0.0.1:6240","remoteAddress":"127.0.0.1","remotePort":44804},"msg":"incoming request"}
[2026-09-09T23:12:52.926Z WARN  chromiumoxide::handler] WS Invalid message: data did not match any variant of untagged enum Message
[2026-09-09T23:12:52.929Z WARN  chromiumoxide::handler] WS Invalid message: data did not match any variant of untagged enum Message
{"level":30,"time":1788995572934,"pid":87557,"hostname":"vps-15cf2c41","reqId":"req-34","req":{"method":"PUT","url":"/api/v1/ui/state","host":"127.0.0.1:6240","remoteAddress":"127.0.0.1","remotePort":44808},"msg":"incoming request"}
{"level":30,"time":1788995572937,"pid":87557,"hostname":"vps-15cf2c41","reqId":"req-34","res":{"statusCode":204},"responseTime":2.3240640000003623,"msg":"request completed"}
{"level":30,"time":1788995572940,"pid":87557,"hostname":"vps-15cf2c41","reqId":"req-35","req":{"method":"GET","url":"/api/v1/filesystems","host":"127.0.0.1:6240","remoteAddress":"127.0.0.1","remotePort":44824},"msg":"incoming request"}
{"level":30,"time":1788995572941,"pid":87557,"hostname":"vps-15cf2c41","reqId":"req-35","res":{"statusCode":200},"responseTime":0.6745349999982864,"msg":"request completed"}
{"level":30,"time":1788995572953,"pid":87557,"hostname":"vps-15cf2c41","reqId":"req-33","res":{"statusCode":200},"responseTime":26.996832999997423,"msg":"request completed"}
00:00.000 Waiting
[2026-09-09T23:12:53.054Z WARN  chromiumoxide::handler] WS Invalid message: data did not match any variant of untagged enum Message
[2026-09-09T23:12:53.055Z WARN  chromiumoxide::handler] WS Invalid message: data did not match any variant of untagged enum Message
[2026-09-09T23:12:53.056Z WARN  chromiumoxide::handler] WS Invalid message: data did not match any variant of untagged enum Message
{"level":30,"time":1788995573057,"pid":87557,"hostname":"vps-15cf2c41","reqId":"req-36","req":{"method":"GET","url":"/api/v1/fs/events?workspaceId=workspace","host":"127.0.0.1:6240","remoteAddress":"127.0.0.1","remotePort":44828},"msg":"incoming request"}
{"level":30,"time":1788995573061,"pid":87557,"hostname":"vps-15cf2c41","reqId":"req-37","req":{"method":"GET","url":"/api/v1/ui/commands/next?workspaceId=workspace","host":"127.0.0.1:6240","remoteAddress":"127.0.0.1","remotePort":44840},"msg":"incoming request"}
{"level":30,"time":1788995573063,"pid":87557,"hostname":"vps-15cf2c41","reqId":"req-38","req":{"method":"GET","url":"/api/v1/ui/state","host":"127.0.0.1:6240","remoteAddress":"127.0.0.1","remotePort":44846},"msg":"incoming request"}
{"level":30,"time":1788995573064,"pid":87557,"hostname":"vps-15cf2c41","reqId":"req-38","res":{"statusCode":200},"responseTime":1.0672930000000633,"msg":"request completed"}
{"level":30,"time":1788995573106,"pid":87557,"hostname":"vps-15cf2c41","reqId":"req-39","req":{"method":"GET","url":"/api/v1/agents/alpha/sessions?limit=50&archived=active","host":"127.0.0.1:6240","remoteAddress":"127.0.0.1","remotePort":44860},"msg":"incoming request"}
[2026-09-09T23:12:53.106Z WARN  chromiumoxide::handler] WS Invalid message: data did not match any variant of untagged enum Message
[2026-09-09T23:12:53.112Z WARN  chromiumoxide::handler] WS Invalid message: data did not match any variant of untagged enum Message
[2026-09-09T23:12:53.112Z WARN  chromiumoxide::handler] WS Invalid message: data did not match any variant of untagged enum Message
{"level":30,"time":1788995573129,"pid":87557,"hostname":"vps-15cf2c41","reqId":"req-3a","req":{"method":"GET","url":"/api/v1/tree?path=.","host":"127.0.0.1:6240","remoteAddress":"127.0.0.1","remotePort":44868},"msg":"incoming request"}
{"level":30,"time":1788995573131,"pid":87557,"hostname":"vps-15cf2c41","reqId":"req-3b","req":{"method":"GET","url":"/api/v1/agents/alpha/ready-status","host":"127.0.0.1:6240","remoteAddress":"127.0.0.1","remotePort":44882},"msg":"incoming request"}
{"level":30,"time":1788995573140,"pid":87557,"hostname":"vps-15cf2c41","reqId":"req-3a","res":{"statusCode":200},"responseTime":10.918419000008726,"msg":"request completed"}
[2026-09-09T23:12:53.144Z WARN  chromiumoxide::handler] WS Invalid message: data did not match any variant of untagged enum Message
{"level":30,"time":1788995573146,"pid":87557,"hostname":"vps-15cf2c41","reqId":"req-3c","req":{"method":"GET","url":"/api/v1/tree?path=.","host":"127.0.0.1:6240","remoteAddress":"127.0.0.1","remotePort":44888},"msg":"incoming request"}
{"level":30,"time":1788995573153,"pid":87557,"hostname":"vps-15cf2c41","reqId":"req-3c","res":{"statusCode":200},"responseTime":6.861372999992454,"msg":"request completed"}
[2026-09-09T23:12:53.162Z WARN  chromiumoxide::handler] WS Invalid message: data did not match any variant of untagged enum Message
{"level":30,"time":1788995573165,"pid":87557,"hostname":"vps-15cf2c41","reqId":"req-39","res":{"statusCode":200},"responseTime":58.39593199999945,"msg":"request completed"}
{"level":30,"time":1788995573165,"pid":87557,"hostname":"vps-15cf2c41","reqId":"req-3d","req":{"method":"GET","url":"/api/v1/agents/alpha/ready-status","host":"127.0.0.1:6240","remoteAddress":"127.0.0.1","remotePort":44892},"msg":"incoming request"}
[2026-09-09T23:12:53.174Z WARN  chromiumoxide::handler] WS Invalid message: data did not match any variant of untagged enum Message
{"level":30,"time":1788995573176,"pid":87557,"hostname":"vps-15cf2c41","reqId":"req-3e","req":{"method":"GET","url":"/api/v1/agents/alpha/sessions?limit=50&archived=active","host":"127.0.0.1:6240","remoteAddress":"127.0.0.1","remotePort":44904},"msg":"incoming request"}
{"level":30,"time":1788995573188,"pid":87557,"hostname":"vps-15cf2c41","reqId":"req-3d","res":{"statusCode":200},"responseTime":22.263183999995817,"msg":"request completed"}
{"level":30,"time":1788995573194,"pid":87557,"hostname":"vps-15cf2c41","reqId":"req-3e","res":{"statusCode":200},"responseTime":17.75566599999729,"msg":"request completed"}
00:00.178 Waiting
[2026-09-09T23:12:53.230Z WARN  chromiumoxide::handler] WS Invalid message: data did not match any variant of untagged enum Message
{"level":30,"time":1788995573231,"pid":87557,"hostname":"vps-15cf2c41","reqId":"req-3f","req":{"method":"GET","url":"/api/v1/ui/state","host":"127.0.0.1:6240","remoteAddress":"127.0.0.1","remotePort":44918},"msg":"incoming request"}
{"level":30,"time":1788995573232,"pid":87557,"hostname":"vps-15cf2c41","reqId":"req-3f","res":{"statusCode":200},"responseTime":0.603982000000542,"msg":"request completed"}
[2026-09-09T23:12:53.275Z WARN  chromiumoxide::handler] WS Invalid message: data did not match any variant of untagged enum Message
{"level":30,"time":1788995573276,"pid":87557,"hostname":"vps-15cf2c41","reqId":"req-3g","req":{"method":"POST","url":"/api/v1/workspace-bridge/call","host":"127.0.0.1:6240","remoteAddress":"127.0.0.1","remotePort":44926},"msg":"incoming request"}
{"level":30,"time":1788995573282,"pid":87557,"hostname":"vps-15cf2c41","reqId":"req-3g","res":{"statusCode":200},"responseTime":1.838487000000896,"msg":"request completed"}
[2026-09-09T23:12:53.309Z WARN  chromiumoxide::handler] WS Invalid message: data did not match any variant of untagged enum Message
{"level":30,"time":1788995573310,"pid":87557,"hostname":"vps-15cf2c41","reqId":"req-3h","req":{"method":"GET","url":"/api/v1/agents/session-activity/events?workspaceId=workspace","host":"127.0.0.1:6240","remoteAddress":"127.0.0.1","remotePort":44934},"msg":"incoming request"}
00:00.409 Clicking <button> (x: 28.0, y: 30.0)
[2026-09-09T23:12:53.581Z WARN  chromiumoxide::handler] WS Invalid message: data did not match any variant of untagged enum Message
[2026-09-09T23:12:53.655Z WARN  chromiumoxide::handler] WS Invalid message: data did not match any variant of untagged enum Message
{"level":30,"time":1788995573658,"pid":87557,"hostname":"vps-15cf2c41","reqId":"req-3i","req":{"method":"GET","url":"/api/v1/agents/alpha/sessions?limit=50&archived=archived","host":"127.0.0.1:6240","remoteAddress":"127.0.0.1","remotePort":44944},"msg":"incoming request"}
{"level":30,"time":1788995573670,"pid":87557,"hostname":"vps-15cf2c41","reqId":"req-3i","res":{"statusCode":200},"responseTime":10.094465999995009,"msg":"request completed"}
00:00.809 Waiting
00:01.074 Clicking <button> (x: 166.7, y: 82.0, content: "Search⌘K")
00:01.330 Pressing Escape (code: 27)
00:01.467 Clicking <button> (x: 28.0, y: 30.0)
00:01.762 Waiting
00:02.011 Clicking <button> (x: 166.7, y: 82.0, content: "Search⌘K")
00:02.279 Typing no-matching-fixture-command (delay: 0ms)
[2026-09-09T23:12:55.410Z WARN  chromiumoxide::handler] WS Invalid message: data did not match any variant of untagged enum Message
{"level":30,"time":1788995575413,"pid":87557,"hostname":"vps-15cf2c41","reqId":"req-3j","req":{"method":"POST","url":"/api/v1/agents/alpha/sessions","host":"127.0.0.1:6240","remoteAddress":"127.0.0.1","remotePort":44954},"msg":"incoming request"}
{"level":30,"time":1788995575428,"pid":87557,"hostname":"vps-15cf2c41","reqId":"req-3j","res":{"statusCode":201},"responseTime":14.273331000003964,"msg":"request completed"}
[2026-09-09T23:12:55.447Z WARN  chromiumoxide::handler] WS Invalid message: data did not match any variant of untagged enum Message
{"level":30,"time":1788995575448,"pid":87557,"hostname":"vps-15cf2c41","reqId":"req-3k","req":{"method":"GET","url":"/api/v1/agents/alpha/sessions?limit=50&archived=active","host":"127.0.0.1:6240","remoteAddress":"127.0.0.1","remotePort":44966},"msg":"incoming request"}
{"level":30,"time":1788995575471,"pid":87557,"hostname":"vps-15cf2c41","reqId":"req-3k","res":{"statusCode":200},"responseTime":22.65909400000237,"msg":"request completed"}
[2026-09-09T23:12:55.512Z WARN  chromiumoxide::handler] WS Invalid message: data did not match any variant of untagged enum Message
{"level":30,"time":1788995575513,"pid":87557,"hostname":"vps-15cf2c41","reqId":"req-3l","req":{"method":"GET","url":"/api/v1/ui/state","host":"127.0.0.1:6240","remoteAddress":"127.0.0.1","remotePort":44978},"msg":"incoming request"}
{"level":30,"time":1788995575514,"pid":87557,"hostname":"vps-15cf2c41","reqId":"req-3l","res":{"statusCode":200},"responseTime":0.5007780000014463,"msg":"request completed"}
[2026-09-09T23:12:55.514Z WARN  chromiumoxide::handler] WS Invalid message: data did not match any variant of untagged enum Message
{"level":30,"time":1788995575518,"pid":87557,"hostname":"vps-15cf2c41","reqId":"req-3m","req":{"method":"GET","url":"/api/v1/agents/alpha/sessions?limit=50&archived=archived","host":"127.0.0.1:6240","remoteAddress":"127.0.0.1","remotePort":44984},"msg":"incoming request"}
{"level":30,"time":1788995575527,"pid":87557,"hostname":"vps-15cf2c41","reqId":"req-3m","res":{"statusCode":200},"responseTime":9.301868999988073,"msg":"request completed"}
[2026-09-09T23:12:55.569Z WARN  chromiumoxide::handler] WS Invalid message: data did not match any variant of untagged enum Message
{"level":30,"time":1788995575571,"pid":87557,"hostname":"vps-15cf2c41","reqId":"req-3n","req":{"method":"POST","url":"/api/v1/workspace-bridge/call","host":"127.0.0.1:6240","remoteAddress":"127.0.0.1","remotePort":44996},"msg":"incoming request"}
{"level":30,"time":1788995575573,"pid":87557,"hostname":"vps-15cf2c41","reqId":"req-3n","res":{"statusCode":200},"responseTime":1.3150230000028387,"msg":"request completed"}
[2026-09-09T23:12:55.801Z WARN  chromiumoxide::handler] WS Invalid message: data did not match any variant of untagged enum Message
{"level":30,"time":1788995575802,"pid":87557,"hostname":"vps-15cf2c41","reqId":"req-3o","req":{"method":"GET","url":"/api/v1/agents/alpha/models","host":"127.0.0.1:6240","remoteAddress":"127.0.0.1","remotePort":45004},"msg":"incoming request"}
[2026-09-09T23:12:55.803Z WARN  chromiumoxide::handler] WS Invalid message: data did not match any variant of untagged enum Message
{"level":30,"time":1788995575807,"pid":87557,"hostname":"vps-15cf2c41","reqId":"req-3p","req":{"method":"GET","url":"/api/v1/agents/alpha/commands?sessionId=scripted-3","host":"127.0.0.1:6240","remoteAddress":"127.0.0.1","remotePort":45018},"msg":"incoming request"}
[2026-09-09T23:12:55.809Z WARN  chromiumoxide::handler] WS Invalid message: data did not match any variant of untagged enum Message
{"level":30,"time":1788995575813,"pid":87557,"hostname":"vps-15cf2c41","reqId":"req-3q","req":{"method":"GET","url":"/api/v1/workspace/meta","host":"127.0.0.1:6240","remoteAddress":"127.0.0.1","remotePort":45022},"msg":"incoming request"}
{"level":30,"time":1788995575813,"pid":87557,"hostname":"vps-15cf2c41","reqId":"req-3q","res":{"statusCode":200},"responseTime":0.46768600000359584,"msg":"request completed"}
{"level":30,"time":1788995575829,"pid":87557,"hostname":"vps-15cf2c41","reqId":"req-3o","res":{"statusCode":200},"responseTime":27.040640999999596,"msg":"request completed"}
[2026-09-09T23:12:55.831Z WARN  chromiumoxide::handler] WS Invalid message: data did not match any variant of untagged enum Message
{"level":30,"time":1788995575836,"pid":87557,"hostname":"vps-15cf2c41","reqId":"req-3r","req":{"method":"GET","url":"/api/v1/workspace/meta","host":"127.0.0.1:6240","remoteAddress":"127.0.0.1","remotePort":45032},"msg":"incoming request"}
{"level":30,"time":1788995575837,"pid":87557,"hostname":"vps-15cf2c41","reqId":"req-3r","res":{"statusCode":200},"responseTime":0.5528059999924153,"msg":"request completed"}
[2026-09-09T23:12:55.838Z WARN  chromiumoxide::handler] WS Invalid message: data did not match any variant of untagged enum Message
{"level":30,"time":1788995575841,"pid":87557,"hostname":"vps-15cf2c41","reqId":"req-3s","req":{"method":"GET","url":"/api/v1/agents/alpha/models","host":"127.0.0.1:6240","remoteAddress":"127.0.0.1","remotePort":45044},"msg":"incoming request"}
{"level":30,"time":1788995575844,"pid":87557,"hostname":"vps-15cf2c41","reqId":"req-3p","res":{"statusCode":200},"responseTime":37.130600999997114,"msg":"request completed"}
[2026-09-09T23:12:55.862Z WARN  chromiumoxide::handler] WS Invalid message: data did not match any variant of untagged enum Message
{"level":30,"time":1788995575862,"pid":87557,"hostname":"vps-15cf2c41","reqId":"req-3t","req":{"method":"GET","url":"/api/v1/agents/alpha/commands?sessionId=scripted-3","host":"127.0.0.1:6240","remoteAddress":"127.0.0.1","remotePort":45054},"msg":"incoming request"}
{"level":30,"time":1788995575873,"pid":87557,"hostname":"vps-15cf2c41","reqId":"req-3s","res":{"statusCode":200},"responseTime":32.38014999999723,"msg":"request completed"}
{"level":30,"time":1788995575882,"pid":87557,"hostname":"vps-15cf2c41","reqId":"req-3t","res":{"statusCode":200},"responseTime":19.81583700000192,"msg":"request completed"}
[2026-09-09T23:12:55.942Z WARN  chromiumoxide::handler] WS Invalid message: data did not match any variant of untagged enum Message
{"level":30,"time":1788995575944,"pid":87557,"hostname":"vps-15cf2c41","reqId":"req-3u","req":{"method":"GET","url":"/api/v1/agents/alpha/commands?sessionId=scripted-3","host":"127.0.0.1:6240","remoteAddress":"127.0.0.1","remotePort":45070},"msg":"incoming request"}
{"level":30,"time":1788995575955,"pid":87557,"hostname":"vps-15cf2c41","reqId":"req-3u","res":{"statusCode":200},"responseTime":10.68334099999629,"msg":"request completed"}
{"level":30,"time":1788995576051,"pid":87557,"hostname":"vps-15cf2c41","reqId":"req-3v","req":{"method":"GET","url":"/api/v1/agents/alpha/sessions/scripted-3/state","host":"127.0.0.1:6240","remoteAddress":"127.0.0.1","remotePort":45078},"msg":"incoming request"}
[2026-09-09T23:12:56.055Z WARN  chromiumoxide::handler] WS Invalid message: data did not match any variant of untagged enum Message
{"level":30,"time":1788995576058,"pid":87557,"hostname":"vps-15cf2c41","reqId":"req-3w","req":{"method":"GET","url":"/api/v1/agents/session-activity/events?workspaceId=workspace","host":"127.0.0.1:6240","remoteAddress":"127.0.0.1","remotePort":45086},"msg":"incoming request"}
[2026-09-09T23:12:56.059Z WARN  chromiumoxide::handler] WS Invalid message: data did not match any variant of untagged enum Message
{"level":30,"time":1788995576076,"pid":87557,"hostname":"vps-15cf2c41","reqId":"req-3v","res":{"statusCode":200},"responseTime":25.43701099998725,"msg":"request completed"}
{"level":30,"time":1788995576348,"pid":87557,"hostname":"vps-15cf2c41","reqId":"req-3x","req":{"method":"GET","url":"/api/v1/agents/alpha/models","host":"127.0.0.1:6240","remoteAddress":"127.0.0.1","remotePort":45092},"msg":"incoming request"}
[2026-09-09T23:12:56.348Z WARN  chromiumoxide::handler] WS Invalid message: data did not match any variant of untagged enum Message
[2026-09-09T23:12:56.351Z WARN  chromiumoxide::handler] WS Invalid message: data did not match any variant of untagged enum Message
{"level":30,"time":1788995576351,"pid":87557,"hostname":"vps-15cf2c41","reqId":"req-3y","req":{"method":"GET","url":"/api/v1/agents/alpha/sessions/scripted-3/events?cursor=0","host":"127.0.0.1:6240","remoteAddress":"127.0.0.1","remotePort":45100},"msg":"incoming request"}
{"level":30,"time":1788995576364,"pid":87557,"hostname":"vps-15cf2c41","reqId":"req-3x","res":{"statusCode":200},"responseTime":16.120286999997916,"msg":"request completed"}
{"level":30,"time":1788995577265,"pid":87557,"hostname":"vps-15cf2c41","reqId":"req-3z","req":{"method":"PUT","url":"/api/v1/ui/state","host":"127.0.0.1:6240","remoteAddress":"127.0.0.1","remotePort":33796},"msg":"incoming request"}
[2026-09-09T23:12:57.265Z WARN  chromiumoxide::handler] WS Invalid message: data did not match any variant of untagged enum Message
{"level":30,"time":1788995577266,"pid":87557,"hostname":"vps-15cf2c41","reqId":"req-3z","res":{"statusCode":204},"responseTime":0.9945100000040838,"msg":"request completed"}
[2026-09-09T23:12:57.275Z WARN  chromiumoxide::handler] WS Invalid message: data did not match any variant of untagged enum Message
{"level":30,"time":1788995577277,"pid":87557,"hostname":"vps-15cf2c41","reqId":"req-40","req":{"method":"GET","url":"/api/v1/agents/alpha/commands?sessionId=scripted-3","host":"127.0.0.1:6240","remoteAddress":"127.0.0.1","remotePort":33798},"msg":"incoming request"}
{"level":30,"time":1788995577288,"pid":87557,"hostname":"vps-15cf2c41","reqId":"req-40","res":{"statusCode":200},"responseTime":11.32886100000178,"msg":"request completed"}
00:04.364 Pressing Escape (code: 27)
00:04.503 Clicking <button> (x: 199.4, y: 23.5)
00:04.764 Typing no-matching-fixture-command (delay: 0ms)
00:05.766 Clicking <button> (x: 303.7, y: 99.0, content: "Commands")
00:06.074 Pressing Escape (code: 27)
00:06.395 Waiting
00:06.687 Waiting
00:06.991 Clicking <button> (x: 199.4, y: 23.5)
00:07.437 Clicking <button> (x: 303.7, y: 99.0, content: "Commands")
00:07.760 Waiting
00:08.103 Typing no-matching-fixture-command (delay: 0ms)
00:09.470 Typing > (delay: 0ms)
00:09.597 Pressing Escape (code: 27)
00:09.896 Waiting
00:10.191 Clicking <button> (x: 199.4, y: 23.5)
00:10.612 Typing > (delay: 0ms)
00:10.777 Pressing Escape (code: 27)
00:11.092 Clicking <button> (x: 199.4, y: 23.5)
00:11.501 Clicking <button> (x: 303.7, y: 99.0, content: "Commands")
00:11.832 Typing no-matching-fixture-command (delay: 0ms)
00:12.925 Waiting
00:13.239 Waiting
00:13.445 Clicking <button> (x: 303.7, y: 99.0, content: "Commands")
00:13.567 Typing no-matching-fixture-command (delay: 0ms)
00:14.841 Pressing Escape (code: 27)
00:15.102 Clicking <button> (x: 199.4, y: 23.5)
00:15.572 Pressing Escape (code: 27)
00:15.943 Waiting
00:16.299 Clicking <button> (x: 199.4, y: 23.5)
00:16.726 Pressing Escape (code: 27)
00:17.084 Waiting
00:17.437 Clicking <button> (x: 199.4, y: 23.5)
00:17.876 Waiting
00:18.210 Waiting
00:18.540 Typing > (delay: 0ms)
00:18.732 Waiting
00:18.869 Clicking <button> (x: 303.7, y: 99.0, content: "Commands")
00:19.024 Pressing Escape (code: 27)
00:19.365 Clicking <button> (x: 199.4, y: 23.5)

Test finished after time limit!

Inspect the test results using:

  bombadil browser inspect /dev/shm/cpr-aa4/boring-ui-review-run.vt93ir/explore-mobile.yNNidP

Reproduce this test using:

  bombadil browser test http://127.0.0.1:6230/?fresh=1 <sandbox-root>/tools/ui-review/src/review-specs/workspace-command-palette/bombadil.spec.ts --width 390 --height 844 --headless --no-sandbox --reproduce /dev/shm/cpr-aa4/boring-ui-review-run.vt93ir/explore-mobile.yNNidP

{"level":30,"time":1788995592822,"pid":87557,"hostname":"vps-15cf2c41","reqId":"req-3y","res":{"statusCode":200},"msg":"stream closed prematurely"}
[2026-09-09T23:13:16.279Z WARN  chromiumoxide::handler] WS Invalid message: data did not match any variant of untagged enum Message
[2026-09-09T23:13:16.285Z WARN  chromiumoxide::handler] WS Invalid message: data did not match any variant of untagged enum Message
[2026-09-09T23:13:16.286Z WARN  chromiumoxide::handler] WS Invalid message: data did not match any variant of untagged enum Message
[2026-09-09T23:13:16.310Z WARN  chromiumoxide::handler] WS Invalid message: data did not match any variant of untagged enum Message
[2026-09-09T23:13:16.312Z WARN  chromiumoxide::handler] WS Invalid message: data did not match any variant of untagged enum Message
[2026-09-09T23:13:16.313Z WARN  chromiumoxide::handler] WS Invalid message: data did not match any variant of untagged enum Message
[2026-09-09T23:13:16.313Z WARN  chromiumoxide::handler] WS Invalid message: data did not match any variant of untagged enum Message
[2026-09-09T23:13:16.328Z WARN  chromiumoxide::handler] WS Invalid message: data did not match any variant of untagged enum Message
[2026-09-09T23:13:16.329Z WARN  chromiumoxide::handler] WS Invalid message: data did not match any variant of untagged enum Message
[2026-09-09T23:13:16.329Z WARN  chromiumoxide::handler] WS Invalid message: data did not match any variant of untagged enum Message
[2026-09-09T23:13:16.341Z WARN  chromiumoxide::handler] WS Invalid message: data did not match any variant of untagged enum Message
[2026-09-09T23:13:16.401Z WARN  chromiumoxide::handler] WS Invalid message: data did not match any variant of untagged enum Message
[2026-09-09T23:13:16.409Z WARN  chromiumoxide::handler] WS Invalid message: data did not match any variant of untagged enum Message
[2026-09-09T23:13:16.760Z WARN  chromiumoxide::handler] WS Invalid message: data did not match any variant of untagged enum Message
[2026-09-09T23:13:16.760Z WARN  chromiumoxide::handler] WS Invalid message: data did not match any variant of untagged enum Message
[2026-09-09T23:13:16.760Z WARN  chromiumoxide::handler] WS Invalid message: data did not match any variant of untagged enum Message
[2026-09-09T23:13:16.760Z WARN  chromiumoxide::handler] WS Invalid message: data did not match any variant of untagged enum Message
[2026-09-09T23:13:16.760Z WARN  chromiumoxide::handler] WS Invalid message: data did not match any variant of untagged enum Message
[2026-09-09T23:13:16.760Z WARN  chromiumoxide::handler] WS Invalid message: data did not match any variant of untagged enum Message
[2026-09-09T23:13:16.778Z WARN  chromiumoxide::handler] WS Invalid message: data did not match any variant of untagged enum Message
[2026-09-09T23:13:16.855Z WARN  chromiumoxide::handler] WS Invalid message: data did not match any variant of untagged enum Message
[2026-09-09T23:13:16.882Z WARN  chromiumoxide::handler] WS Invalid message: data did not match any variant of untagged enum Message
[2026-09-09T23:13:16.882Z WARN  chromiumoxide::handler] WS Invalid message: data did not match any variant of untagged enum Message
[2026-09-09T23:13:16.964Z WARN  chromiumoxide::handler] WS Invalid message: data did not match any variant of untagged enum Message
[2026-09-09T23:13:16.991Z WARN  chromiumoxide::handler] WS Invalid message: data did not match any variant of untagged enum Message
[2026-09-09T23:13:16.991Z WARN  chromiumoxide::handler] WS Invalid message: data did not match any variant of untagged enum Message
[2026-09-09T23:13:17.170Z WARN  chromiumoxide::handler] WS Invalid message: data did not match any variant of untagged enum Message
[2026-09-09T23:13:17.170Z WARN  chromiumoxide::handler] WS Invalid message: data did not match any variant of untagged enum Message
[2026-09-09T23:13:17.171Z WARN  chromiumoxide::handler] WS Invalid message: data did not match any variant of untagged enum Message
[2026-09-09T23:13:17.171Z WARN  chromiumoxide::handler] WS Invalid message: data did not match any variant of untagged enum Message
[2026-09-09T23:13:17.227Z WARN  chromiumoxide::handler] WS Invalid message: data did not match any variant of untagged enum Message
[2026-09-09T23:13:17.227Z WARN  chromiumoxide::handler] WS Invalid message: data did not match any variant of untagged enum Message
[2026-09-09T23:13:17.227Z WARN  chromiumoxide::handler] WS Invalid message: data did not match any variant of untagged enum Message
[2026-09-09T23:13:17.228Z WARN  chromiumoxide::handler] WS Invalid message: data did not match any variant of untagged enum Message
[2026-09-09T23:13:17.228Z WARN  chromiumoxide::handler] WS Invalid message: data did not match any variant of untagged enum Message
[2026-09-09T23:13:17.295Z WARN  chromiumoxide::handler] WS Invalid message: data did not match any variant of untagged enum Message
[2026-09-09T23:13:17.308Z WARN  chromiumoxide::handler] WS Invalid message: data did not match any variant of untagged enum Message
[2026-09-09T23:13:17.393Z WARN  chromiumoxide::handler] WS Invalid message: data did not match any variant of untagged enum Message
[2026-09-09T23:13:17.393Z WARN  chromiumoxide::handler] WS Invalid message: data did not match any variant of untagged enum Message
[2026-09-09T23:13:17.444Z WARN  chromiumoxide::handler] WS Invalid message: data did not match any variant of untagged enum Message
[2026-09-09T23:13:17.444Z WARN  chromiumoxide::handler] WS Invalid message: data did not match any variant of untagged enum Message
[2026-09-09T23:13:17.446Z WARN  chromiumoxide::handler] WS Invalid message: data did not match any variant of untagged enum Message
[2026-09-09T23:13:17.446Z WARN  chromiumoxide::handler] WS Invalid message: data did not match any variant of untagged enum Message
[2026-09-09T23:13:17.586Z WARN  chromiumoxide::handler] WS Invalid message: data did not match any variant of untagged enum Message
[2026-09-09T23:13:17.587Z WARN  chromiumoxide::handler] WS Invalid message: data did not match any variant of untagged enum Message
[2026-09-09T23:13:17.587Z WARN  chromiumoxide::handler] WS Invalid message: data did not match any variant of untagged enum Message
[2026-09-09T23:13:17.587Z WARN  chromiumoxide::handler] WS Invalid message: data did not match any variant of untagged enum Message
[2026-09-09T23:13:17.587Z WARN  chromiumoxide::handler] WS Invalid message: data did not match any variant of untagged enum Message
[2026-09-09T23:13:17.588Z WARN  chromiumoxide::handler] WS Invalid message: data did not match any variant of untagged enum Message
[2026-09-09T23:13:17.588Z WARN  chromiumoxide::handler] WS Invalid message: data did not match any variant of untagged enum Message
[2026-09-09T23:13:17.588Z WARN  chromiumoxide::handler] WS Invalid message: data did not match any variant of untagged enum Message
[2026-09-09T23:13:17.588Z WARN  chromiumoxide::handler] WS Invalid message: data did not match any variant of untagged enum Message
[2026-09-09T23:13:17.588Z WARN  chromiumoxide::handler] WS Invalid message: data did not match any variant of untagged enum Message
[2026-09-09T23:13:17.588Z WARN  chromiumoxide::handler] WS Invalid message: data did not match any variant of untagged enum Message
[2026-09-09T23:13:17.589Z WARN  chromiumoxide::handler] WS Invalid message: data did not match any variant of untagged enum Message
[2026-09-09T23:13:17.589Z WARN  chromiumoxide::handler] WS Invalid message: data did not match any variant of untagged enum Message
[2026-09-09T23:13:17.589Z WARN  chromiumoxide::handler] WS Invalid message: data did not match any variant of untagged enum Message
[2026-09-09T23:13:17.607Z WARN  chromiumoxide::handler] WS Invalid message: data did not match any variant of untagged enum Message
[2026-09-09T23:13:17.621Z WARN  chromiumoxide::handler] WS Invalid message: data did not match any variant of untagged enum Message
[2026-09-09T23:13:17.628Z WARN  chromiumoxide::handler] WS Invalid message: data did not match any variant of untagged enum Message
[2026-09-09T23:13:17.895Z WARN  chromiumoxide::handler] WS Invalid message: data did not match any variant of untagged enum Message
[2026-09-09T23:13:17.895Z WARN  chromiumoxide::handler] WS Invalid message: data did not match any variant of untagged enum Message
[2026-09-09T23:13:17.896Z WARN  chromiumoxide::handler] WS Invalid message: data did not match any variant of untagged enum Message
[2026-09-09T23:13:17.958Z WARN  chromiumoxide::handler] WS Invalid message: data did not match any variant of untagged enum Message
[2026-09-09T23:13:17.994Z WARN  chromiumoxide::handler] WS Invalid message: data did not match any variant of untagged enum Message
[2026-09-09T23:13:17.995Z WARN  chromiumoxide::handler] WS Invalid message: data did not match any variant of untagged enum Message
[2026-09-09T23:13:17.995Z WARN  chromiumoxide::handler] WS Invalid message: data did not match any variant of untagged enum Message
[2026-09-09T23:13:17.995Z WARN  chromiumoxide::handler] WS Invalid message: data did not match any variant of untagged enum Message
[2026-09-09T23:13:17.995Z WARN  chromiumoxide::handler] WS Invalid message: data did not match any variant of untagged enum Message
[2026-09-09T23:13:17.995Z WARN  chromiumoxide::handler] WS Invalid message: data did not match any variant of untagged enum Message
[2026-09-09T23:13:18.022Z WARN  chromiumoxide::handler] WS Invalid message: data did not match any variant of untagged enum Message
[2026-09-09T23:13:18.051Z WARN  chromiumoxide::handler] WS Invalid message: data did not match any variant of untagged enum Message
[2026-09-09T23:13:18.052Z WARN  chromiumoxide::handler] WS Invalid message: data did not match any variant of untagged enum Message
[2026-09-09T23:13:18.052Z WARN  chromiumoxide::handler] WS Invalid message: data did not match any variant of untagged enum Message
[2026-09-09T23:13:18.052Z WARN  chromiumoxide::handler] WS Invalid message: data did not match any variant of untagged enum Message
[2026-09-09T23:13:18.052Z WARN  chromiumoxide::handler] WS Invalid message: data did not match any variant of untagged enum Message
[2026-09-09T23:13:18.053Z WARN  chromiumoxide::handler] WS Invalid message: data did not match any variant of untagged enum Message
[2026-09-09T23:13:18.076Z WARN  chromiumoxide::handler] WS Invalid message: data did not match any variant of untagged enum Message
[2026-09-09T23:13:18.077Z WARN  chromiumoxide::handler] WS Invalid message: data did not match any variant of untagged enum Message
[2026-09-09T23:13:18.100Z WARN  chromiumoxide::handler] WS Invalid message: data did not match any variant of untagged enum Message
[2026-09-09T23:13:18.109Z WARN  chromiumoxide::handler] WS Invalid message: data did not match any variant of untagged enum Message
[2026-09-09T23:13:18.110Z WARN  chromiumoxide::handler] WS Invalid message: data did not match any variant of untagged enum Message
[2026-09-09T23:13:18.114Z WARN  chromiumoxide::handler] WS Invalid message: data did not match any variant of untagged enum Message
[2026-09-09T23:13:18.115Z WARN  chromiumoxide::handler] WS Invalid message: data did not match any variant of untagged enum Message
[2026-09-09T23:13:18.116Z WARN  chromiumoxide::handler] WS Invalid message: data did not match any variant of untagged enum Message
[2026-09-09T23:13:18.139Z WARN  chromiumoxide::handler] WS Invalid message: data did not match any variant of untagged enum Message
[2026-09-09T23:13:18.161Z WARN  chromiumoxide::handler] WS Invalid message: data did not match any variant of untagged enum Message
[2026-09-09T23:13:18.162Z WARN  chromiumoxide::handler] WS Invalid message: data did not match any variant of untagged enum Message
[2026-09-09T23:13:18.162Z WARN  chromiumoxide::handler] WS Invalid message: data did not match any variant of untagged enum Message
[2026-09-09T23:13:18.162Z WARN  chromiumoxide::handler] WS Invalid message: data did not match any variant of untagged enum Message
[2026-09-09T23:13:18.162Z WARN  chromiumoxide::handler] WS Invalid message: data did not match any variant of untagged enum Message
[2026-09-09T23:13:18.162Z WARN  chromiumoxide::handler] WS Invalid message: data did not match any variant of untagged enum Message
[2026-09-09T23:13:18.177Z WARN  chromiumoxide::handler] WS Invalid message: data did not match any variant of untagged enum Message
[2026-09-09T23:13:18.178Z WARN  chromiumoxide::handler] WS Invalid message: data did not match any variant of untagged enum Message
[2026-09-09T23:13:18.205Z WARN  chromiumoxide::handler] WS Invalid message: data did not match any variant of untagged enum Message
[2026-09-09T23:13:18.206Z WARN  chromiumoxide::handler] WS Invalid message: data did not match any variant of untagged enum Message
[2026-09-09T23:13:18.206Z WARN  chromiumoxide::handler] WS Invalid message: data did not match any variant of untagged enum Message
[2026-09-09T23:13:18.207Z WARN  chromiumoxide::handler] WS Invalid message: data did not match any variant of untagged enum Message
[2026-09-09T23:13:18.207Z WARN  chromiumoxide::handler] WS Invalid message: data did not match any variant of untagged enum Message
[2026-09-09T23:13:18.207Z WARN  chromiumoxide::handler] WS Invalid message: data did not match any variant of untagged enum Message
[2026-09-09T23:13:18.231Z WARN  chromiumoxide::handler] WS Invalid message: data did not match any variant of untagged enum Message
[2026-09-09T23:13:18.231Z WARN  chromiumoxide::handler] WS Invalid message: data did not match any variant of untagged enum Message
[2026-09-09T23:13:18.231Z WARN  chromiumoxide::handler] WS Invalid message: data did not match any variant of untagged enum Message
[2026-09-09T23:13:18.231Z WARN  chromiumoxide::handler] WS Invalid message: data did not match any variant of untagged enum Message
[2026-09-09T23:13:18.231Z WARN  chromiumoxide::handler] WS Invalid message: data did not match any variant of untagged enum Message
[2026-09-09T23:13:18.239Z WARN  chromiumoxide::handler] WS Invalid message: data did not match any variant of untagged enum Message
[2026-09-09T23:13:18.246Z WARN  chromiumoxide::handler] WS Invalid message: data did not match any variant of untagged enum Message
[2026-09-09T23:13:18.318Z WARN  chromiumoxide::handler] WS Invalid message: data did not match any variant of untagged enum Message
[2026-09-09T23:13:18.328Z WARN  chromiumoxide::handler] WS Invalid message: data did not match any variant of untagged enum Message
[2026-09-09T23:13:18.328Z WARN  chromiumoxide::handler] WS Invalid message: data did not match any variant of untagged enum Message
[2026-09-09T23:13:18.342Z WARN  chromiumoxide::handler] WS Invalid message: data did not match any variant of untagged enum Message
[2026-09-09T23:13:18.361Z WARN  chromiumoxide::handler] WS Invalid message: data did not match any variant of untagged enum Message
[2026-09-09T23:13:18.361Z WARN  chromiumoxide::handler] WS Invalid message: data did not match any variant of untagged enum Message
[2026-09-09T23:13:18.361Z WARN  chromiumoxide::handler] WS Invalid message: data did not match any variant of untagged enum Message
[2026-09-09T23:13:18.361Z WARN  chromiumoxide::handler] WS Invalid message: data did not match any variant of untagged enum Message
[2026-09-09T23:13:18.361Z WARN  chromiumoxide::handler] WS Invalid message: data did not match any variant of untagged enum Message
[2026-09-09T23:13:18.372Z WARN  chromiumoxide::handler] WS Invalid message: data did not match any variant of untagged enum Message
[2026-09-09T23:13:18.372Z WARN  chromiumoxide::handler] WS Invalid message: data did not match any variant of untagged enum Message
[2026-09-09T23:13:18.378Z WARN  chromiumoxide::handler] WS Invalid message: data did not match any variant of untagged enum Message
[2026-09-09T23:13:18.380Z WARN  chromiumoxide::handler] WS Invalid message: data did not match any variant of untagged enum Message
[2026-09-09T23:13:18.380Z WARN  chromiumoxide::handler] WS Invalid message: data did not match any variant of untagged enum Message
[2026-09-09T23:13:18.461Z WARN  chromiumoxide::handler] WS Invalid message: data did not match any variant of untagged enum Message
[2026-09-09T23:13:18.461Z WARN  chromiumoxide::handler] WS Invalid message: data did not match any variant of untagged enum Message
[2026-09-09T23:13:18.461Z WARN  chromiumoxide::handler] WS Invalid message: data did not match any variant of untagged enum Message
[2026-09-09T23:13:18.461Z WARN  chromiumoxide::handler] WS Invalid message: data did not match any variant of untagged enum Message
[2026-09-09T23:13:18.730Z WARN  chromiumoxide::handler] WS Invalid message: data did not match any variant of untagged enum Message
[2026-09-09T23:13:18.730Z WARN  chromiumoxide::handler] WS Invalid message: data did not match any variant of untagged enum Message
[2026-09-09T23:13:18.731Z WARN  chromiumoxide::handler] WS Invalid message: data did not match any variant of untagged enum Message
[2026-09-09T23:13:18.731Z WARN  chromiumoxide::handler] WS Invalid message: data did not match any variant of untagged enum Message
[2026-09-09T23:13:18.731Z WARN  chromiumoxide::handler] WS Invalid message: data did not match any variant of untagged enum Message
[2026-09-09T23:13:18.731Z WARN  chromiumoxide::handler] WS Invalid message: data did not match any variant of untagged enum Message
[2026-09-09T23:13:18.732Z WARN  chromiumoxide::handler] WS Invalid message: data did not match any variant of untagged enum Message
[2026-09-09T23:13:18.732Z WARN  chromiumoxide::handler] WS Invalid message: data did not match any variant of untagged enum Message
[2026-09-09T23:13:18.732Z WARN  chromiumoxide::handler] WS Invalid message: data did not match any variant of untagged enum Message
[2026-09-09T23:13:18.733Z WARN  chromiumoxide::handler] WS Invalid message: data did not match any variant of untagged enum Message
[2026-09-09T23:13:18.941Z WARN  chromiumoxide::handler] WS Invalid message: data did not match any variant of untagged enum Message
[2026-09-09T23:13:18.943Z WARN  chromiumoxide::handler] WS Invalid message: data did not match any variant of untagged enum Message
[2026-09-09T23:13:18.943Z WARN  chromiumoxide::handler] WS Invalid message: data did not match any variant of untagged enum Message
[2026-09-09T23:13:18.943Z WARN  chromiumoxide::handler] WS Invalid message: data did not match any variant of untagged enum Message
[2026-09-09T23:13:18.943Z WARN  chromiumoxide::handler] WS Invalid message: data did not match any variant of untagged enum Message
[2026-09-09T23:13:18.943Z WARN  chromiumoxide::handler] WS Invalid message: data did not match any variant of untagged enum Message
[2026-09-09T23:13:19.004Z WARN  chromiumoxide::handler] WS Invalid message: data did not match any variant of untagged enum Message
[2026-09-09T23:13:19.006Z WARN  chromiumoxide::handler] WS Invalid message: data did not match any variant of untagged enum Message
[2026-09-09T23:13:19.006Z WARN  chromiumoxide::handler] WS Invalid message: data did not match any variant of untagged enum Message
[2026-09-09T23:13:19.007Z WARN  chromiumoxide::handler] WS Invalid message: data did not match any variant of untagged enum Message
[2026-09-09T23:13:19.007Z WARN  chromiumoxide::handler] WS Invalid message: data did not match any variant of untagged enum Message
[2026-09-09T23:13:19.007Z WARN  chromiumoxide::handler] WS Invalid message: data did not match any variant of untagged enum Message
[2026-09-09T23:13:19.013Z WARN  chromiumoxide::handler] WS Invalid message: data did not match any variant of untagged enum Message
[2026-09-09T23:13:19.108Z WARN  chromiumoxide::handler] WS Invalid message: data did not match any variant of untagged enum Message
[2026-09-09T23:13:19.108Z WARN  chromiumoxide::handler] WS Invalid message: data did not match any variant of untagged enum Message
[2026-09-09T23:13:19.108Z WARN  chromiumoxide::handler] WS Invalid message: data did not match any variant of untagged enum Message
[2026-09-09T23:13:19.108Z WARN  chromiumoxide::handler] WS Invalid message: data did not match any variant of untagged enum Message
[2026-09-09T23:13:19.112Z WARN  chromiumoxide::handler] WS Invalid message: data did not match any variant of untagged enum Message
[2026-09-09T23:13:19.117Z WARN  chromiumoxide::handler] WS Invalid message: data did not match any variant of untagged enum Message
[2026-09-09T23:13:19.138Z WARN  chromiumoxide::handler] WS Invalid message: data did not match any variant of untagged enum Message
[2026-09-09T23:13:19.138Z WARN  chromiumoxide::handler] WS Invalid message: data did not match any variant of untagged enum Message
[2026-09-09T23:13:19.139Z WARN  chromiumoxide::handler] WS Invalid message: data did not match any variant of untagged enum Message
[2026-09-09T23:13:19.139Z WARN  chromiumoxide::handler] WS Invalid message: data did not match any variant of untagged enum Message
[2026-09-09T23:13:19.139Z WARN  chromiumoxide::handler] WS Invalid message: data did not match any variant of untagged enum Message
[2026-09-09T23:13:19.139Z WARN  chromiumoxide::handler] WS Invalid message: data did not match any variant of untagged enum Message
[2026-09-09T23:13:19.163Z WARN  chromiumoxide::handler] WS Invalid message: data did not match any variant of untagged enum Message
[2026-09-09T23:13:19.165Z WARN  chromiumoxide::handler] WS Invalid message: data did not match any variant of untagged enum Message
[2026-09-09T23:13:19.165Z WARN  chromiumoxide::handler] WS Invalid message: data did not match any variant of untagged enum Message
[2026-09-09T23:13:19.165Z WARN  chromiumoxide::handler] WS Invalid message: data did not match any variant of untagged enum Message
[2026-09-09T23:13:19.322Z WARN  chromiumoxide::handler] WS Invalid message: data did not match any variant of untagged enum Message
[2026-09-09T23:13:19.323Z WARN  chromiumoxide::handler] WS Invalid message: data did not match any variant of untagged enum Message
[2026-09-09T23:13:19.370Z WARN  chromiumoxide::handler] WS Invalid message: data did not match any variant of untagged enum Message
[2026-09-09T23:13:19.371Z WARN  chromiumoxide::handler] WS Invalid message: data did not match any variant of untagged enum Message
[2026-09-09T23:13:19.378Z WARN  chromiumoxide::handler] WS Invalid message: data did not match any variant of untagged enum Message
[2026-09-09T23:13:19.379Z WARN  chromiumoxide::handler] WS Invalid message: data did not match any variant of untagged enum Message
[2026-09-09T23:13:19.379Z WARN  chromiumoxide::handler] WS Invalid message: data did not match any variant of untagged enum Message
[2026-09-09T23:13:19.379Z WARN  chromiumoxide::handler] WS Invalid message: data did not match any variant of untagged enum Message
[2026-09-09T23:13:19.423Z WARN  chromiumoxide::handler] WS Invalid message: data did not match any variant of untagged enum Message
[2026-09-09T23:13:19.753Z WARN  chromiumoxide::handler] WS Invalid message: data did not match any variant of untagged enum Message
[2026-09-09T23:13:19.778Z WARN  chromiumoxide::handler] WS Invalid message: data did not match any variant of untagged enum Message
[2026-09-09T23:13:19.825Z WARN  chromiumoxide::handler] WS Invalid message: data did not match any variant of untagged enum Message
[2026-09-09T23:13:19.825Z WARN  chromiumoxide::handler] WS Invalid message: data did not match any variant of untagged enum Message
[2026-09-09T23:13:19.826Z WARN  chromiumoxide::handler] WS Invalid message: data did not match any variant of untagged enum Message
[2026-09-09T23:13:19.852Z WARN  chromiumoxide::handler] WS Invalid message: data did not match any variant of untagged enum Message
[2026-09-09T23:13:19.862Z WARN  chromiumoxide::handler] WS Invalid message: data did not match any variant of untagged enum Message
[2026-09-09T23:13:19.885Z WARN  chromiumoxide::handler] WS Invalid message: data did not match any variant of untagged enum Message
[2026-09-09T23:13:20.365Z WARN  chromiumoxide::handler] WS Invalid message: data did not match any variant of untagged enum Message
[2026-09-09T23:13:20.445Z WARN  chromiumoxide::handler] WS Invalid message: data did not match any variant of untagged enum Message
[2026-09-09T23:13:21.470Z WARN  chromiumoxide::handler] WS Invalid message: data did not match any variant of untagged enum Message
[2026-09-09T23:13:21.999Z WARN  chromiumoxide::handler] WS Invalid message: data did not match any variant of untagged enum Message
[2026-09-09T23:13:21.999Z WARN  chromiumoxide::handler] WS Invalid message: data did not match any variant of untagged enum Message
[2026-09-09T23:13:23.628Z WARN  chromiumoxide::handler] WS Invalid message: data did not match any variant of untagged enum Message
[2026-09-09T23:13:23.629Z WARN  chromiumoxide::handler] WS Invalid message: data did not match any variant of untagged enum Message
[2026-09-09T23:13:23.629Z WARN  chromiumoxide::handler] WS Invalid message: data did not match any variant of untagged enum Message
[2026-09-09T23:13:23.629Z WARN  chromiumoxide::handler] WS Invalid message: data did not match any variant of untagged enum Message
[2026-09-09T23:13:23.787Z WARN  chromiumoxide::handler] WS Invalid message: data did not match any variant of untagged enum Message
{"level":30,"time":1788995603792,"pid":87557,"hostname":"vps-15cf2c41","reqId":"req-41","req":{"method":"GET","url":"/api/v1/workspace/meta","host":"127.0.0.1:6240","remoteAddress":"127.0.0.1","remotePort":34804},"msg":"incoming request"}
[2026-09-09T23:13:23.794Z WARN  chromiumoxide::handler] WS Invalid message: data did not match any variant of untagged enum Message
{"level":30,"time":1788995603795,"pid":87557,"hostname":"vps-15cf2c41","reqId":"req-41","res":{"statusCode":200},"responseTime":2.4259669999883045,"msg":"request completed"}
[2026-09-09T23:13:23.797Z WARN  chromiumoxide::handler] WS Invalid message: data did not match any variant of untagged enum Message
{"level":30,"time":1788995603801,"pid":87557,"hostname":"vps-15cf2c41","reqId":"req-42","req":{"method":"GET","url":"/api/v1/workspace/meta","host":"127.0.0.1:6240","remoteAddress":"127.0.0.1","remotePort":34816},"msg":"incoming request"}
[2026-09-09T23:13:23.802Z WARN  chromiumoxide::handler] WS Invalid message: data did not match any variant of untagged enum Message
{"level":30,"time":1788995603802,"pid":87557,"hostname":"vps-15cf2c41","reqId":"req-42","res":{"statusCode":200},"responseTime":0.44151100001181476,"msg":"request completed"}
[2026-09-09T23:13:23.928Z WARN  chromiumoxide::handler] WS Invalid message: data did not match any variant of untagged enum Message
{"level":30,"time":1788995603929,"pid":87557,"hostname":"vps-15cf2c41","reqId":"req-43","req":{"method":"GET","url":"/api/v1/tree?path=.","host":"127.0.0.1:6240","remoteAddress":"127.0.0.1","remotePort":34822},"msg":"incoming request"}
[2026-09-09T23:13:23.932Z WARN  chromiumoxide::handler] WS Invalid message: data did not match any variant of untagged enum Message
{"level":30,"time":1788995603933,"pid":87557,"hostname":"vps-15cf2c41","reqId":"req-44","req":{"method":"PUT","url":"/api/v1/ui/state","host":"127.0.0.1:6240","remoteAddress":"127.0.0.1","remotePort":34836},"msg":"incoming request"}
{"level":30,"time":1788995603935,"pid":87557,"hostname":"vps-15cf2c41","reqId":"req-44","res":{"statusCode":204},"responseTime":1.139816000009887,"msg":"request completed"}
{"level":30,"time":1788995603937,"pid":87557,"hostname":"vps-15cf2c41","reqId":"req-43","res":{"statusCode":200},"responseTime":7.917123999999603,"msg":"request completed"}
{"level":30,"time":1788995603945,"pid":87557,"hostname":"vps-15cf2c41","reqId":"req-45","req":{"method":"GET","url":"/api/v1/filesystems","host":"127.0.0.1:6240","remoteAddress":"127.0.0.1","remotePort":34848},"msg":"incoming request"}
[2026-09-09T23:13:23.946Z WARN  chromiumoxide::handler] WS Invalid message: data did not match any variant of untagged enum Message
{"level":30,"time":1788995603947,"pid":87557,"hostname":"vps-15cf2c41","reqId":"req-45","res":{"statusCode":200},"responseTime":1.5490109999955166,"msg":"request completed"}
[2026-09-09T23:13:23.982Z WARN  chromiumoxide::handler] WS Invalid message: data did not match any variant of untagged enum Message
{"level":30,"time":1788995603984,"pid":87557,"hostname":"vps-15cf2c41","reqId":"req-46","req":{"method":"GET","url":"/api/v1/agents","host":"127.0.0.1:6240","remoteAddress":"127.0.0.1","remotePort":34864},"msg":"incoming request"}
{"level":30,"time":1788995603985,"pid":87557,"hostname":"vps-15cf2c41","reqId":"req-46","res":{"statusCode":200},"responseTime":0.8306340000126511,"msg":"request completed"}
[2026-09-09T23:13:23.993Z WARN  chromiumoxide::handler] WS Invalid message: data did not match any variant of untagged enum Message
{"level":30,"time":1788995603995,"pid":87557,"hostname":"vps-15cf2c41","reqId":"req-47","req":{"method":"GET","url":"/api/v1/tree?path=.","host":"127.0.0.1:6240","remoteAddress":"127.0.0.1","remotePort":34876},"msg":"incoming request"}
[2026-09-09T23:13:23.996Z WARN  chromiumoxide::handler] WS Invalid message: data did not match any variant of untagged enum Message
[2026-09-09T23:13:23.998Z WARN  chromiumoxide::handler] WS Invalid message: data did not match any variant of untagged enum Message
{"level":30,"time":1788995604000,"pid":87557,"hostname":"vps-15cf2c41","reqId":"req-48","req":{"method":"PUT","url":"/api/v1/ui/state","host":"127.0.0.1:6240","remoteAddress":"127.0.0.1","remotePort":34892},"msg":"incoming request"}
{"level":30,"time":1788995604001,"pid":87557,"hostname":"vps-15cf2c41","reqId":"req-48","res":{"statusCode":204},"responseTime":0.9202690000238363,"msg":"request completed"}
{"level":30,"time":1788995604004,"pid":87557,"hostname":"vps-15cf2c41","reqId":"req-49","req":{"method":"GET","url":"/api/v1/filesystems","host":"127.0.0.1:6240","remoteAddress":"127.0.0.1","remotePort":34906},"msg":"incoming request"}
{"level":30,"time":1788995604005,"pid":87557,"hostname":"vps-15cf2c41","reqId":"req-49","res":{"statusCode":200},"responseTime":0.89807500000461,"msg":"request completed"}
{"level":30,"time":1788995604012,"pid":87557,"hostname":"vps-15cf2c41","reqId":"req-47","res":{"statusCode":200},"responseTime":16.523939999984577,"msg":"request completed"}
[2026-09-09T23:13:24.091Z WARN  chromiumoxide::handler] WS Invalid message: data did not match any variant of untagged enum Message
00:00.000 Waiting
[2026-09-09T23:13:24.158Z WARN  chromiumoxide::handler] WS Invalid message: data did not match any variant of untagged enum Message
[2026-09-09T23:13:24.158Z WARN  chromiumoxide::handler] WS Invalid message: data did not match any variant of untagged enum Message
{"level":30,"time":1788995604159,"pid":87557,"hostname":"vps-15cf2c41","reqId":"req-4a","req":{"method":"GET","url":"/api/v1/fs/events?workspaceId=workspace","host":"127.0.0.1:6240","remoteAddress":"127.0.0.1","remotePort":34910},"msg":"incoming request"}
{"level":30,"time":1788995604161,"pid":87557,"hostname":"vps-15cf2c41","reqId":"req-4b","req":{"method":"GET","url":"/api/v1/ui/commands/next?workspaceId=workspace","host":"127.0.0.1:6240","remoteAddress":"127.0.0.1","remotePort":34924},"msg":"incoming request"}
{"level":30,"time":1788995604163,"pid":87557,"hostname":"vps-15cf2c41","reqId":"req-4c","req":{"method":"GET","url":"/api/v1/ui/state","host":"127.0.0.1:6240","remoteAddress":"127.0.0.1","remotePort":34936},"msg":"incoming request"}
{"level":30,"time":1788995604163,"pid":87557,"hostname":"vps-15cf2c41","reqId":"req-4c","res":{"statusCode":200},"responseTime":0.4108389999892097,"msg":"request completed"}
[2026-09-09T23:13:24.164Z WARN  chromiumoxide::handler] WS Invalid message: data did not match any variant of untagged enum Message
[2026-09-09T23:13:24.240Z WARN  chromiumoxide::handler] WS Invalid message: data did not match any variant of untagged enum Message
[2026-09-09T23:13:24.240Z WARN  chromiumoxide::handler] WS Invalid message: data did not match any variant of untagged enum Message
[2026-09-09T23:13:24.240Z WARN  chromiumoxide::handler] WS Invalid message: data did not match any variant of untagged enum Message
{"level":30,"time":1788995604246,"pid":87557,"hostname":"vps-15cf2c41","reqId":"req-4d","req":{"method":"GET","url":"/api/v1/agents/alpha/sessions?limit=50&archived=active","host":"127.0.0.1:6240","remoteAddress":"127.0.0.1","remotePort":34946},"msg":"incoming request"}
{"level":30,"time":1788995604250,"pid":87557,"hostname":"vps-15cf2c41","reqId":"req-4e","req":{"method":"GET","url":"/api/v1/agents/alpha/ready-status","host":"127.0.0.1:6240","remoteAddress":"127.0.0.1","remotePort":34952},"msg":"incoming request"}
{"level":30,"time":1788995604253,"pid":87557,"hostname":"vps-15cf2c41","reqId":"req-4f","req":{"method":"GET","url":"/api/v1/tree?path=.","host":"127.0.0.1:6240","remoteAddress":"127.0.0.1","remotePort":34962},"msg":"incoming request"}
{"level":30,"time":1788995604261,"pid":87557,"hostname":"vps-15cf2c41","reqId":"req-4f","res":{"statusCode":200},"responseTime":7.183757000020705,"msg":"request completed"}
[2026-09-09T23:13:24.265Z WARN  chromiumoxide::handler] WS Invalid message: data did not match any variant of untagged enum Message
{"level":30,"time":1788995604271,"pid":87557,"hostname":"vps-15cf2c41","reqId":"req-4g","req":{"method":"GET","url":"/api/v1/tree?path=.","host":"127.0.0.1:6240","remoteAddress":"127.0.0.1","remotePort":34974},"msg":"incoming request"}
{"level":30,"time":1788995604277,"pid":87557,"hostname":"vps-15cf2c41","reqId":"req-4g","res":{"statusCode":200},"responseTime":5.329964000004111,"msg":"request completed"}
{"level":30,"time":1788995604286,"pid":87557,"hostname":"vps-15cf2c41","reqId":"req-4e","res":{"statusCode":200},"responseTime":36.12477399999625,"msg":"request completed"}
{"level":30,"time":1788995604296,"pid":87557,"hostname":"vps-15cf2c41","reqId":"req-4d","res":{"statusCode":200},"responseTime":49.991844000003766,"msg":"request completed"}
{"level":30,"time":1788995604297,"pid":87557,"hostname":"vps-15cf2c41","reqId":"req-4h","req":{"method":"GET","url":"/api/v1/agents/alpha/ready-status","host":"127.0.0.1:6240","remoteAddress":"127.0.0.1","remotePort":34978},"msg":"incoming request"}
[2026-09-09T23:13:24.298Z WARN  chromiumoxide::handler] WS Invalid message: data did not match any variant of untagged enum Message
[2026-09-09T23:13:24.301Z WARN  chromiumoxide::handler] WS Invalid message: data did not match any variant of untagged enum Message
[2026-09-09T23:13:24.301Z WARN  chromiumoxide::handler] WS Invalid message: data did not match any variant of untagged enum Message
{"level":30,"time":1788995604304,"pid":87557,"hostname":"vps-15cf2c41","reqId":"req-4i","req":{"method":"GET","url":"/api/v1/ui/state","host":"127.0.0.1:6240","remoteAddress":"127.0.0.1","remotePort":34988},"msg":"incoming request"}
{"level":30,"time":1788995604305,"pid":87557,"hostname":"vps-15cf2c41","reqId":"req-4i","res":{"statusCode":200},"responseTime":0.811641000007512,"msg":"request completed"}
{"level":30,"time":1788995604307,"pid":87557,"hostname":"vps-15cf2c41","reqId":"req-4j","req":{"method":"GET","url":"/api/v1/agents/alpha/sessions?limit=50&archived=active","host":"127.0.0.1:6240","remoteAddress":"127.0.0.1","remotePort":34990},"msg":"incoming request"}
{"level":30,"time":1788995604315,"pid":87557,"hostname":"vps-15cf2c41","reqId":"req-4h","res":{"statusCode":200},"responseTime":18.03192300000228,"msg":"request completed"}
{"level":30,"time":1788995604321,"pid":87557,"hostname":"vps-15cf2c41","reqId":"req-4j","res":{"statusCode":200},"responseTime":14.383287000004202,"msg":"request completed"}
00:00.211 Clicking <button> (x: 137.5, y: 82.0, content: "Search⌘K")
[2026-09-09T23:13:24.602Z WARN  chromiumoxide::handler] WS Invalid message: data did not match any variant of untagged enum Message
[2026-09-09T23:13:24.602Z WARN  chromiumoxide::handler] WS Invalid message: data did not match any variant of untagged enum Message
{"level":30,"time":1788995604603,"pid":87557,"hostname":"vps-15cf2c41","reqId":"req-4k","req":{"method":"POST","url":"/api/v1/workspace-bridge/call","host":"127.0.0.1:6240","remoteAddress":"127.0.0.1","remotePort":34992},"msg":"incoming request"}
{"level":30,"time":1788995604610,"pid":87557,"hostname":"vps-15cf2c41","reqId":"req-4k","res":{"statusCode":200},"responseTime":7.232875000016065,"msg":"request completed"}
00:00.561 Waiting
{"level":30,"time":1788995604801,"pid":87557,"hostname":"vps-15cf2c41","reqId":"req-4l","req":{"method":"GET","url":"/api/v1/agents/alpha/sessions?limit=50&archived=archived","host":"127.0.0.1:6240","remoteAddress":"127.0.0.1","remotePort":35002},"msg":"incoming request"}
[2026-09-09T23:13:24.802Z WARN  chromiumoxide::handler] WS Invalid message: data did not match any variant of untagged enum Message
[2026-09-09T23:13:24.806Z WARN  chromiumoxide::handler] WS Invalid message: data did not match any variant of untagged enum Message
{"level":30,"time":1788995604808,"pid":87557,"hostname":"vps-15cf2c41","reqId":"req-4m","req":{"method":"GET","url":"/api/v1/agents/session-activity/events?workspaceId=workspace","host":"127.0.0.1:6240","remoteAddress":"127.0.0.1","remotePort":35016},"msg":"incoming request"}
{"level":30,"time":1788995604817,"pid":87557,"hostname":"vps-15cf2c41","reqId":"req-4l","res":{"statusCode":200},"responseTime":16.468756999995094,"msg":"request completed"}

Reproduction finished!

Inspect the test results using:

  bombadil browser inspect /dev/shm/cpr-aa4/boring-ui-review-run.vt93ir/replay-desktop.Qv57Ij

verified Bombadil replay final state: cpr-02:workspace-command-palette:candidate:desktop:explore-0004-dialog-popover:d3de00cfd1d0
[2026-09-09T23:13:26.820Z WARN  chromiumoxide::handler] WS Invalid message: data did not match any variant of untagged enum Message
[2026-09-09T23:13:26.823Z WARN  chromiumoxide::handler] WS Invalid message: data did not match any variant of untagged enum Message
[2026-09-09T23:13:26.823Z WARN  chromiumoxide::handler] WS Invalid message: data did not match any variant of untagged enum Message
[2026-09-09T23:13:26.870Z WARN  chromiumoxide::handler] WS Invalid message: data did not match any variant of untagged enum Message
[2026-09-09T23:13:26.903Z WARN  chromiumoxide::handler] WS Invalid message: data did not match any variant of untagged enum Message
[2026-09-09T23:13:26.904Z WARN  chromiumoxide::handler] WS Invalid message: data did not match any variant of untagged enum Message
[2026-09-09T23:13:26.906Z WARN  chromiumoxide::handler] WS Invalid message: data did not match any variant of untagged enum Message
[2026-09-09T23:13:26.907Z WARN  chromiumoxide::handler] WS Invalid message: data did not match any variant of untagged enum Message
[2026-09-09T23:13:26.907Z WARN  chromiumoxide::handler] WS Invalid message: data did not match any variant of untagged enum Message
[2026-09-09T23:13:26.907Z WARN  chromiumoxide::handler] WS Invalid message: data did not match any variant of untagged enum Message
[2026-09-09T23:13:26.909Z WARN  chromiumoxide::handler] WS Invalid message: data did not match any variant of untagged enum Message
[2026-09-09T23:13:26.961Z WARN  chromiumoxide::handler] WS Invalid message: data did not match any variant of untagged enum Message
[2026-09-09T23:13:26.962Z WARN  chromiumoxide::handler] WS Invalid message: data did not match any variant of untagged enum Message
[2026-09-09T23:13:27.287Z WARN  chromiumoxide::handler] WS Invalid message: data did not match any variant of untagged enum Message
[2026-09-09T23:13:27.291Z WARN  chromiumoxide::handler] WS Invalid message: data did not match any variant of untagged enum Message
[2026-09-09T23:13:27.291Z WARN  chromiumoxide::handler] WS Invalid message: data did not match any variant of untagged enum Message
[2026-09-09T23:13:27.292Z WARN  chromiumoxide::handler] WS Invalid message: data did not match any variant of untagged enum Message
[2026-09-09T23:13:27.292Z WARN  chromiumoxide::handler] WS Invalid message: data did not match any variant of untagged enum Message
[2026-09-09T23:13:27.292Z WARN  chromiumoxide::handler] WS Invalid message: data did not match any variant of untagged enum Message
[2026-09-09T23:13:27.309Z WARN  chromiumoxide::handler] WS Invalid message: data did not match any variant of untagged enum Message
[2026-09-09T23:13:27.323Z WARN  chromiumoxide::handler] WS Invalid message: data did not match any variant of untagged enum Message
[2026-09-09T23:13:27.385Z WARN  chromiumoxide::handler] WS Invalid message: data did not match any variant of untagged enum Message
[2026-09-09T23:13:27.449Z WARN  chromiumoxide::handler] WS Invalid message: data did not match any variant of untagged enum Message
[2026-09-09T23:13:27.497Z WARN  chromiumoxide::handler] WS Invalid message: data did not match any variant of untagged enum Message
[2026-09-09T23:13:27.525Z WARN  chromiumoxide::handler] WS Invalid message: data did not match any variant of untagged enum Message
[2026-09-09T23:13:27.525Z WARN  chromiumoxide::handler] WS Invalid message: data did not match any variant of untagged enum Message
[2026-09-09T23:13:27.525Z WARN  chromiumoxide::handler] WS Invalid message: data did not match any variant of untagged enum Message
[2026-09-09T23:13:27.525Z WARN  chromiumoxide::handler] WS Invalid message: data did not match any variant of untagged enum Message
[2026-09-09T23:13:27.604Z WARN  chromiumoxide::handler] WS Invalid message: data did not match any variant of untagged enum Message
[2026-09-09T23:13:27.604Z WARN  chromiumoxide::handler] WS Invalid message: data did not match any variant of untagged enum Message
[2026-09-09T23:13:27.604Z WARN  chromiumoxide::handler] WS Invalid message: data did not match any variant of untagged enum Message
[2026-09-09T23:13:27.604Z WARN  chromiumoxide::handler] WS Invalid message: data did not match any variant of untagged enum Message
[2026-09-09T23:13:27.604Z WARN  chromiumoxide::handler] WS Invalid message: data did not match any variant of untagged enum Message
[2026-09-09T23:13:27.604Z WARN  chromiumoxide::handler] WS Invalid message: data did not match any variant of untagged enum Message
[2026-09-09T23:13:27.605Z WARN  chromiumoxide::handler] WS Invalid message: data did not match any variant of untagged enum Message
[2026-09-09T23:13:27.605Z WARN  chromiumoxide::handler] WS Invalid message: data did not match any variant of untagged enum Message
[2026-09-09T23:13:27.611Z WARN  chromiumoxide::handler] WS Invalid message: data did not match any variant of untagged enum Message
[2026-09-09T23:13:27.611Z WARN  chromiumoxide::handler] WS Invalid message: data did not match any variant of untagged enum Message
[2026-09-09T23:13:27.611Z WARN  chromiumoxide::handler] WS Invalid message: data did not match any variant of untagged enum Message
[2026-09-09T23:13:27.629Z WARN  chromiumoxide::handler] WS Invalid message: data did not match any variant of untagged enum Message
[2026-09-09T23:13:27.666Z WARN  chromiumoxide::handler] WS Invalid message: data did not match any variant of untagged enum Message
[2026-09-09T23:13:27.667Z WARN  chromiumoxide::handler] WS Invalid message: data did not match any variant of untagged enum Message
[2026-09-09T23:13:27.667Z WARN  chromiumoxide::handler] WS Invalid message: data did not match any variant of untagged enum Message
[2026-09-09T23:13:27.668Z WARN  chromiumoxide::handler] WS Invalid message: data did not match any variant of untagged enum Message
[2026-09-09T23:13:27.668Z WARN  chromiumoxide::handler] WS Invalid message: data did not match any variant of untagged enum Message
[2026-09-09T23:13:27.690Z WARN  chromiumoxide::handler] WS Invalid message: data did not match any variant of untagged enum Message
[2026-09-09T23:13:27.690Z WARN  chromiumoxide::handler] WS Invalid message: data did not match any variant of untagged enum Message
[2026-09-09T23:13:27.705Z WARN  chromiumoxide::handler] WS Invalid message: data did not match any variant of untagged enum Message
[2026-09-09T23:13:27.777Z WARN  chromiumoxide::handler] WS Invalid message: data did not match any variant of untagged enum Message
[2026-09-09T23:13:27.777Z WARN  chromiumoxide::handler] WS Invalid message: data did not match any variant of untagged enum Message
[2026-09-09T23:13:27.777Z WARN  chromiumoxide::handler] WS Invalid message: data did not match any variant of untagged enum Message
[2026-09-09T23:13:27.827Z WARN  chromiumoxide::handler] WS Invalid message: data did not match any variant of untagged enum Message
[2026-09-09T23:13:27.845Z WARN  chromiumoxide::handler] WS Invalid message: data did not match any variant of untagged enum Message
[2026-09-09T23:13:27.880Z WARN  chromiumoxide::handler] WS Invalid message: data did not match any variant of untagged enum Message
[2026-09-09T23:13:27.880Z WARN  chromiumoxide::handler] WS Invalid message: data did not match any variant of untagged enum Message
[2026-09-09T23:13:27.880Z WARN  chromiumoxide::handler] WS Invalid message: data did not match any variant of untagged enum Message
[2026-09-09T23:13:27.880Z WARN  chromiumoxide::handler] WS Invalid message: data did not match any variant of untagged enum Message
[2026-09-09T23:13:27.880Z WARN  chromiumoxide::handler] WS Invalid message: data did not match any variant of untagged enum Message
[2026-09-09T23:13:27.880Z WARN  chromiumoxide::handler] WS Invalid message: data did not match any variant of untagged enum Message
[2026-09-09T23:13:27.884Z WARN  chromiumoxide::handler] WS Invalid message: data did not match any variant of untagged enum Message
[2026-09-09T23:13:28.051Z WARN  chromiumoxide::handler] WS Invalid message: data did not match any variant of untagged enum Message
[2026-09-09T23:13:28.052Z WARN  chromiumoxide::handler] WS Invalid message: data did not match any variant of untagged enum Message
[2026-09-09T23:13:28.064Z WARN  chromiumoxide::handler] WS Invalid message: data did not match any variant of untagged enum Message
[2026-09-09T23:13:28.133Z WARN  chromiumoxide::handler] WS Invalid message: data did not match any variant of untagged enum Message
[2026-09-09T23:13:28.134Z WARN  chromiumoxide::handler] WS Invalid message: data did not match any variant of untagged enum Message
[2026-09-09T23:13:28.134Z WARN  chromiumoxide::handler] WS Invalid message: data did not match any variant of untagged enum Message
[2026-09-09T23:13:28.134Z WARN  chromiumoxide::handler] WS Invalid message: data did not match any variant of untagged enum Message
[2026-09-09T23:13:28.134Z WARN  chromiumoxide::handler] WS Invalid message: data did not match any variant of untagged enum Message
[2026-09-09T23:13:28.134Z WARN  chromiumoxide::handler] WS Invalid message: data did not match any variant of untagged enum Message
[2026-09-09T23:13:28.165Z WARN  chromiumoxide::handler] WS Invalid message: data did not match any variant of untagged enum Message
[2026-09-09T23:13:28.168Z WARN  chromiumoxide::handler] WS Invalid message: data did not match any variant of untagged enum Message
[2026-09-09T23:13:28.172Z WARN  chromiumoxide::handler] WS Invalid message: data did not match any variant of untagged enum Message
[2026-09-09T23:13:28.172Z WARN  chromiumoxide::handler] WS Invalid message: data did not match any variant of untagged enum Message
[2026-09-09T23:13:28.172Z WARN  chromiumoxide::handler] WS Invalid message: data did not match any variant of untagged enum Message
[2026-09-09T23:13:28.172Z WARN  chromiumoxide::handler] WS Invalid message: data did not match any variant of untagged enum Message
[2026-09-09T23:13:28.182Z WARN  chromiumoxide::handler] WS Invalid message: data did not match any variant of untagged enum Message
[2026-09-09T23:13:28.182Z WARN  chromiumoxide::handler] WS Invalid message: data did not match any variant of untagged enum Message
[2026-09-09T23:13:28.182Z WARN  chromiumoxide::handler] WS Invalid message: data did not match any variant of untagged enum Message
[2026-09-09T23:13:28.182Z WARN  chromiumoxide::handler] WS Invalid message: data did not match any variant of untagged enum Message
[2026-09-09T23:13:28.184Z WARN  chromiumoxide::handler] WS Invalid message: data did not match any variant of untagged enum Message
[2026-09-09T23:13:28.185Z WARN  chromiumoxide::handler] WS Invalid message: data did not match any variant of untagged enum Message
[2026-09-09T23:13:28.192Z WARN  chromiumoxide::handler] WS Invalid message: data did not match any variant of untagged enum Message
[2026-09-09T23:13:28.192Z WARN  chromiumoxide::handler] WS Invalid message: data did not match any variant of untagged enum Message
[2026-09-09T23:13:28.192Z WARN  chromiumoxide::handler] WS Invalid message: data did not match any variant of untagged enum Message
[2026-09-09T23:13:28.194Z WARN  chromiumoxide::handler] WS Invalid message: data did not match any variant of untagged enum Message
[2026-09-09T23:13:28.352Z WARN  chromiumoxide::handler] WS Invalid message: data did not match any variant of untagged enum Message
[2026-09-09T23:13:28.353Z WARN  chromiumoxide::handler] WS Invalid message: data did not match any variant of untagged enum Message
[2026-09-09T23:13:28.353Z WARN  chromiumoxide::handler] WS Invalid message: data did not match any variant of untagged enum Message
[2026-09-09T23:13:28.353Z WARN  chromiumoxide::handler] WS Invalid message: data did not match any variant of untagged enum Message
[2026-09-09T23:13:28.353Z WARN  chromiumoxide::handler] WS Invalid message: data did not match any variant of untagged enum Message
[2026-09-09T23:13:28.354Z WARN  chromiumoxide::handler] WS Invalid message: data did not match any variant of untagged enum Message
[2026-09-09T23:13:28.354Z WARN  chromiumoxide::handler] WS Invalid message: data did not match any variant of untagged enum Message
[2026-09-09T23:13:28.354Z WARN  chromiumoxide::handler] WS Invalid message: data did not match any variant of untagged enum Message
[2026-09-09T23:13:28.354Z WARN  chromiumoxide::handler] WS Invalid message: data did not match any variant of untagged enum Message
[2026-09-09T23:13:28.354Z WARN  chromiumoxide::handler] WS Invalid message: data did not match any variant of untagged enum Message
[2026-09-09T23:13:28.355Z WARN  chromiumoxide::handler] WS Invalid message: data did not match any variant of untagged enum Message
[2026-09-09T23:13:28.356Z WARN  chromiumoxide::handler] WS Invalid message: data did not match any variant of untagged enum Message
[2026-09-09T23:13:28.356Z WARN  chromiumoxide::handler] WS Invalid message: data did not match any variant of untagged enum Message
[2026-09-09T23:13:28.356Z WARN  chromiumoxide::handler] WS Invalid message: data did not match any variant of untagged enum Message
[2026-09-09T23:13:28.356Z WARN  chromiumoxide::handler] WS Invalid message: data did not match any variant of untagged enum Message
[2026-09-09T23:13:28.356Z WARN  chromiumoxide::handler] WS Invalid message: data did not match any variant of untagged enum Message
[2026-09-09T23:13:28.356Z WARN  chromiumoxide::handler] WS Invalid message: data did not match any variant of untagged enum Message
[2026-09-09T23:13:28.359Z WARN  chromiumoxide::handler] WS Invalid message: data did not match any variant of untagged enum Message
[2026-09-09T23:13:28.362Z WARN  chromiumoxide::handler] WS Invalid message: data did not match any variant of untagged enum Message
[2026-09-09T23:13:28.364Z WARN  chromiumoxide::handler] WS Invalid message: data did not match any variant of untagged enum Message
[2026-09-09T23:13:28.364Z WARN  chromiumoxide::handler] WS Invalid message: data did not match any variant of untagged enum Message
[2026-09-09T23:13:28.364Z WARN  chromiumoxide::handler] WS Invalid message: data did not match any variant of untagged enum Message
[2026-09-09T23:13:28.649Z WARN  chromiumoxide::handler] WS Invalid message: data did not match any variant of untagged enum Message
[2026-09-09T23:13:28.650Z WARN  chromiumoxide::handler] WS Invalid message: data did not match any variant of untagged enum Message
[2026-09-09T23:13:28.651Z WARN  chromiumoxide::handler] WS Invalid message: data did not match any variant of untagged enum Message
[2026-09-09T23:13:28.689Z WARN  chromiumoxide::handler] WS Invalid message: data did not match any variant of untagged enum Message
[2026-09-09T23:13:28.689Z WARN  chromiumoxide::handler] WS Invalid message: data did not match any variant of untagged enum Message
[2026-09-09T23:13:28.690Z WARN  chromiumoxide::handler] WS Invalid message: data did not match any variant of untagged enum Message
[2026-09-09T23:13:28.690Z WARN  chromiumoxide::handler] WS Invalid message: data did not match any variant of untagged enum Message
[2026-09-09T23:13:28.690Z WARN  chromiumoxide::handler] WS Invalid message: data did not match any variant of untagged enum Message
[2026-09-09T23:13:28.709Z WARN  chromiumoxide::handler] WS Invalid message: data did not match any variant of untagged enum Message
[2026-09-09T23:13:28.709Z WARN  chromiumoxide::handler] WS Invalid message: data did not match any variant of untagged enum Message
[2026-09-09T23:13:28.714Z WARN  chromiumoxide::handler] WS Invalid message: data did not match any variant of untagged enum Message
[2026-09-09T23:13:28.715Z WARN  chromiumoxide::handler] WS Invalid message: data did not match any variant of untagged enum Message
[2026-09-09T23:13:28.716Z WARN  chromiumoxide::handler] WS Invalid message: data did not match any variant of untagged enum Message
[2026-09-09T23:13:28.717Z WARN  chromiumoxide::handler] WS Invalid message: data did not match any variant of untagged enum Message
[2026-09-09T23:13:28.717Z WARN  chromiumoxide::handler] WS Invalid message: data did not match any variant of untagged enum Message
[2026-09-09T23:13:28.717Z WARN  chromiumoxide::handler] WS Invalid message: data did not match any variant of untagged enum Message
[2026-09-09T23:13:28.787Z WARN  chromiumoxide::handler] WS Invalid message: data did not match any variant of untagged enum Message
[2026-09-09T23:13:28.787Z WARN  chromiumoxide::handler] WS Invalid message: data did not match any variant of untagged enum Message
[2026-09-09T23:13:29.054Z WARN  chromiumoxide::handler] WS Invalid message: data did not match any variant of untagged enum Message
[2026-09-09T23:13:29.054Z WARN  chromiumoxide::handler] WS Invalid message: data did not match any variant of untagged enum Message
[2026-09-09T23:13:29.054Z WARN  chromiumoxide::handler] WS Invalid message: data did not match any variant of untagged enum Message
[2026-09-09T23:13:29.054Z WARN  chromiumoxide::handler] WS Invalid message: data did not match any variant of untagged enum Message
[2026-09-09T23:13:29.054Z WARN  chromiumoxide::handler] WS Invalid message: data did not match any variant of untagged enum Message
[2026-09-09T23:13:29.054Z WARN  chromiumoxide::handler] WS Invalid message: data did not match any variant of untagged enum Message
[2026-09-09T23:13:29.054Z WARN  chromiumoxide::handler] WS Invalid message: data did not match any variant of untagged enum Message
[2026-09-09T23:13:29.055Z WARN  chromiumoxide::handler] WS Invalid message: data did not match any variant of untagged enum Message
[2026-09-09T23:13:29.058Z WARN  chromiumoxide::handler] WS Invalid message: data did not match any variant of untagged enum Message
[2026-09-09T23:13:29.059Z WARN  chromiumoxide::handler] WS Invalid message: data did not match any variant of untagged enum Message
[2026-09-09T23:13:29.413Z WARN  chromiumoxide::handler] WS Invalid message: data did not match any variant of untagged enum Message
[2026-09-09T23:13:29.413Z WARN  chromiumoxide::handler] WS Invalid message: data did not match any variant of untagged enum Message
[2026-09-09T23:13:29.414Z WARN  chromiumoxide::handler] WS Invalid message: data did not match any variant of untagged enum Message
[2026-09-09T23:13:29.432Z WARN  chromiumoxide::handler] WS Invalid message: data did not match any variant of untagged enum Message
[2026-09-09T23:13:29.433Z WARN  chromiumoxide::handler] WS Invalid message: data did not match any variant of untagged enum Message
[2026-09-09T23:13:29.433Z WARN  chromiumoxide::handler] WS Invalid message: data did not match any variant of untagged enum Message
[2026-09-09T23:13:29.433Z WARN  chromiumoxide::handler] WS Invalid message: data did not match any variant of untagged enum Message
[2026-09-09T23:13:29.433Z WARN  chromiumoxide::handler] WS Invalid message: data did not match any variant of untagged enum Message
[2026-09-09T23:13:29.467Z WARN  chromiumoxide::handler] WS Invalid message: data did not match any variant of untagged enum Message
[2026-09-09T23:13:29.476Z WARN  chromiumoxide::handler] WS Invalid message: data did not match any variant of untagged enum Message
[2026-09-09T23:13:29.579Z WARN  chromiumoxide::handler] WS Invalid message: data did not match any variant of untagged enum Message
[2026-09-09T23:13:29.580Z WARN  chromiumoxide::handler] WS Invalid message: data did not match any variant of untagged enum Message
[2026-09-09T23:13:29.580Z WARN  chromiumoxide::handler] WS Invalid message: data did not match any variant of untagged enum Message
[2026-09-09T23:13:29.580Z WARN  chromiumoxide::handler] WS Invalid message: data did not match any variant of untagged enum Message
[2026-09-09T23:13:29.580Z WARN  chromiumoxide::handler] WS Invalid message: data did not match any variant of untagged enum Message
[2026-09-09T23:13:29.870Z WARN  chromiumoxide::handler] WS Invalid message: data did not match any variant of untagged enum Message
[2026-09-09T23:13:30.019Z WARN  chromiumoxide::handler] WS Invalid message: data did not match any variant of untagged enum Message
[2026-09-09T23:13:30.063Z WARN  chromiumoxide::handler] WS Invalid message: data did not match any variant of untagged enum Message
[2026-09-09T23:13:30.077Z WARN  chromiumoxide::handler] WS Invalid message: data did not match any variant of untagged enum Message
[2026-09-09T23:13:30.096Z WARN  chromiumoxide::handler] WS Invalid message: data did not match any variant of untagged enum Message
[2026-09-09T23:13:30.097Z WARN  chromiumoxide::handler] WS Invalid message: data did not match any variant of untagged enum Message
[2026-09-09T23:13:30.097Z WARN  chromiumoxide::handler] WS Invalid message: data did not match any variant of untagged enum Message
[2026-09-09T23:13:30.097Z WARN  chromiumoxide::handler] WS Invalid message: data did not match any variant of untagged enum Message
[2026-09-09T23:13:30.106Z WARN  chromiumoxide::handler] WS Invalid message: data did not match any variant of untagged enum Message
[2026-09-09T23:13:30.107Z WARN  chromiumoxide::handler] WS Invalid message: data did not match any variant of untagged enum Message
[2026-09-09T23:13:30.111Z WARN  chromiumoxide::handler] WS Invalid message: data did not match any variant of untagged enum Message
[2026-09-09T23:13:30.118Z WARN  chromiumoxide::handler] WS Invalid message: data did not match any variant of untagged enum Message
[2026-09-09T23:13:30.126Z WARN  chromiumoxide::handler] WS Invalid message: data did not match any variant of untagged enum Message
[2026-09-09T23:13:30.129Z WARN  chromiumoxide::handler] WS Invalid message: data did not match any variant of untagged enum Message
[2026-09-09T23:13:30.129Z WARN  chromiumoxide::handler] WS Invalid message: data did not match any variant of untagged enum Message
[2026-09-09T23:13:30.129Z WARN  chromiumoxide::handler] WS Invalid message: data did not match any variant of untagged enum Message
[2026-09-09T23:13:30.137Z WARN  chromiumoxide::handler] WS Invalid message: data did not match any variant of untagged enum Message
[2026-09-09T23:13:30.162Z WARN  chromiumoxide::handler] WS Invalid message: data did not match any variant of untagged enum Message
[2026-09-09T23:13:30.308Z WARN  chromiumoxide::handler] WS Invalid message: data did not match any variant of untagged enum Message
[2026-09-09T23:13:30.415Z WARN  chromiumoxide::handler] WS Invalid message: data did not match any variant of untagged enum Message
[2026-09-09T23:13:30.418Z WARN  chromiumoxide::handler] WS Invalid message: data did not match any variant of untagged enum Message
[2026-09-09T23:13:30.427Z WARN  chromiumoxide::handler] WS Invalid message: data did not match any variant of untagged enum Message
[2026-09-09T23:13:30.438Z WARN  chromiumoxide::handler] WS Invalid message: data did not match any variant of untagged enum Message
[2026-09-09T23:13:30.438Z WARN  chromiumoxide::handler] WS Invalid message: data did not match any variant of untagged enum Message
[2026-09-09T23:13:30.438Z WARN  chromiumoxide::handler] WS Invalid message: data did not match any variant of untagged enum Message
[2026-09-09T23:13:30.438Z WARN  chromiumoxide::handler] WS Invalid message: data did not match any variant of untagged enum Message
[2026-09-09T23:13:30.465Z WARN  chromiumoxide::handler] WS Invalid message: data did not match any variant of untagged enum Message
[2026-09-09T23:13:30.465Z WARN  chromiumoxide::handler] WS Invalid message: data did not match any variant of untagged enum Message
[2026-09-09T23:13:30.466Z WARN  chromiumoxide::handler] WS Invalid message: data did not match any variant of untagged enum Message
[2026-09-09T23:13:30.466Z WARN  chromiumoxide::handler] WS Invalid message: data did not match any variant of untagged enum Message
[2026-09-09T23:13:30.642Z WARN  chromiumoxide::handler] WS Invalid message: data did not match any variant of untagged enum Message
[2026-09-09T23:13:30.643Z WARN  chromiumoxide::handler] WS Invalid message: data did not match any variant of untagged enum Message
[2026-09-09T23:13:30.702Z WARN  chromiumoxide::handler] WS Invalid message: data did not match any variant of untagged enum Message
[2026-09-09T23:13:31.228Z WARN  chromiumoxide::handler] WS Invalid message: data did not match any variant of untagged enum Message
[2026-09-09T23:13:32.185Z WARN  chromiumoxide::handler] WS Invalid message: data did not match any variant of untagged enum Message
[2026-09-09T23:13:32.185Z WARN  chromiumoxide::handler] WS Invalid message: data did not match any variant of untagged enum Message
[2026-09-09T23:13:33.915Z WARN  chromiumoxide::handler] WS Invalid message: data did not match any variant of untagged enum Message
[2026-09-09T23:13:33.915Z WARN  chromiumoxide::handler] WS Invalid message: data did not match any variant of untagged enum Message
[2026-09-09T23:13:33.915Z WARN  chromiumoxide::handler] WS Invalid message: data did not match any variant of untagged enum Message
[2026-09-09T23:13:34.017Z WARN  chromiumoxide::handler] WS Invalid message: data did not match any variant of untagged enum Message
[2026-09-09T23:13:34.017Z WARN  chromiumoxide::handler] WS Invalid message: data did not match any variant of untagged enum Message
[2026-09-09T23:13:34.020Z WARN  chromiumoxide::handler] WS Invalid message: data did not match any variant of untagged enum Message
{"level":30,"time":1788995614021,"pid":87557,"hostname":"vps-15cf2c41","reqId":"req-4n","req":{"method":"GET","url":"/api/v1/workspace/meta","host":"127.0.0.1:6240","remoteAddress":"127.0.0.1","remotePort":56794},"msg":"incoming request"}
{"level":30,"time":1788995614022,"pid":87557,"hostname":"vps-15cf2c41","reqId":"req-4n","res":{"statusCode":200},"responseTime":0.7255299999960698,"msg":"request completed"}
[2026-09-09T23:13:34.033Z WARN  chromiumoxide::handler] WS Invalid message: data did not match any variant of untagged enum Message
{"level":30,"time":1788995614035,"pid":87557,"hostname":"vps-15cf2c41","reqId":"req-4o","req":{"method":"GET","url":"/api/v1/workspace/meta","host":"127.0.0.1:6240","remoteAddress":"127.0.0.1","remotePort":56804},"msg":"incoming request"}
{"level":30,"time":1788995614035,"pid":87557,"hostname":"vps-15cf2c41","reqId":"req-4o","res":{"statusCode":200},"responseTime":0.4607430000032764,"msg":"request completed"}
[2026-09-09T23:13:34.149Z WARN  chromiumoxide::handler] WS Invalid message: data did not match any variant of untagged enum Message
{"level":30,"time":1788995614150,"pid":87557,"hostname":"vps-15cf2c41","reqId":"req-4p","req":{"method":"GET","url":"/api/v1/tree?path=.","host":"127.0.0.1:6240","remoteAddress":"127.0.0.1","remotePort":56808},"msg":"incoming request"}
{"level":30,"time":1788995614155,"pid":87557,"hostname":"vps-15cf2c41","reqId":"req-4p","res":{"statusCode":200},"responseTime":4.406392000004416,"msg":"request completed"}
[2026-09-09T23:13:34.156Z WARN  chromiumoxide::handler] WS Invalid message: data did not match any variant of untagged enum Message
{"level":30,"time":1788995614159,"pid":87557,"hostname":"vps-15cf2c41","reqId":"req-4q","req":{"method":"PUT","url":"/api/v1/ui/state","host":"127.0.0.1:6240","remoteAddress":"127.0.0.1","remotePort":56810},"msg":"incoming request"}
{"level":30,"time":1788995614160,"pid":87557,"hostname":"vps-15cf2c41","reqId":"req-4q","res":{"statusCode":204},"responseTime":1.3687750000099186,"msg":"request completed"}
[2026-09-09T23:13:34.175Z WARN  chromiumoxide::handler] WS Invalid message: data did not match any variant of untagged enum Message
{"level":30,"time":1788995614176,"pid":87557,"hostname":"vps-15cf2c41","reqId":"req-4r","req":{"method":"GET","url":"/api/v1/filesystems","host":"127.0.0.1:6240","remoteAddress":"127.0.0.1","remotePort":56826},"msg":"incoming request"}
[2026-09-09T23:13:34.179Z WARN  chromiumoxide::handler] WS Invalid message: data did not match any variant of untagged enum Message
{"level":30,"time":1788995614179,"pid":87557,"hostname":"vps-15cf2c41","reqId":"req-4r","res":{"statusCode":200},"responseTime":0.8657139999850187,"msg":"request completed"}
{"level":30,"time":1788995614182,"pid":87557,"hostname":"vps-15cf2c41","reqId":"req-4s","req":{"method":"GET","url":"/api/v1/agents","host":"127.0.0.1:6240","remoteAddress":"127.0.0.1","remotePort":56838},"msg":"incoming request"}
{"level":30,"time":1788995614183,"pid":87557,"hostname":"vps-15cf2c41","reqId":"req-4s","res":{"statusCode":200},"responseTime":0.675282000011066,"msg":"request completed"}
[2026-09-09T23:13:34.197Z WARN  chromiumoxide::handler] WS Invalid message: data did not match any variant of untagged enum Message
[2026-09-09T23:13:34.198Z WARN  chromiumoxide::handler] WS Invalid message: data did not match any variant of untagged enum Message
[2026-09-09T23:13:34.198Z WARN  chromiumoxide::handler] WS Invalid message: data did not match any variant of untagged enum Message
{"level":30,"time":1788995614200,"pid":87557,"hostname":"vps-15cf2c41","reqId":"req-4t","req":{"method":"PUT","url":"/api/v1/ui/state","host":"127.0.0.1:6240","remoteAddress":"127.0.0.1","remotePort":56852},"msg":"incoming request"}
{"level":30,"time":1788995614201,"pid":87557,"hostname":"vps-15cf2c41","reqId":"req-4t","res":{"statusCode":204},"responseTime":0.8028720000002068,"msg":"request completed"}
{"level":30,"time":1788995614203,"pid":87557,"hostname":"vps-15cf2c41","reqId":"req-4u","req":{"method":"GET","url":"/api/v1/filesystems","host":"127.0.0.1:6240","remoteAddress":"127.0.0.1","remotePort":56868},"msg":"incoming request"}
{"level":30,"time":1788995614204,"pid":87557,"hostname":"vps-15cf2c41","reqId":"req-4u","res":{"statusCode":200},"responseTime":0.6518529999884777,"msg":"request completed"}
{"level":30,"time":1788995614205,"pid":87557,"hostname":"vps-15cf2c41","reqId":"req-4v","req":{"method":"GET","url":"/api/v1/tree?path=.","host":"127.0.0.1:6240","remoteAddress":"127.0.0.1","remotePort":56870},"msg":"incoming request"}
{"level":30,"time":1788995614210,"pid":87557,"hostname":"vps-15cf2c41","reqId":"req-4v","res":{"statusCode":200},"responseTime":4.74491599999601,"msg":"request completed"}
00:00.000 Waiting
[2026-09-09T23:13:34.316Z WARN  chromiumoxide::handler] WS Invalid message: data did not match any variant of untagged enum Message
{"level":30,"time":1788995614319,"pid":87557,"hostname":"vps-15cf2c41","reqId":"req-4w","req":{"method":"GET","url":"/api/v1/fs/events?workspaceId=workspace","host":"127.0.0.1:6240","remoteAddress":"127.0.0.1","remotePort":56872},"msg":"incoming request"}
[2026-09-09T23:13:34.320Z WARN  chromiumoxide::handler] WS Invalid message: data did not match any variant of untagged enum Message
[2026-09-09T23:13:34.320Z WARN  chromiumoxide::handler] WS Invalid message: data did not match any variant of untagged enum Message
{"level":30,"time":1788995614323,"pid":87557,"hostname":"vps-15cf2c41","reqId":"req-4x","req":{"method":"GET","url":"/api/v1/ui/commands/next?workspaceId=workspace","host":"127.0.0.1:6240","remoteAddress":"127.0.0.1","remotePort":56888},"msg":"incoming request"}
{"level":30,"time":1788995614325,"pid":87557,"hostname":"vps-15cf2c41","reqId":"req-4y","req":{"method":"GET","url":"/api/v1/ui/state","host":"127.0.0.1:6240","remoteAddress":"127.0.0.1","remotePort":56898},"msg":"incoming request"}
{"level":30,"time":1788995614325,"pid":87557,"hostname":"vps-15cf2c41","reqId":"req-4y","res":{"statusCode":200},"responseTime":0.41026699999929406,"msg":"request completed"}
[2026-09-09T23:13:34.357Z WARN  chromiumoxide::handler] WS Invalid message: data did not match any variant of untagged enum Message
[2026-09-09T23:13:34.359Z WARN  chromiumoxide::handler] WS Invalid message: data did not match any variant of untagged enum Message
{"level":30,"time":1788995614360,"pid":87557,"hostname":"vps-15cf2c41","reqId":"req-4z","req":{"method":"GET","url":"/api/v1/agents/alpha/sessions?limit=50&archived=active","host":"127.0.0.1:6240","remoteAddress":"127.0.0.1","remotePort":56912},"msg":"incoming request"}
[2026-09-09T23:13:34.361Z WARN  chromiumoxide::handler] WS Invalid message: data did not match any variant of untagged enum Message
{"level":30,"time":1788995614365,"pid":87557,"hostname":"vps-15cf2c41","reqId":"req-50","req":{"method":"GET","url":"/api/v1/tree?path=.","host":"127.0.0.1:6240","remoteAddress":"127.0.0.1","remotePort":56926},"msg":"incoming request"}
{"level":30,"time":1788995614367,"pid":87557,"hostname":"vps-15cf2c41","reqId":"req-51","req":{"method":"GET","url":"/api/v1/agents/alpha/ready-status","host":"127.0.0.1:6240","remoteAddress":"127.0.0.1","remotePort":56934},"msg":"incoming request"}
{"level":30,"time":1788995614373,"pid":87557,"hostname":"vps-15cf2c41","reqId":"req-50","res":{"statusCode":200},"responseTime":7.3595709999790415,"msg":"request completed"}
[2026-09-09T23:13:34.377Z WARN  chromiumoxide::handler] WS Invalid message: data did not match any variant of untagged enum Message
{"level":30,"time":1788995614379,"pid":87557,"hostname":"vps-15cf2c41","reqId":"req-52","req":{"method":"GET","url":"/api/v1/tree?path=.","host":"127.0.0.1:6240","remoteAddress":"127.0.0.1","remotePort":56950},"msg":"incoming request"}
{"level":30,"time":1788995614387,"pid":87557,"hostname":"vps-15cf2c41","reqId":"req-52","res":{"statusCode":200},"responseTime":7.1591759999864735,"msg":"request completed"}
{"level":30,"time":1788995614388,"pid":87557,"hostname":"vps-15cf2c41","reqId":"req-4z","res":{"statusCode":200},"responseTime":27.397472999989986,"msg":"request completed"}
{"level":30,"time":1788995614391,"pid":87557,"hostname":"vps-15cf2c41","reqId":"req-51","res":{"statusCode":200},"responseTime":24.58566099999007,"msg":"request completed"}
{"level":30,"time":1788995614406,"pid":87557,"hostname":"vps-15cf2c41","reqId":"req-53","req":{"method":"GET","url":"/api/v1/agents/alpha/sessions?limit=50&archived=active","host":"127.0.0.1:6240","remoteAddress":"127.0.0.1","remotePort":56958},"msg":"incoming request"}
{"level":30,"time":1788995614407,"pid":87557,"hostname":"vps-15cf2c41","reqId":"req-54","req":{"method":"GET","url":"/api/v1/agents/alpha/ready-status","host":"127.0.0.1:6240","remoteAddress":"127.0.0.1","remotePort":56968},"msg":"incoming request"}
[2026-09-09T23:13:34.410Z WARN  chromiumoxide::handler] WS Invalid message: data did not match any variant of untagged enum Message
[2026-09-09T23:13:34.411Z WARN  chromiumoxide::handler] WS Invalid message: data did not match any variant of untagged enum Message
{"level":30,"time":1788995614414,"pid":87557,"hostname":"vps-15cf2c41","reqId":"req-54","res":{"statusCode":200},"responseTime":6.08971499998006,"msg":"request completed"}
{"level":30,"time":1788995614416,"pid":87557,"hostname":"vps-15cf2c41","reqId":"req-53","res":{"statusCode":200},"responseTime":10.484142999979667,"msg":"request completed"}
00:00.147 Waiting
[2026-09-09T23:13:34.466Z WARN  chromiumoxide::handler] WS Invalid message: data did not match any variant of untagged enum Message
{"level":30,"time":1788995614467,"pid":87557,"hostname":"vps-15cf2c41","reqId":"req-55","req":{"method":"GET","url":"/api/v1/ui/state","host":"127.0.0.1:6240","remoteAddress":"127.0.0.1","remotePort":56978},"msg":"incoming request"}
{"level":30,"time":1788995614468,"pid":87557,"hostname":"vps-15cf2c41","reqId":"req-55","res":{"statusCode":200},"responseTime":0.4640030000009574,"msg":"request completed"}
00:00.239 Clicking <button> (x: 28.0, y: 30.0)
[2026-09-09T23:13:34.589Z WARN  chromiumoxide::handler] WS Invalid message: data did not match any variant of untagged enum Message
[2026-09-09T23:13:34.589Z WARN  chromiumoxide::handler] WS Invalid message: data did not match any variant of untagged enum Message
{"level":30,"time":1788995614590,"pid":87557,"hostname":"vps-15cf2c41","reqId":"req-56","req":{"method":"POST","url":"/api/v1/workspace-bridge/call","host":"127.0.0.1:6240","remoteAddress":"127.0.0.1","remotePort":56984},"msg":"incoming request"}
{"level":30,"time":1788995614592,"pid":87557,"hostname":"vps-15cf2c41","reqId":"req-56","res":{"statusCode":200},"responseTime":1.6581350000051316,"msg":"request completed"}
{"level":30,"time":1788995614593,"pid":87557,"hostname":"vps-15cf2c41","reqId":"req-57","req":{"method":"GET","url":"/api/v1/agents/session-activity/events?workspaceId=workspace","host":"127.0.0.1:6240","remoteAddress":"127.0.0.1","remotePort":56990},"msg":"incoming request"}
[2026-09-09T23:13:34.737Z WARN  chromiumoxide::handler] WS Invalid message: data did not match any variant of untagged enum Message
[2026-09-09T23:13:34.822Z WARN  chromiumoxide::handler] WS Invalid message: data did not match any variant of untagged enum Message
{"level":30,"time":1788995614823,"pid":87557,"hostname":"vps-15cf2c41","reqId":"req-58","req":{"method":"GET","url":"/api/v1/agents/alpha/sessions?limit=50&archived=archived","host":"127.0.0.1:6240","remoteAddress":"127.0.0.1","remotePort":56992},"msg":"incoming request"}
{"level":30,"time":1788995614839,"pid":87557,"hostname":"vps-15cf2c41","reqId":"req-58","res":{"statusCode":200},"responseTime":14.568773000006331,"msg":"request completed"}
00:00.708 Waiting
00:00.935 Clicking <button> (x: 166.7, y: 82.0, content: "Search⌘K")
00:01.196 Pressing Escape (code: 27)
00:01.332 Clicking <button> (x: 28.0, y: 30.0)
00:01.588 Waiting
00:01.826 Clicking <button> (x: 166.7, y: 82.0, content: "Search⌘K")
00:02.071 Typing no-matching-fixture-command (delay: 0ms)
[2026-09-09T23:13:36.689Z WARN  chromiumoxide::handler] WS Invalid message: data did not match any variant of untagged enum Message
{"level":30,"time":1788995616690,"pid":87557,"hostname":"vps-15cf2c41","reqId":"req-59","req":{"method":"POST","url":"/api/v1/agents/alpha/sessions","host":"127.0.0.1:6240","remoteAddress":"127.0.0.1","remotePort":57000},"msg":"incoming request"}
{"level":30,"time":1788995616702,"pid":87557,"hostname":"vps-15cf2c41","reqId":"req-59","res":{"statusCode":201},"responseTime":12.041082000010647,"msg":"request completed"}
[2026-09-09T23:13:36.736Z WARN  chromiumoxide::handler] WS Invalid message: data did not match any variant of untagged enum Message
{"level":30,"time":1788995616737,"pid":87557,"hostname":"vps-15cf2c41","reqId":"req-5a","req":{"method":"GET","url":"/api/v1/agents/alpha/sessions?limit=50&archived=active","host":"127.0.0.1:6240","remoteAddress":"127.0.0.1","remotePort":57012},"msg":"incoming request"}
{"level":30,"time":1788995616753,"pid":87557,"hostname":"vps-15cf2c41","reqId":"req-5a","res":{"statusCode":200},"responseTime":15.394475000008242,"msg":"request completed"}
[2026-09-09T23:13:36.799Z WARN  chromiumoxide::handler] WS Invalid message: data did not match any variant of untagged enum Message
{"level":30,"time":1788995616800,"pid":87557,"hostname":"vps-15cf2c41","reqId":"req-5b","req":{"method":"GET","url":"/api/v1/ui/state","host":"127.0.0.1:6240","remoteAddress":"127.0.0.1","remotePort":57018},"msg":"incoming request"}
{"level":30,"time":1788995616801,"pid":87557,"hostname":"vps-15cf2c41","reqId":"req-5b","res":{"statusCode":200},"responseTime":0.6925599999958649,"msg":"request completed"}
[2026-09-09T23:13:36.844Z WARN  chromiumoxide::handler] WS Invalid message: data did not match any variant of untagged enum Message
[2026-09-09T23:13:36.844Z WARN  chromiumoxide::handler] WS Invalid message: data did not match any variant of untagged enum Message
{"level":30,"time":1788995616848,"pid":87557,"hostname":"vps-15cf2c41","reqId":"req-5c","req":{"method":"POST","url":"/api/v1/workspace-bridge/call","host":"127.0.0.1:6240","remoteAddress":"127.0.0.1","remotePort":57024},"msg":"incoming request"}
{"level":30,"time":1788995616849,"pid":87557,"hostname":"vps-15cf2c41","reqId":"req-5c","res":{"statusCode":200},"responseTime":1.3294809999933932,"msg":"request completed"}
{"level":30,"time":1788995616851,"pid":87557,"hostname":"vps-15cf2c41","reqId":"req-5d","req":{"method":"GET","url":"/api/v1/agents/alpha/sessions?limit=50&archived=archived","host":"127.0.0.1:6240","remoteAddress":"127.0.0.1","remotePort":57040},"msg":"incoming request"}
{"level":30,"time":1788995616866,"pid":87557,"hostname":"vps-15cf2c41","reqId":"req-5d","res":{"statusCode":200},"responseTime":14.470654000004288,"msg":"request completed"}
[2026-09-09T23:13:37.195Z WARN  chromiumoxide::handler] WS Invalid message: data did not match any variant of untagged enum Message
{"level":30,"time":1788995617195,"pid":87557,"hostname":"vps-15cf2c41","reqId":"req-5e","req":{"method":"GET","url":"/api/v1/agents/alpha/models","host":"127.0.0.1:6240","remoteAddress":"127.0.0.1","remotePort":33816},"msg":"incoming request"}
[2026-09-09T23:13:37.198Z WARN  chromiumoxide::handler] WS Invalid message: data did not match any variant of untagged enum Message
[2026-09-09T23:13:37.198Z WARN  chromiumoxide::handler] WS Invalid message: data did not match any variant of untagged enum Message
{"level":30,"time":1788995617203,"pid":87557,"hostname":"vps-15cf2c41","reqId":"req-5f","req":{"method":"GET","url":"/api/v1/workspace/meta","host":"127.0.0.1:6240","remoteAddress":"127.0.0.1","remotePort":33830},"msg":"incoming request"}
{"level":30,"time":1788995617203,"pid":87557,"hostname":"vps-15cf2c41","reqId":"req-5f","res":{"statusCode":200},"responseTime":0.5393899999908172,"msg":"request completed"}
{"level":30,"time":1788995617205,"pid":87557,"hostname":"vps-15cf2c41","reqId":"req-5g","req":{"method":"GET","url":"/api/v1/agents/alpha/commands?sessionId=scripted-4","host":"127.0.0.1:6240","remoteAddress":"127.0.0.1","remotePort":33832},"msg":"incoming request"}
[2026-09-09T23:13:37.230Z WARN  chromiumoxide::handler] WS Invalid message: data did not match any variant of untagged enum Message
{"level":30,"time":1788995617235,"pid":87557,"hostname":"vps-15cf2c41","reqId":"req-5e","res":{"statusCode":200},"responseTime":38.166239000012865,"msg":"request completed"}
{"level":30,"time":1788995617243,"pid":87557,"hostname":"vps-15cf2c41","reqId":"req-5h","req":{"method":"GET","url":"/api/v1/workspace/meta","host":"127.0.0.1:6240","remoteAddress":"127.0.0.1","remotePort":33838},"msg":"incoming request"}
{"level":30,"time":1788995617244,"pid":87557,"hostname":"vps-15cf2c41","reqId":"req-5h","res":{"statusCode":200},"responseTime":0.3790739999967627,"msg":"request completed"}
[2026-09-09T23:13:37.246Z WARN  chromiumoxide::handler] WS Invalid message: data did not match any variant of untagged enum Message
{"level":30,"time":1788995617253,"pid":87557,"hostname":"vps-15cf2c41","reqId":"req-5i","req":{"method":"GET","url":"/api/v1/agents/alpha/models","host":"127.0.0.1:6240","remoteAddress":"127.0.0.1","remotePort":33850},"msg":"incoming request"}
{"level":30,"time":1788995617258,"pid":87557,"hostname":"vps-15cf2c41","reqId":"req-5g","res":{"statusCode":200},"responseTime":52.55844300001627,"msg":"request completed"}
{"level":30,"time":1788995617264,"pid":87557,"hostname":"vps-15cf2c41","reqId":"req-5j","req":{"method":"GET","url":"/api/v1/agents/alpha/commands?sessionId=scripted-4","host":"127.0.0.1:6240","remoteAddress":"127.0.0.1","remotePort":33866},"msg":"incoming request"}
[2026-09-09T23:13:37.270Z WARN  chromiumoxide::handler] WS Invalid message: data did not match any variant of untagged enum Message
{"level":30,"time":1788995617278,"pid":87557,"hostname":"vps-15cf2c41","reqId":"req-5i","res":{"statusCode":200},"responseTime":24.67704199999571,"msg":"request completed"}
{"level":30,"time":1788995617292,"pid":87557,"hostname":"vps-15cf2c41","reqId":"req-5j","res":{"statusCode":200},"responseTime":27.9783860000025,"msg":"request completed"}
{"level":30,"time":1788995617326,"pid":87557,"hostname":"vps-15cf2c41","reqId":"req-5k","req":{"method":"GET","url":"/api/v1/agents/alpha/commands?sessionId=scripted-4","host":"127.0.0.1:6240","remoteAddress":"127.0.0.1","remotePort":33878},"msg":"incoming request"}
[2026-09-09T23:13:37.329Z WARN  chromiumoxide::handler] WS Invalid message: data did not match any variant of untagged enum Message
{"level":30,"time":1788995617342,"pid":87557,"hostname":"vps-15cf2c41","reqId":"req-5k","res":{"statusCode":200},"responseTime":16.33283699999447,"msg":"request completed"}
{"level":30,"time":1788995617368,"pid":87557,"hostname":"vps-15cf2c41","reqId":"req-5l","req":{"method":"GET","url":"/api/v1/agents/alpha/sessions/scripted-4/state","host":"127.0.0.1:6240","remoteAddress":"127.0.0.1","remotePort":33890},"msg":"incoming request"}
[2026-09-09T23:13:37.369Z WARN  chromiumoxide::handler] WS Invalid message: data did not match any variant of untagged enum Message
{"level":30,"time":1788995617401,"pid":87557,"hostname":"vps-15cf2c41","reqId":"req-5l","res":{"statusCode":200},"responseTime":32.74632999999449,"msg":"request completed"}
[2026-09-09T23:13:37.463Z WARN  chromiumoxide::handler] WS Invalid message: data did not match any variant of untagged enum Message
{"level":30,"time":1788995617462,"pid":87557,"hostname":"vps-15cf2c41","reqId":"req-5m","req":{"method":"GET","url":"/api/v1/agents/session-activity/events?workspaceId=workspace","host":"127.0.0.1:6240","remoteAddress":"127.0.0.1","remotePort":33902},"msg":"incoming request"}
{"level":30,"time":1788995617600,"pid":87557,"hostname":"vps-15cf2c41","reqId":"req-5n","req":{"method":"GET","url":"/api/v1/agents/alpha/models","host":"127.0.0.1:6240","remoteAddress":"127.0.0.1","remotePort":33914},"msg":"incoming request"}
[2026-09-09T23:13:37.602Z WARN  chromiumoxide::handler] WS Invalid message: data did not match any variant of untagged enum Message
[2026-09-09T23:13:37.602Z WARN  chromiumoxide::handler] WS Invalid message: data did not match any variant of untagged enum Message
{"level":30,"time":1788995617605,"pid":87557,"hostname":"vps-15cf2c41","reqId":"req-5o","req":{"method":"GET","url":"/api/v1/agents/alpha/sessions/scripted-4/events?cursor=0","host":"127.0.0.1:6240","remoteAddress":"127.0.0.1","remotePort":33916},"msg":"incoming request"}
{"level":30,"time":1788995617621,"pid":87557,"hostname":"vps-15cf2c41","reqId":"req-5n","res":{"statusCode":200},"responseTime":19.797967999998946,"msg":"request completed"}
[2026-09-09T23:13:38.146Z WARN  chromiumoxide::handler] WS Invalid message: data did not match any variant of untagged enum Message
{"level":30,"time":1788995618147,"pid":87557,"hostname":"vps-15cf2c41","reqId":"req-5p","req":{"method":"PUT","url":"/api/v1/ui/state","host":"127.0.0.1:6240","remoteAddress":"127.0.0.1","remotePort":33930},"msg":"incoming request"}
{"level":30,"time":1788995618148,"pid":87557,"hostname":"vps-15cf2c41","reqId":"req-5p","res":{"statusCode":204},"responseTime":1.3211449999944307,"msg":"request completed"}
{"level":30,"time":1788995618157,"pid":87557,"hostname":"vps-15cf2c41","reqId":"req-5q","req":{"method":"GET","url":"/api/v1/agents/alpha/commands?sessionId=scripted-4","host":"127.0.0.1:6240","remoteAddress":"127.0.0.1","remotePort":33944},"msg":"incoming request"}
[2026-09-09T23:13:38.157Z WARN  chromiumoxide::handler] WS Invalid message: data did not match any variant of untagged enum Message
{"level":30,"time":1788995618174,"pid":87557,"hostname":"vps-15cf2c41","reqId":"req-5q","res":{"statusCode":200},"responseTime":16.96359000002849,"msg":"request completed"}

Reproduction finished!

Inspect the test results using:

  bombadil browser inspect /dev/shm/cpr-aa4/boring-ui-review-run.vt93ir/replay-mobile.nla3ev

{"level":30,"time":1788995618260,"pid":87557,"hostname":"vps-15cf2c41","reqId":"req-5o","res":{"statusCode":200},"msg":"stream closed prematurely"}
verified Bombadil replay final state: cpr-02:workspace-command-palette:candidate:mobile:explore-0011-dialog-popover:195dbeb8de49
[WebServer] (!) Your Vite config uses features that are unsupported by `configLoader: 'native'`, which is planned to become the default in a future major version of Vite:
[WebServer]   - `__dirname` (vite.config.ts:9:59). Use `import.meta.dirname` instead
[WebServer]   - import "./src/server/dev" without a file extension (vite.config.ts:6:66). Add the file extension
[WebServer]   - import "./src/release-candidate-dist" without a file extension (vite.config.ts:7:50). Add the file extension
[WebServer]   - import "./testing/scriptedPiHarness" without a file extension (src/server/dev.ts:7:110). Add the file extension
[WebServer]   - import "../shared/showcaseSession" without a file extension (src/server/dev.ts:8:51). Add the file extension
[WebServer]   - import "./testing/twoAgentFleet" without a file extension (src/server/dev.ts:14:8). Add the file extension
[WebServer]   - import "./factoryAgents" without a file extension (src/server/dev.ts:17:41). Add the file extension
[WebServer]   - import "./playgroundAgentMode" without a file extension (src/server/dev.ts:18:44). Add the file extension
[WebServer]   - import "../shared/playgroundAgents" without a file extension (src/server/dev.ts:19:53). Add the file extension
[WebServer]   - import "../../shared/playgroundAgents" without a file extension (src/server/testing/twoAgentFleet.ts:2:48). Add the file extension
[WebServer] Set `VITE_CONFIG_NATIVE_IGNORE_WARNING=true` to suppress this warning.
[WebServer] 11:13:54 PM [vite] warning: `esbuild` option was specified by "vite:react-babel" plugin. This option is deprecated, please use `oxc` instead.
[WebServer] `optimizeDeps.rollupOptions` / `ssr.optimizeDeps.rollupOptions` is deprecated. Use `optimizeDeps.rolldownOptions` instead. Note that this option may be set by a plugin. Set VITE_DEPRECATION_TRACE=1 to see where it is called.
[WebServer] [vite:react-babel] We recommend switching to `@vitejs/plugin-react-oxc` for improved performance. More information at https://vite.dev/rolldown
[WebServer] (node:93385) ExperimentalWarning: SQLite is an experimental feature and might change at any time
[WebServer] (Use `node --trace-warnings ...` to show where the warning was created)
[WebServer] (node:93385) [BORING_WORKSPACE_BRIDGE_INSECURE_AUTH] Warning: createWorkspaceAgentServer is using createLocalCliBridgeAuthPolicy for WorkspaceBridge browser calls. This policy is unauthenticated, grants registered bridge capabilities to the fixed local principal, and is intended only for local/dev CLI usage. Provide workspaceBridge.browserAuthPolicy before exposing this server.

Running 1 test using 1 worker

  ✓  1 [chromium] › e2e/review.spec.ts:54:3 › UI review › captures and reviews workspace-command-palette (25.8s)

  1 passed (38.7s)
