
> @hachej/boring-ui-review-tools@0.0.1 ui:review <sandbox-root>/tools/ui-review
> tsx scripts/run-ui-review.mjs -- review workspace-command-palette --critic=fixture


> workspace-playground@0.0.1 build:deps <sandbox-root>/apps/workspace-playground
> pnpm --filter @hachej/boring-ui-kit build && pnpm --filter @hachej/boring-ui-plugin-cli build && pnpm --filter @hachej/boring-sandbox build && pnpm --filter @hachej/boring-bash build && pnpm --filter @hachej/boring-agent build && pnpm --filter @hachej/boring-pi build && pnpm --filter @hachej/boring-workspace build && pnpm --filter @hachej/boring-core build && pnpm --filter @hachej/boring-deck build && pnpm --filter @hachej/boring-ask-user build && pnpm --filter @hachej/boring-tasks build && pnpm --filter @hachej/boring-diagram build && pnpm --filter @hachej/boring-data-explorer build && pnpm --filter @hachej/boring-data-catalog build


> @hachej/boring-ui-kit@0.1.109 build <sandbox-root>/packages/ui
> tsup && node scripts/build-styles.mjs

CLI Building entry: {"index":"src/index.ts"}
CLI Using tsconfig: tsconfig.json
CLI tsup v8.5.1
CLI Using tsup config: <sandbox-root>/packages/ui/tsup.config.ts
CLI Target: es2022
CLI Cleaning output folder
ESM Build start
ESM dist/index.js 96.25 KB
ESM ⚡️ Build success in 88ms
DTS Build start
DTS ⚡️ Build success in 5793ms
DTS dist/index.d.ts 34.51 KB

> @hachej/boring-ui-plugin-cli@0.1.109 build <sandbox-root>/packages/plugin-cli
> tsup

CLI Building entry: {"index":"src/index.ts","bin":"src/bin.ts","plugin-sources":"src/server/pluginSources.ts"}
CLI Using tsconfig: tsconfig.json
CLI tsup v8.5.1
CLI Using tsup config: <sandbox-root>/packages/plugin-cli/tsup.config.ts
CLI Target: node20
CLI Cleaning output folder
ESM Build start
ESM dist/index.js          901.00 B
ESM dist/bin.js            265.00 B
ESM dist/plugin-sources.js 497.00 B
ESM dist/chunk-YUAML3DZ.js 43.52 KB
ESM dist/chunk-KTILPA2U.js 26.73 KB
ESM ⚡️ Build success in 50ms
DTS Build start
DTS ⚡️ Build success in 6098ms
DTS dist/bin.d.ts            20.00 B
DTS dist/plugin-sources.d.ts 3.60 KB
DTS dist/index.d.ts          4.45 KB

> @hachej/boring-sandbox@0.1.109 build <sandbox-root>/packages/boring-sandbox
> tsup

CLI Building entry: {"index":"src/index.ts","shared/index":"src/shared/index.ts","providers/index":"src/providers/index.ts","providers/direct/index":"src/providers/direct/index.ts","providers/bwrap/index":"src/providers/bwrap/index.ts","providers/node-workspace/index":"src/providers/node-workspace/index.ts","providers/blaxel/index":"src/providers/blaxel/index.ts","providers/vercel-sandbox/index":"src/providers/vercel-sandbox/index.ts","providers/runsc/index":"src/providers/runsc/index.ts","providers/remote-worker/index":"src/providers/remote-worker/index.ts"}
CLI Using tsconfig: tsconfig.json
CLI tsup v8.5.1
CLI Using tsup config: <sandbox-root>/packages/boring-sandbox/tsup.config.ts
CLI Target: es2022
CLI Cleaning output folder
ESM Build start
ESM dist/index.js                          19.35 KB
ESM dist/providers/node-workspace/index.js 18.50 KB
ESM dist/providers/blaxel/index.js         74.90 KB
ESM dist/providers/index.js                241.49 KB
ESM dist/providers/remote-worker/index.js  65.56 KB
ESM dist/providers/vercel-sandbox/index.js 101.45 KB
ESM dist/providers/runsc/index.js          113.12 KB
ESM dist/shared/index.js                   19.35 KB
ESM dist/providers/direct/index.js         25.22 KB
ESM dist/providers/bwrap/index.js          36.60 KB
ESM ⚡️ Build success in 158ms
DTS Build start
DTS ⚡️ Build success in 88896ms
DTS dist/providers/index.d.ts                      2.52 KB
DTS dist/providers/remote-worker/index.d.ts        5.26 KB
DTS dist/providers/blaxel/index.d.ts               2.04 KB
DTS dist/providers/node-workspace/index.d.ts       4.41 KB
DTS dist/providers/vercel-sandbox/index.d.ts       7.93 KB
DTS dist/providers/runsc/index.d.ts                23.47 KB
DTS dist/providers/bwrap/index.d.ts                2.10 KB
DTS dist/providers/direct/index.d.ts               666.00 B
DTS dist/shared/index.d.ts                         5.14 KB
DTS dist/index.d.ts                                4.32 KB
DTS dist/remoteWorkerProtocolV1-NU-MaJcz.d.ts      52.64 KB
DTS dist/qualificationBundle-BpxgRXzG.d.ts         16.09 KB
DTS dist/createBlaxelSandboxProvider-DNky2Rbo.d.ts 3.32 KB
DTS dist/providerV1-t-uEtu-o.d.ts                  11.26 KB
DTS dist/createRemoteWorkerProvider-G3u8nPAe.d.ts  4.67 KB
DTS dist/createVercelSandboxProvider-Bg12qM0D.d.ts 3.94 KB

> @hachej/boring-bash@0.1.109 build <sandbox-root>/packages/boring-bash
> tsup

CLI Building entry: {"index":"src/index.ts","agent/index":"src/agent/index.ts","shared/index":"src/shared/index.ts","server/index":"src/server/index.ts"}
CLI Using tsconfig: tsconfig.json
CLI tsup v8.5.1
CLI Using tsup config: <sandbox-root>/packages/boring-bash/tsup.config.ts
CLI Target: es2022
CLI Cleaning output folder
ESM Build start
ESM dist/index.js        2.49 KB
ESM dist/agent/index.js  66.13 KB
ESM dist/shared/index.js 3.41 KB
ESM dist/server/index.js 110.82 KB
ESM ⚡️ Build success in 155ms
DTS Build start
DTS ⚡️ Build success in 36279ms
DTS dist/agent/index.d.ts    7.65 KB
DTS dist/server/index.d.ts   24.76 KB
DTS dist/shared/index.d.ts   4.63 KB
DTS dist/index.d.ts          539.00 B
DTS dist/types-HnMSUqBc.d.ts 6.62 KB

> @hachej/boring-agent@0.1.109 build <sandbox-root>/packages/agent
> tsup && pnpm run build:assert

CLI Building entry: {"shared/index":"src/shared/index.ts","core/index":"src/core/index.ts","server/index":"src/server/index.ts","server/pi-session-readability":"src/server/harness/pi-coding-agent/sessionReadability.ts","server/agent-host/testing/gatewayConformance":"src/server/agent-host/testing/gatewayConformance.ts","server/agent-host/testing/compositionRouteProof":"src/server/agent-host/testing/compositionRouteProof.ts","server/worker/index":"src/server/worker/index.ts","front/index":"src/front/index.ts","front/artifacts":"src/front/artifacts.ts","eval/index":"src/eval/index.ts"}
CLI Using tsconfig: tsconfig.json
CLI tsup v8.5.1
CLI Using tsup config: <sandbox-root>/packages/agent/tsup.config.ts
CLI Target: es2022
CLI Cleaning output folder
ESM Build start
ESM dist/createHarness-WVOVOOJJ.js                          445.00 B
ESM dist/core/index.js                                      21.44 KB
ESM dist/server/index.js                                    6.19 KB
ESM dist/shared/index.js                                    6.54 KB
ESM dist/server/worker/index.js                             13.49 KB
ESM dist/front/index.js                                     495.27 KB
ESM dist/DebugDrawer-JNA43SVR.js                            139.00 B
ESM dist/server/pi-session-readability.js                   940.00 B
ESM dist/chunk-EDI7C4MR.js                                  112.07 KB
ESM dist/chunk-6OANSUEI.js                                  47.63 KB
ESM dist/chunk-7XAOVFSN.js                                  664.00 B
ESM dist/chunk-YTUZFKB3.js                                  2.91 KB
ESM dist/chunk-N6THTH7P.js                                  2.78 KB
ESM dist/chunk-4XOW57KJ.js                                  14.25 KB
ESM dist/chunk-2BGLZZ7T.js                                  174.00 B
ESM dist/chunk-MVKXLMH3.js                                  13.98 KB
ESM dist/chunk-YGRQ4Q5P.js                                  685.00 B
ESM dist/chunk-3JFPS2O6.js                                  5.57 KB
ESM dist/server/agent-host/testing/gatewayConformance.js    32.73 KB
ESM dist/chunk-DGIHXIFQ.js                                  580.48 KB
ESM dist/eval/index.js                                      16.12 KB
ESM dist/front/artifacts.js                                 381.00 B
ESM dist/server/agent-host/testing/compositionRouteProof.js 3.65 KB
ESM ⚡️ Build success in 739ms
DTS Build start
"buildBwrapArgs" and "createBwrapSandboxProvider" are imported from external module "@hachej/boring-sandbox/providers/bwrap" but never used in "host/sandbox.ts".
"createNodeWorkspace", "getBoringAgentPathEntries", "getBoringAgentRuntimeEnv" and "getBoringAgentRuntimePaths" are imported from external module "@hachej/boring-sandbox/providers/node-workspace" but never used in "host/sandbox.ts".
"createBlaxelSandboxProvider" and "BLAXEL_WORKSPACE_ROOT" are imported from external module "@hachej/boring-sandbox/providers/blaxel" but never used in "host/sandbox.ts".
"createDirectSandboxProvider" is imported from external module "@hachej/boring-sandbox/providers/direct" but never used in "host/sandbox.ts".
DTS ⚡️ Build success in 118103ms
DTS dist/core/index.d.ts                                      1.86 KB
DTS dist/server/agent-host/testing/compositionRouteProof.d.ts 312.00 B
DTS dist/server/agent-host/testing/gatewayConformance.d.ts    1.98 KB
DTS dist/server/pi-session-readability.d.ts                   501.00 B
DTS dist/eval/index.d.ts                                      8.97 KB
DTS dist/server/worker/index.d.ts                             3.05 KB
DTS dist/shared/index.d.ts                                    151.80 KB
DTS dist/front/index.d.ts                                     41.65 KB
DTS dist/server/index.d.ts                                    72.91 KB
DTS dist/front/artifacts.d.ts                                 1.83 KB
DTS dist/middleware-CaAEXpi5.d.ts                             3.17 KB
DTS dist/piChatSessionService-nvroRAVk.d.ts                   4.41 KB
DTS dist/file-search-C8G9Ca8V.d.ts                            4.19 KB
DTS dist/errors-CEU4iujR.d.ts                                 12.02 KB
DTS dist/sandbox-BMhut3kh.d.ts                                13.29 KB
DTS dist/harness-Ct0e4RWc.d.ts                                10.58 KB
DTS dist/piChatEvent-BUWIzw5l.d.ts                            63.86 KB
DTS dist/lease-nASWv2tU.d.ts                                  18.77 KB
DTS dist/types-fwlLd-cS.d.ts                                  41.86 KB

> @hachej/boring-agent@0.1.109 build:assert <sandbox-root>/packages/agent
> node ./scripts/assert-build-artifacts.mjs

build-artifacts: OK

> @hachej/boring-pi@0.1.13 build <sandbox-root>/packages/pi
> node scripts/assert-package.mjs

boring-pi package resources: OK

> @hachej/boring-workspace@0.1.109 build <sandbox-root>/packages/workspace
> tsup && vite build && node ./scripts/build-workspace-css.mjs && node ./scripts/assert-build-artifacts.mjs

CLI Building entry: {"app-server":"src/app/server/index.ts","server":"src/server/index.ts","runtime-server":"src/server/runtimeBackend/defineRuntimeServerPlugin.ts","shared":"src/shared/index.ts","bridge-client":"src/bridge-client/index.ts","events":"src/front/events/index.ts","plugin":"src/plugin.ts"}
CLI Using tsconfig: tsconfig.tsup.json
CLI tsup v8.5.1
CLI Using tsup config: <sandbox-root>/packages/workspace/tsup.config.ts
CLI Target: es2022
CLI Cleaning output folder
ESM Build start
ESM dist/bridge-client.js  14.60 KB
ESM dist/events.js         2.96 KB
ESM dist/shared.js         10.70 KB
ESM dist/server.js         215.54 KB
ESM dist/app-server.js     287.79 KB
ESM dist/runtime-server.js 1.12 KB
ESM dist/plugin.js         21.25 KB
ESM ⚡️ Build success in 136ms
DTS Build start
DTS ⚡️ Build success in 24937ms
DTS dist/app-server.d.ts                    22.10 KB
DTS dist/bridge-client.d.ts                 3.20 KB
DTS dist/events.d.ts                        7.32 KB
DTS dist/plugin.d.ts                        15.36 KB
DTS dist/server.d.ts                        38.49 KB
DTS dist/runtime-server.d.ts                2.12 KB
DTS dist/shared.d.ts                        11.84 KB
DTS dist/types-B1hDNDJf.d.ts                146.00 B
DTS dist/runtimeEnv-B8_Y4fhX.d.ts           20.92 KB
DTS dist/manifest-B3IoRf9m.d.ts             2.88 KB
DTS dist/surface-BppFFmNz.d.ts              5.29 KB
DTS dist/urlPane-D5wJ6ItF.d.ts              2.75 KB
DTS dist/agent-tool-Clfxoyef.d.ts           1.26 KB
DTS dist/workspace-bridge-rpc-BHsOJMlW.d.ts 5.41 KB
DTS dist/ui-bridge-DzjfAFqa.d.ts            2.36 KB
DTS dist/filesystem-BIUerwPV.d.ts           1.13 KB
(!) Your Vite config uses features that are unsupported by `configLoader: 'native'`, which is planned to become the default in a future major version of Vite:
  - `__dirname` (vite.config.ts:14:24). Use `import.meta.dirname` instead
Set `VITE_CONFIG_NATIVE_IGNORE_WARNING=true` to suppress this warning.
11:37:12 PM [vite] warning: `esbuild` option was specified by "vite:react-babel" plugin. This option is deprecated, please use `oxc` instead.
`optimizeDeps.rollupOptions` / `ssr.optimizeDeps.rollupOptions` is deprecated. Use `optimizeDeps.rolldownOptions` instead. Note that this option may be set by a plugin. Set VITE_DEPRECATION_TRACE=1 to see where it is called.
[vite:react-babel] We recommend switching to `@vitejs/plugin-react-oxc` for improved performance. More information at https://vite.dev/rolldown
vite v8.2.1 building client environment for production...
[2K
transforming...✓ 416 modules transformed.
rendering chunks...

[unplugin:dts] Start generate declaration files...
[unplugin:dts] Start bundling declaration files...

[unplugin:dts] Failed to load '@microsoft/api-extractor', have you installed it?


[unplugin:dts] Error occurred, skip bundle declaration files.

[unplugin:dts] Declaration files built in 44019ms.

computing gzip size...
dist/boring-workspace.css                    8.93 kB │ gzip:  1.90 kB
dist/loading.js                              0.10 kB │ gzip:  0.09 kB
dist/reloadEvent-Dm9lkxge.js                 0.12 kB │ gzip:  0.12 kB
dist/utils-BRcxFdrz.js                       0.18 kB │ gzip:  0.15 kB
dist/panel-C3f-tnSJ.js                       0.27 kB │ gzip:  0.16 kB
dist/filesystemErrorRedaction-DNGYs3Sy.js    0.29 kB │ gzip:  0.22 kB
dist/getFileIcon-DjXq4MdF.js                 0.67 kB │ gzip:  0.35 kB
dist/uiCommandBus-DxuPkZNB.js                0.67 kB │ gzip:  0.39 kB
dist/rolldown-runtime-B0aSnxlc.js            0.95 kB │ gzip:  0.52 kB
dist/toast-BPlCG87n.js                       1.10 kB │ gzip:  0.56 kB
dist/paneCollapseButton-B7knQYgC.js          1.20 kB │ gzip:  0.67 kB
dist/ControlTooltip-B6QXW-TF.js              1.31 kB │ gzip:  0.60 kB
dist/testing-e2e.js                          1.43 kB │ gzip:  0.79 kB
dist/MarkdownEditorPane-C0QYsrQA.js          1.59 kB │ gzip:  0.86 kB
dist/selectors-BfOn6gAj.js                   1.73 kB │ gzip:  0.69 kB
dist/cornerChrome-Ukj6a090.js                1.80 kB │ gzip:  0.92 kB
dist/events-C96ZDGkP.js                      1.80 kB │ gzip:  0.85 kB
dist/ManagementOverlaySurface-CQkhfBX5.js    2.53 kB │ gzip:  0.96 kB
dist/hooks-BVVwErK7.js                       4.14 kB │ gzip:  1.51 kB
dist/ChatPaneStage-BB0ltUG6.js               4.46 kB │ gzip:  1.72 kB
dist/useWorkspacePluginClient-DHk44NlO.js    4.81 kB │ gzip:  1.93 kB
dist/agentCapabilities-BmNe6PR0.js           5.75 kB │ gzip:  1.76 kB
dist/charts.js                               5.78 kB │ gzip:  2.01 kB
dist/MediaViewerPane-CA3PAJAZ.js             7.03 kB │ gzip:  2.30 kB
dist/FileTreePane-DjYkKkSY.js                7.21 kB │ gzip:  2.33 kB
dist/HtmlViewerPane-Bmu1MTCC.js              9.24 kB │ gzip:  3.17 kB
dist/FileTree-COsjEx1S.js                   10.71 kB │ gzip:  3.79 kB
dist/CodeEditorPane-Dyepskar.js             11.73 kB │ gzip:  3.96 kB
dist/PluginErrorBoundary-DHR5R2jQ.js        11.97 kB │ gzip:  3.00 kB
dist/PluginsOverlay-B40i-D3S.js             12.08 kB │ gzip:  3.09 kB
dist/WorkspaceLoadingState-CdGjksPS.js      12.70 kB │ gzip:  1.98 kB
dist/FilePaneShell-DSYoXfqA.js              13.18 kB │ gzip:  4.12 kB
dist/AgentPage-BqCLmzmU.js                  16.16 kB │ gzip:  3.69 kB
dist/DataProvider-BknlIuIM.js               16.19 kB │ gzip:  5.32 kB
dist/WorkbenchLeftPane-CHevqYV0.js          16.80 kB │ gzip:  4.64 kB
dist/ChatPaneStageDock-i9M30Qrc.js          19.77 kB │ gzip:  5.45 kB
dist/AgentDetailsOverlay-C6gLIe1c.js        21.08 kB │ gzip:  4.83 kB
dist/MarkdownEditor-B4ZcQ6Vj.js             31.74 kB │ gzip:  8.93 kB
dist/FileTreeView-BZcWrBk6.js               41.19 kB │ gzip: 11.06 kB
dist/workspace.js                           41.61 kB │ gzip: 11.42 kB
dist/SurfaceShell-D890N5-a.js               48.50 kB │ gzip: 13.39 kB
dist/TopBar-C5MQPBNF.js                     51.35 kB │ gzip: 12.26 kB
dist/WorkspaceProvider-Dlxn27gX.js         154.23 kB │ gzip: 39.08 kB
dist/app-front.js                          205.70 kB │ gzip: 48.12 kB
dist/testing.js                            255.27 kB │ gzip: 44.65 kB

✓ built in 44.94s
[33m[PLUGIN_TIMINGS] [0mYour build spent 99% of 44.9s inside plugin hooks (44.4s).
Measured inside the callback, so queue time is excluded and time the callback itself awaited is not:
  - unplugin-dts buildStart (90%, 40.6s, 1 call)
  - unplugin-dts writeBundle (5%, 2.4s, 1 call)
  - unplugin-dts transform (2%, 1.0s, 416 calls)
See https://rolldown.rs/reference/InputOptions.checks#plugintimings for more details.

assert-build-artifacts: all 21 artifacts present

> @hachej/boring-core@0.1.109 build <sandbox-root>/packages/core
> tsup && pnpm run build:assert

CLI Building entry: {"server/index":"src/server/index.ts","server/db/index":"src/server/db/index.ts","app/server/index":"src/app/server/index.ts","app/front/index":"src/app/front/index.ts","app/vite/index":"src/app/vite/index.ts","front/index":"src/front/index.ts","front/top-bar-slot":"src/front/components/TopBarSlot.tsx","shared/index":"src/shared/index.ts"}
CLI Using tsconfig: tsconfig.json
CLI tsup v8.5.1
CLI Using tsup config: <sandbox-root>/packages/core/tsup.config.ts
CLI Target: es2022
CLI Cleaning output folder
ESM Build start
ESM dist/chunk-XKKVA3WR.js     121.22 KB
ESM dist/front/index.js        2.53 KB
ESM dist/shared/index.js       857.00 B
ESM dist/chunk-H5XK7CBJ.js     150.28 KB
ESM dist/chunk-EEMKIN55.js     183.59 KB
ESM dist/chunk-HYNKZSTF.js     437.00 B
ESM dist/front/top-bar-slot.js 159.00 B
ESM dist/chunk-AQBXNPMD.js     254.00 B
ESM dist/chunk-YMWFQN6F.js     338.00 B
ESM dist/chunk-I4PGL4ZD.js     488.00 B
ESM dist/chunk-XFTE4MLH.js     155.00 B
ESM dist/chunk-WYRJV2HL.js     2.68 KB
ESM dist/chunk-MLKGABMK.js     191.00 B
ESM dist/server/db/index.js    739.00 B
ESM dist/app/server/index.js   87.70 KB
ESM dist/app/vite/index.js     786.00 B
ESM dist/app/front/index.js    73.87 KB
ESM dist/server/index.js       77.65 KB
ESM ⚡️ Build success in 706ms
DTS Build start
"magicLinkClient" is imported from external module "better-auth/client/plugins" but never used in "src/front/auth/authClient.ts".
DTS ⚡️ Build success in 132049ms
DTS dist/app/front/index.d.ts                   15.13 KB
DTS dist/app/server/index.d.ts                  14.07 KB
DTS dist/app/vite/index.d.ts                    1.35 KB
DTS dist/front/index.d.ts                       22.03 KB
DTS dist/front/top-bar-slot.d.ts                295.00 B
DTS dist/server/db/index.d.ts                   13.88 KB
DTS dist/server/index.d.ts                      48.40 KB
DTS dist/shared/index.d.ts                      3.38 KB
DTS dist/CoreFront-DB1OfNJU.d.ts                2.42 KB
DTS dist/loadConfig-J4PFyqIL.d.ts               6.80 KB
DTS dist/PostgresModelBudgetStore-CDH684E7.d.ts 16.58 KB
DTS dist/types-uiSO8ppZ.d.ts                    10.78 KB
DTS dist/telemetry-DR18MeI0.d.ts                466.00 B
DTS dist/types-brYS1KDl.d.ts                    10.69 KB

> @hachej/boring-core@0.1.109 build:assert <sandbox-root>/packages/core
> node ./scripts/assert-build-artifacts.mjs

assert-build-artifacts: all 10 exported artifact(s) present, 4 stylesheet(s) with resolvable @imports

> @hachej/boring-deck@0.1.109 build <sandbox-root>/plugins/deck
> tsup

CLI Building entry: {"front/index":"src/front/index.tsx","shared/index":"src/shared/index.ts"}
CLI Using tsconfig: tsconfig.json
CLI tsup v8.5.1
CLI Using tsup config: <sandbox-root>/plugins/deck/tsup.config.ts
CLI Target: es2022
CLI Cleaning output folder
ESM Build start
ESM dist/front/index.js  38.25 KB
ESM dist/shared/index.js 8.25 KB
ESM ⚡️ Build success in 63ms
DTS Build start
DTS ⚡️ Build success in 26268ms
DTS dist/front/index.d.ts    1.76 KB
DTS dist/shared/index.d.ts   961.00 B
DTS dist/types-Dt_A9RNg.d.ts 1.57 KB

> @hachej/boring-ask-user@0.1.109 build <sandbox-root>/plugins/ask-user
> tsup

CLI Building entry: {"front/index":"src/front/index.tsx","server/index":"src/server/index.ts","shared/index":"src/shared/index.ts"}
CLI Using tsconfig: tsconfig.json
CLI tsup v8.5.1
CLI Using tsup config: <sandbox-root>/plugins/ask-user/tsup.config.ts
CLI Target: es2022
CLI Cleaning output folder
ESM Build start
ESM dist/shared/index.js 15.86 KB
ESM dist/server/index.js 81.55 KB
ESM dist/front/index.js  116.68 KB
ESM ⚡️ Build success in 165ms
DTS Build start
DTS ⚡️ Build success in 41168ms
DTS dist/front/index.d.ts    854.00 B
DTS dist/server/index.d.ts   14.18 KB
DTS dist/shared/index.d.ts   121.45 KB
DTS dist/types-x1DmGJF4.d.ts 6.52 KB

> @hachej/boring-tasks@0.1.109 build <sandbox-root>/plugins/tasks
> tsup --config tsup.config.ts && tsup --config tsup.descriptor.config.ts && node scripts/assert-declarations.mjs

CLI Building entry: {"front/index":"src/front/index.tsx","server/index":"src/server/index.ts","shared/index":"src/shared/index.ts"}
CLI Using tsconfig: tsconfig.json
CLI tsup v8.5.1
CLI Using tsup config: <sandbox-root>/plugins/tasks/tsup.config.ts
CLI Target: es2022
CLI Cleaning output folder
ESM Build start
ESM dist/shared/index.js 4.89 KB
ESM dist/front/index.js  143.51 KB
ESM dist/server/index.js 102.42 KB
ESM ⚡️ Build success in 99ms
DTS Build start
DTS ⚡️ Build success in 60977ms
DTS dist/front/index.d.ts  2.63 KB
DTS dist/server/index.d.ts 11.43 KB
DTS dist/shared/index.d.ts 7.77 KB
CLI Building entry: {"front/descriptor":"src/front/descriptor.tsx"}
CLI Using tsconfig: tsconfig.json
CLI tsup v8.5.1
CLI Using tsup config: <sandbox-root>/plugins/tasks/tsup.descriptor.config.ts
CLI Target: es2022
ESM Build start
ESM dist/front/descriptor.js      3.89 KB
ESM dist/TasksOverlay-ILOTZDWQ.js 128.39 KB
ESM ⚡️ Build success in 183ms
DTS Build start
DTS ⚡️ Build success in 26541ms
DTS dist/front/descriptor.d.ts 172.00 B
tasks declarations: root, front, and front/descriptor types resolve through emitted/public paths

> @hachej/boring-diagram@0.1.109 build <sandbox-root>/plugins/diagram
> tsup

CLI Building entry: {"front/index":"src/front/index.tsx","server/index":"src/server/index.ts","shared/index":"src/shared/index.ts"}
CLI Using tsconfig: tsconfig.json
CLI tsup v8.5.1
CLI Using tsup config: <sandbox-root>/plugins/diagram/tsup.config.ts
CLI Target: es2022
CLI Cleaning output folder
ESM Build start
ESM dist/server/index.js 12.08 KB
ESM dist/shared/index.js 845.00 B
ESM dist/front/index.js  47.05 KB
ESM ⚡️ Build success in 68ms
DTS Build start
DTS ⚡️ Build success in 48207ms
DTS dist/front/index.d.ts  185.00 B
DTS dist/server/index.d.ts 384.00 B
DTS dist/shared/index.d.ts 424.00 B

> @hachej/boring-data-explorer@0.1.109 build <sandbox-root>/plugins/data-explorer
> tsup

CLI Building entry: {"front/index":"src/front/index.ts","shared/index":"src/shared/index.ts","testing/index":"src/testing/index.ts"}
CLI Using tsconfig: tsconfig.json
CLI tsup v8.5.1
CLI Using tsup config: <sandbox-root>/plugins/data-explorer/tsup.config.ts
CLI Target: es2022
CLI Cleaning output folder
ESM Build start
ESM dist/shared/index.js  0 B
ESM dist/front/index.js   25.36 KB
ESM dist/testing/index.js 4.81 KB
ESM ⚡️ Build success in 44ms
DTS Build start
DTS ⚡️ Build success in 7333ms
DTS dist/testing/index.d.ts 248.00 B
DTS dist/front/index.d.ts   3.88 KB
DTS dist/shared/index.d.ts  2.19 KB

> @hachej/boring-data-catalog@0.1.109 build <sandbox-root>/plugins/data-catalog
> tsup

CLI Building entry: {"front/index":"src/front/index.tsx","server/index":"src/server/index.ts","shared/index":"src/shared/index.ts"}
CLI Using tsconfig: tsconfig.json
CLI tsup v8.5.1
CLI Using tsup config: <sandbox-root>/plugins/data-catalog/tsup.config.ts
CLI Target: es2022
CLI Cleaning output folder
ESM Build start
ESM dist/front/index.js  10.63 KB
ESM dist/server/index.js 4.67 KB
ESM dist/shared/index.js 296.00 B
ESM ⚡️ Build success in 38ms
DTS Build start
DTS ⚡️ Build success in 51916ms
DTS dist/server/index.d.ts 1.29 KB
DTS dist/front/index.d.ts  5.59 KB
DTS dist/shared/index.d.ts 294.00 B
(!) Your Vite config uses features that are unsupported by `configLoader: 'native'`, which is planned to become the default in a future major version of Vite:
  - `__dirname` (vite.config.ts:9:59). Use `import.meta.dirname` instead
  - import "./src/server/dev" without a file extension (vite.config.ts:6:66). Add the file extension
  - import "./src/release-candidate-dist" without a file extension (vite.config.ts:7:50). Add the file extension
  - import "./testing/scriptedPiHarness" without a file extension (src/server/dev.ts:7:110). Add the file extension
  - import "../shared/showcaseSession" without a file extension (src/server/dev.ts:8:51). Add the file extension
  - import "./testing/twoAgentFleet" without a file extension (src/server/dev.ts:14:8). Add the file extension
  - import "./factoryAgents" without a file extension (src/server/dev.ts:17:41). Add the file extension
  - import "./playgroundAgentMode" without a file extension (src/server/dev.ts:18:44). Add the file extension
  - import "../shared/playgroundAgents" without a file extension (src/server/dev.ts:19:53). Add the file extension
  - import "../../shared/playgroundAgents" without a file extension (src/server/testing/twoAgentFleet.ts:2:48). Add the file extension
Set `VITE_CONFIG_NATIVE_IGNORE_WARNING=true` to suppress this warning.
11:45:11 PM [vite] warning: `esbuild` option was specified by "vite:react-babel" plugin. This option is deprecated, please use `oxc` instead.
`optimizeDeps.rollupOptions` / `ssr.optimizeDeps.rollupOptions` is deprecated. Use `optimizeDeps.rolldownOptions` instead. Note that this option may be set by a plugin. Set VITE_DEPRECATION_TRACE=1 to see where it is called.
[vite:react-babel] We recommend switching to `@vitejs/plugin-react-oxc` for improved performance. More information at https://vite.dev/rolldown
[workspace-playground] workspace root: /dev/shm/cpr-dd3/boring-ui-review-run.9eatbI/isolation/workspace
[workspace-playground] runtime mode: local
(node:161849) ExperimentalWarning: SQLite is an experimental feature and might change at any time
(Use `node --trace-warnings ...` to show where the warning was created)
(node:161849) [BORING_WORKSPACE_BRIDGE_INSECURE_AUTH] Warning: createWorkspaceAgentServer is using createLocalCliBridgeAuthPolicy for WorkspaceBridge browser calls. This policy is unauthenticated, grants registered bridge capabilities to the fixed local principal, and is intended only for local/dev CLI usage. Provide workspaceBridge.browserAuthPolicy before exposing this server.
{"level":30,"time":1788997514626,"pid":161849,"hostname":"vps-15cf2c41","msg":"Server listening at http://127.0.0.1:6440"}

  VITE v8.2.1  ready in 8632 ms

  ➜  Local:   http://127.0.0.1:6430/
[33mWarning: Invalid input options (1 issue found)
- For the "jsx". Invalid key: Expected never but received "jsx". [0m
[33mWarning: Invalid input options (1 issue found)
- For the "jsx". Invalid key: Expected never but received "jsx". [0m
[33mWarning: Invalid input options (1 issue found)
- For the "jsx". Invalid key: Expected never but received "jsx". [0m
11:45:17 PM [vite] (client) [optimizer] bundling dependencies...
[33mWarning: Invalid input options (1 issue found)
- For the "jsx". Invalid key: Expected never but received "jsx". [0m
11:45:18 PM [vite] (client) dependency optimized: react-dom/client
11:45:19 PM [vite] (client) [optimizer] bundling dependencies...
[33mWarning: Invalid input options (1 issue found)
- For the "jsx". Invalid key: Expected never but received "jsx". [0m
11:45:24 PM [vite] (client) [optimizer] bundling dependencies...
11:45:29 PM [vite] (client) dependencies optimized: @codemirror/commands, @codemirror/lang-javascript, @codemirror/lang-json, @codemirror/lang-markdown, @codemirror/lang-python, @codemirror/lang-sql, @codemirror/lang-yaml, @codemirror/language, @codemirror/search, @codemirror/state, @codemirror/view, @excalidraw/excalidraw, @lezer/highlight, @radix-ui/react-alert-dialog, @radix-ui/react-checkbox, @radix-ui/react-collapsible, @radix-ui/react-dialog, @radix-ui/react-dropdown-menu, @radix-ui/react-hover-card, @radix-ui/react-label, @radix-ui/react-popover, @radix-ui/react-scroll-area, @radix-ui/react-select, @radix-ui/react-separator, @radix-ui/react-slot, @radix-ui/react-tabs, @radix-ui/react-tooltip, @radix-ui/react-use-controllable-state, @streamdown/cjk, @streamdown/code, @streamdown/math, @streamdown/mermaid, @tanstack/react-query, @tiptap/extension-code-block-lowlight, @tiptap/extension-highlight, @tiptap/extension-image, @tiptap/extension-link, @tiptap/extension-placeholder, @tiptap/extension-table-cell, @tiptap/extension-table-header, @tiptap/extension-table-row, @tiptap/extension-table, @tiptap/extension-task-item, @tiptap/extension-task-list, @tiptap/extension-text-align, @tiptap/extension-underline, @tiptap/markdown, @tiptap/react, @tiptap/starter-kit, class-variance-authority, clsx, cmdk, diff, dnd-core, dockview-react, lowlight, lucide-react, motion/react, nanoid, react-arborist, react-dnd-html5-backend, react-markdown, remark-gfm, shiki, streamdown, tailwind-merge, use-stick-to-bottom, zod, zustand, zustand/middleware
11:45:29 PM [vite] (client) optimized dependencies changed. reloading
{"level":30,"time":1788997554651,"pid":161849,"hostname":"vps-15cf2c41","reqId":"req-1","req":{"method":"GET","url":"/api/v1/workspace/meta","host":"127.0.0.1:6440","remoteAddress":"127.0.0.1","remotePort":51740},"msg":"incoming request"}
{"level":40,"time":1788997554653,"pid":161849,"hostname":"vps-15cf2c41","reqId":"req-1","msg":"No auth token set — running in dev mode"}
{"level":30,"time":1788997554659,"pid":161849,"hostname":"vps-15cf2c41","reqId":"req-1","res":{"statusCode":200},"responseTime":5.588520000004792,"msg":"request completed"}
{"level":30,"time":1788997554670,"pid":161849,"hostname":"vps-15cf2c41","reqId":"req-2","req":{"method":"GET","url":"/api/v1/workspace/meta","host":"127.0.0.1:6440","remoteAddress":"127.0.0.1","remotePort":51754},"msg":"incoming request"}
{"level":30,"time":1788997554671,"pid":161849,"hostname":"vps-15cf2c41","reqId":"req-2","res":{"statusCode":200},"responseTime":0.7398310000062338,"msg":"request completed"}
{"level":30,"time":1788997554800,"pid":161849,"hostname":"vps-15cf2c41","reqId":"req-3","req":{"method":"GET","url":"/api/v1/tree?path=.","host":"127.0.0.1:6440","remoteAddress":"127.0.0.1","remotePort":51758},"msg":"incoming request"}
{"level":30,"time":1788997555307,"pid":161849,"hostname":"vps-15cf2c41","reqId":"req-4","req":{"method":"PUT","url":"/api/v1/ui/state","host":"127.0.0.1:6440","remoteAddress":"127.0.0.1","remotePort":51772},"msg":"incoming request"}
{"level":30,"time":1788997555316,"pid":161849,"hostname":"vps-15cf2c41","reqId":"req-4","res":{"statusCode":204},"responseTime":8.311997999997402,"msg":"request completed"}
{"level":30,"time":1788997555322,"pid":161849,"hostname":"vps-15cf2c41","reqId":"req-5","req":{"method":"GET","url":"/api/v1/filesystems","host":"127.0.0.1:6440","remoteAddress":"127.0.0.1","remotePort":51782},"msg":"incoming request"}
{"level":30,"time":1788997555329,"pid":161849,"hostname":"vps-15cf2c41","reqId":"req-6","req":{"method":"GET","url":"/api/v1/agents","host":"127.0.0.1:6440","remoteAddress":"127.0.0.1","remotePort":51794},"msg":"incoming request"}
{"level":30,"time":1788997555331,"pid":161849,"hostname":"vps-15cf2c41","reqId":"req-6","res":{"statusCode":200},"responseTime":1.842636000001221,"msg":"request completed"}
{"level":30,"time":1788997555337,"pid":161849,"hostname":"vps-15cf2c41","reqId":"req-7","req":{"method":"PUT","url":"/api/v1/ui/state","host":"127.0.0.1:6440","remoteAddress":"127.0.0.1","remotePort":51804},"msg":"incoming request"}
{"level":30,"time":1788997555338,"pid":161849,"hostname":"vps-15cf2c41","reqId":"req-7","res":{"statusCode":204},"responseTime":1.6248510000004899,"msg":"request completed"}
{"level":30,"time":1788997555342,"pid":161849,"hostname":"vps-15cf2c41","reqId":"req-8","req":{"method":"GET","url":"/api/v1/filesystems","host":"127.0.0.1:6440","remoteAddress":"127.0.0.1","remotePort":51806},"msg":"incoming request"}
{"level":30,"time":1788997555345,"pid":161849,"hostname":"vps-15cf2c41","reqId":"req-9","req":{"method":"GET","url":"/api/v1/fs/events?workspaceId=workspace","host":"127.0.0.1:6440","remoteAddress":"127.0.0.1","remotePort":51820},"msg":"incoming request"}
{"level":30,"time":1788997555348,"pid":161849,"hostname":"vps-15cf2c41","reqId":"req-a","req":{"method":"GET","url":"/api/v1/tree?path=.","host":"127.0.0.1:6440","remoteAddress":"127.0.0.1","remotePort":51832},"msg":"incoming request"}
{"level":30,"time":1788997555350,"pid":161849,"hostname":"vps-15cf2c41","reqId":"req-b","req":{"method":"GET","url":"/api/v1/ui/state","host":"127.0.0.1:6440","remoteAddress":"127.0.0.1","remotePort":51840},"msg":"incoming request"}
{"level":30,"time":1788997555352,"pid":161849,"hostname":"vps-15cf2c41","reqId":"req-b","res":{"statusCode":200},"responseTime":1.9266889999998966,"msg":"request completed"}
{"level":30,"time":1788997555355,"pid":161849,"hostname":"vps-15cf2c41","reqId":"req-c","req":{"method":"GET","url":"/api/v1/ui/commands/next?workspaceId=workspace","host":"127.0.0.1:6440","remoteAddress":"127.0.0.1","remotePort":51854},"msg":"incoming request"}
{"level":30,"time":1788997555393,"pid":161849,"hostname":"vps-15cf2c41","reqId":"req-8","res":{"statusCode":200},"responseTime":48.82844599999953,"msg":"request completed"}
{"level":30,"time":1788997555401,"pid":161849,"hostname":"vps-15cf2c41","reqId":"req-d","req":{"method":"GET","url":"/api/v1/agents/alpha/sessions?limit=50&archived=active","host":"127.0.0.1:6440","remoteAddress":"127.0.0.1","remotePort":51858},"msg":"incoming request"}
{"level":30,"time":1788997555425,"pid":161849,"hostname":"vps-15cf2c41","reqId":"req-e","req":{"method":"GET","url":"/api/v1/agents/alpha/ready-status","host":"127.0.0.1:6440","remoteAddress":"127.0.0.1","remotePort":51862},"msg":"incoming request"}
{"level":30,"time":1788997555434,"pid":161849,"hostname":"vps-15cf2c41","reqId":"req-a","res":{"statusCode":200},"responseTime":84.98204799999803,"msg":"request completed"}
{"level":30,"time":1788997555452,"pid":161849,"hostname":"vps-15cf2c41","reqId":"req-f","req":{"method":"GET","url":"/api/v1/tree?path=.","host":"127.0.0.1:6440","remoteAddress":"127.0.0.1","remotePort":51874},"msg":"incoming request"}
{"level":30,"time":1788997555465,"pid":161849,"hostname":"vps-15cf2c41","reqId":"req-f","res":{"statusCode":200},"responseTime":12.11993199999415,"msg":"request completed"}
{"level":30,"time":1788997555479,"pid":161849,"hostname":"vps-15cf2c41","reqId":"req-g","req":{"method":"GET","url":"/api/v1/tree?path=.","host":"127.0.0.1:6440","remoteAddress":"127.0.0.1","remotePort":51882},"msg":"incoming request"}
{"level":30,"time":1788997555493,"pid":161849,"hostname":"vps-15cf2c41","reqId":"req-h","req":{"method":"GET","url":"/api/v1/agents/alpha/ready-status","host":"127.0.0.1:6440","remoteAddress":"127.0.0.1","remotePort":51894},"msg":"incoming request"}
{"level":30,"time":1788997555497,"pid":161849,"hostname":"vps-15cf2c41","reqId":"req-d","res":{"statusCode":200},"responseTime":95.35783699999592,"msg":"request completed"}
{"level":30,"time":1788997555520,"pid":161849,"hostname":"vps-15cf2c41","reqId":"req-i","req":{"method":"GET","url":"/api/v1/ui/state","host":"127.0.0.1:6440","remoteAddress":"127.0.0.1","remotePort":51898},"msg":"incoming request"}
{"level":30,"time":1788997555521,"pid":161849,"hostname":"vps-15cf2c41","reqId":"req-i","res":{"statusCode":200},"responseTime":0.7137650000004214,"msg":"request completed"}
{"level":30,"time":1788997555524,"pid":161849,"hostname":"vps-15cf2c41","reqId":"req-j","req":{"method":"GET","url":"/api/v1/agents/alpha/sessions?limit=50&archived=active","host":"127.0.0.1:6440","remoteAddress":"127.0.0.1","remotePort":51908},"msg":"incoming request"}
{"level":30,"time":1788997555528,"pid":161849,"hostname":"vps-15cf2c41","reqId":"req-g","res":{"statusCode":200},"responseTime":48.59933599999931,"msg":"request completed"}
{"level":30,"time":1788997555539,"pid":161849,"hostname":"vps-15cf2c41","reqId":"req-k","req":{"method":"POST","url":"/api/v1/workspace-bridge/call","host":"127.0.0.1:6440","remoteAddress":"127.0.0.1","remotePort":51910},"msg":"incoming request"}
{"level":30,"time":1788997555545,"pid":161849,"hostname":"vps-15cf2c41","reqId":"req-k","res":{"statusCode":200},"responseTime":6.121360999997705,"msg":"request completed"}
{"level":30,"time":1788997555552,"pid":161849,"hostname":"vps-15cf2c41","reqId":"req-h","res":{"statusCode":200},"responseTime":58.68362799999886,"msg":"request completed"}
{"level":30,"time":1788997555559,"pid":161849,"hostname":"vps-15cf2c41","reqId":"req-j","res":{"statusCode":200},"responseTime":34.7858899999992,"msg":"request completed"}
{"level":30,"time":1788997555686,"pid":161849,"hostname":"vps-15cf2c41","reqId":"req-l","req":{"method":"GET","url":"/api/v1/agents/alpha/sessions?limit=50&archived=archived","host":"127.0.0.1:6440","remoteAddress":"127.0.0.1","remotePort":51916},"msg":"incoming request"}
{"level":30,"time":1788997555692,"pid":161849,"hostname":"vps-15cf2c41","reqId":"req-m","req":{"method":"GET","url":"/api/v1/agents/session-activity/events?workspaceId=workspace","host":"127.0.0.1:6440","remoteAddress":"127.0.0.1","remotePort":51922},"msg":"incoming request"}
{"level":30,"time":1788997555709,"pid":161849,"hostname":"vps-15cf2c41","reqId":"req-l","res":{"statusCode":200},"responseTime":22.982026000005135,"msg":"request completed"}
{"level":30,"time":1788997557728,"pid":161849,"hostname":"vps-15cf2c41","reqId":"req-n","req":{"method":"POST","url":"/api/v1/agents/alpha/sessions","host":"127.0.0.1:6440","remoteAddress":"127.0.0.1","remotePort":43856},"msg":"incoming request"}
{"level":30,"time":1788997557764,"pid":161849,"hostname":"vps-15cf2c41","reqId":"req-n","res":{"statusCode":201},"responseTime":36.110889000003226,"msg":"request completed"}
{"level":30,"time":1788997557800,"pid":161849,"hostname":"vps-15cf2c41","reqId":"req-o","req":{"method":"GET","url":"/api/v1/agents/alpha/sessions?limit=50&archived=active","host":"127.0.0.1:6440","remoteAddress":"127.0.0.1","remotePort":43858},"msg":"incoming request"}
{"level":30,"time":1788997557853,"pid":161849,"hostname":"vps-15cf2c41","reqId":"req-p","req":{"method":"GET","url":"/api/v1/ui/state","host":"127.0.0.1:6440","remoteAddress":"127.0.0.1","remotePort":43874},"msg":"incoming request"}
{"level":30,"time":1788997557854,"pid":161849,"hostname":"vps-15cf2c41","reqId":"req-p","res":{"statusCode":200},"responseTime":0.6510469999993802,"msg":"request completed"}
{"level":30,"time":1788997557874,"pid":161849,"hostname":"vps-15cf2c41","reqId":"req-q","req":{"method":"POST","url":"/api/v1/workspace-bridge/call","host":"127.0.0.1:6440","remoteAddress":"127.0.0.1","remotePort":43884},"msg":"incoming request"}
{"level":30,"time":1788997557876,"pid":161849,"hostname":"vps-15cf2c41","reqId":"req-q","res":{"statusCode":200},"responseTime":1.9661170000035781,"msg":"request completed"}
{"level":30,"time":1788997557902,"pid":161849,"hostname":"vps-15cf2c41","reqId":"req-o","res":{"statusCode":200},"responseTime":101.56272899999749,"msg":"request completed"}
{"level":30,"time":1788997557920,"pid":161849,"hostname":"vps-15cf2c41","reqId":"req-r","req":{"method":"GET","url":"/api/v1/agents/alpha/sessions?limit=50&archived=archived","host":"127.0.0.1:6440","remoteAddress":"127.0.0.1","remotePort":43898},"msg":"incoming request"}
{"level":30,"time":1788997557953,"pid":161849,"hostname":"vps-15cf2c41","reqId":"req-r","res":{"statusCode":200},"responseTime":33.00572899999679,"msg":"request completed"}
{"level":30,"time":1788997558014,"pid":161849,"hostname":"vps-15cf2c41","reqId":"req-s","req":{"method":"GET","url":"/api/v1/agents/session-activity/events?workspaceId=workspace","host":"127.0.0.1:6440","remoteAddress":"127.0.0.1","remotePort":43914},"msg":"incoming request"}
{"level":30,"time":1788997558756,"pid":161849,"hostname":"vps-15cf2c41","reqId":"req-t","req":{"method":"PUT","url":"/api/v1/ui/state","host":"127.0.0.1:6440","remoteAddress":"127.0.0.1","remotePort":43918},"msg":"incoming request"}
{"level":30,"time":1788997558757,"pid":161849,"hostname":"vps-15cf2c41","reqId":"req-t","res":{"statusCode":204},"responseTime":1.2207780000026105,"msg":"request completed"}
{"level":30,"time":1788997558772,"pid":161849,"hostname":"vps-15cf2c41","reqId":"req-u","req":{"method":"GET","url":"/api/v1/agents/alpha/models","host":"127.0.0.1:6440","remoteAddress":"127.0.0.1","remotePort":43934},"msg":"incoming request"}
{"level":30,"time":1788997558779,"pid":161849,"hostname":"vps-15cf2c41","reqId":"req-v","req":{"method":"GET","url":"/api/v1/agents/alpha/commands?sessionId=scripted-main","host":"127.0.0.1:6440","remoteAddress":"127.0.0.1","remotePort":43942},"msg":"incoming request"}
{"level":30,"time":1788997558785,"pid":161849,"hostname":"vps-15cf2c41","reqId":"req-w","req":{"method":"GET","url":"/api/v1/workspace/meta","host":"127.0.0.1:6440","remoteAddress":"127.0.0.1","remotePort":43956},"msg":"incoming request"}
{"level":30,"time":1788997558785,"pid":161849,"hostname":"vps-15cf2c41","reqId":"req-w","res":{"statusCode":200},"responseTime":0.5227979999981471,"msg":"request completed"}
{"level":30,"time":1788997558809,"pid":161849,"hostname":"vps-15cf2c41","reqId":"req-u","res":{"statusCode":200},"responseTime":35.85389500000019,"msg":"request completed"}
{"level":30,"time":1788997558809,"pid":161849,"hostname":"vps-15cf2c41","reqId":"req-x","req":{"method":"GET","url":"/api/v1/workspace/meta","host":"127.0.0.1:6440","remoteAddress":"127.0.0.1","remotePort":43960},"msg":"incoming request"}
{"level":30,"time":1788997558810,"pid":161849,"hostname":"vps-15cf2c41","reqId":"req-x","res":{"statusCode":200},"responseTime":0.5818119999967166,"msg":"request completed"}
{"level":30,"time":1788997558823,"pid":161849,"hostname":"vps-15cf2c41","reqId":"req-v","res":{"statusCode":200},"responseTime":43.69089799999347,"msg":"request completed"}
{"level":30,"time":1788997558827,"pid":161849,"hostname":"vps-15cf2c41","reqId":"req-y","req":{"method":"GET","url":"/api/v1/agents/alpha/models","host":"127.0.0.1:6440","remoteAddress":"127.0.0.1","remotePort":43970},"msg":"incoming request"}
{"level":30,"time":1788997558834,"pid":161849,"hostname":"vps-15cf2c41","reqId":"req-z","req":{"method":"GET","url":"/api/v1/agents/alpha/commands?sessionId=scripted-main","host":"127.0.0.1:6440","remoteAddress":"127.0.0.1","remotePort":43982},"msg":"incoming request"}
{"level":30,"time":1788997558847,"pid":161849,"hostname":"vps-15cf2c41","reqId":"req-y","res":{"statusCode":200},"responseTime":19.58281100000022,"msg":"request completed"}
{"level":30,"time":1788997558857,"pid":161849,"hostname":"vps-15cf2c41","reqId":"req-z","res":{"statusCode":200},"responseTime":22.39401899999939,"msg":"request completed"}
{"level":30,"time":1788997558861,"pid":161849,"hostname":"vps-15cf2c41","reqId":"req-10","req":{"method":"GET","url":"/api/v1/agents/alpha/sessions/scripted-main/state","host":"127.0.0.1:6440","remoteAddress":"127.0.0.1","remotePort":43996},"msg":"incoming request"}
{"level":30,"time":1788997558885,"pid":161849,"hostname":"vps-15cf2c41","reqId":"req-10","res":{"statusCode":200},"responseTime":23.710998999995354,"msg":"request completed"}
{"level":30,"time":1788997558970,"pid":161849,"hostname":"vps-15cf2c41","reqId":"req-11","req":{"method":"GET","url":"/api/v1/agents/alpha/models","host":"127.0.0.1:6440","remoteAddress":"127.0.0.1","remotePort":44004},"msg":"incoming request"}
{"level":30,"time":1788997558974,"pid":161849,"hostname":"vps-15cf2c41","reqId":"req-12","req":{"method":"GET","url":"/api/v1/agents/alpha/sessions/scripted-main/events?cursor=0","host":"127.0.0.1:6440","remoteAddress":"127.0.0.1","remotePort":44018},"msg":"incoming request"}
{"level":30,"time":1788997558990,"pid":161849,"hostname":"vps-15cf2c41","reqId":"req-11","res":{"statusCode":200},"responseTime":19.399622000004456,"msg":"request completed"}
{"level":30,"time":1788997563329,"pid":161849,"hostname":"vps-15cf2c41","reqId":"req-12","res":{"statusCode":200},"msg":"stream closed prematurely"}
{"level":30,"time":1788997566654,"pid":161849,"hostname":"vps-15cf2c41","reqId":"req-13","req":{"method":"GET","url":"/api/v1/workspace/meta","host":"127.0.0.1:6440","remoteAddress":"127.0.0.1","remotePort":44030},"msg":"incoming request"}
{"level":30,"time":1788997566655,"pid":161849,"hostname":"vps-15cf2c41","reqId":"req-13","res":{"statusCode":200},"responseTime":0.8742869999987306,"msg":"request completed"}
{"level":30,"time":1788997566663,"pid":161849,"hostname":"vps-15cf2c41","reqId":"req-14","req":{"method":"GET","url":"/api/v1/workspace/meta","host":"127.0.0.1:6440","remoteAddress":"127.0.0.1","remotePort":44038},"msg":"incoming request"}
{"level":30,"time":1788997566663,"pid":161849,"hostname":"vps-15cf2c41","reqId":"req-14","res":{"statusCode":200},"responseTime":0.48929100000532344,"msg":"request completed"}
{"level":30,"time":1788997566793,"pid":161849,"hostname":"vps-15cf2c41","reqId":"req-15","req":{"method":"GET","url":"/api/v1/tree?path=.","host":"127.0.0.1:6440","remoteAddress":"127.0.0.1","remotePort":44050},"msg":"incoming request"}
{"level":30,"time":1788997566802,"pid":161849,"hostname":"vps-15cf2c41","reqId":"req-16","req":{"method":"PUT","url":"/api/v1/ui/state","host":"127.0.0.1:6440","remoteAddress":"127.0.0.1","remotePort":44058},"msg":"incoming request"}
{"level":30,"time":1788997566804,"pid":161849,"hostname":"vps-15cf2c41","reqId":"req-16","res":{"statusCode":204},"responseTime":2.31946600000083,"msg":"request completed"}
{"level":30,"time":1788997566807,"pid":161849,"hostname":"vps-15cf2c41","reqId":"req-17","req":{"method":"GET","url":"/api/v1/filesystems","host":"127.0.0.1:6440","remoteAddress":"127.0.0.1","remotePort":44072},"msg":"incoming request"}
{"level":30,"time":1788997566810,"pid":161849,"hostname":"vps-15cf2c41","reqId":"req-17","res":{"statusCode":200},"responseTime":2.7266489999965415,"msg":"request completed"}
{"level":30,"time":1788997566819,"pid":161849,"hostname":"vps-15cf2c41","reqId":"req-15","res":{"statusCode":200},"responseTime":25.587338999997883,"msg":"request completed"}
{"level":30,"time":1788997566869,"pid":161849,"hostname":"vps-15cf2c41","reqId":"req-18","req":{"method":"GET","url":"/api/v1/agents","host":"127.0.0.1:6440","remoteAddress":"127.0.0.1","remotePort":44076},"msg":"incoming request"}
{"level":30,"time":1788997566872,"pid":161849,"hostname":"vps-15cf2c41","reqId":"req-18","res":{"statusCode":200},"responseTime":2.9134650000050897,"msg":"request completed"}
{"level":30,"time":1788997566889,"pid":161849,"hostname":"vps-15cf2c41","reqId":"req-19","req":{"method":"GET","url":"/api/v1/tree?path=.","host":"127.0.0.1:6440","remoteAddress":"127.0.0.1","remotePort":44082},"msg":"incoming request"}
{"level":30,"time":1788997566892,"pid":161849,"hostname":"vps-15cf2c41","reqId":"req-1a","req":{"method":"PUT","url":"/api/v1/ui/state","host":"127.0.0.1:6440","remoteAddress":"127.0.0.1","remotePort":44084},"msg":"incoming request"}
{"level":30,"time":1788997566894,"pid":161849,"hostname":"vps-15cf2c41","reqId":"req-1a","res":{"statusCode":204},"responseTime":1.4016550000014831,"msg":"request completed"}
{"level":30,"time":1788997566897,"pid":161849,"hostname":"vps-15cf2c41","reqId":"req-1b","req":{"method":"GET","url":"/api/v1/filesystems","host":"127.0.0.1:6440","remoteAddress":"127.0.0.1","remotePort":44086},"msg":"incoming request"}
{"level":30,"time":1788997566899,"pid":161849,"hostname":"vps-15cf2c41","reqId":"req-1b","res":{"statusCode":200},"responseTime":1.0051620000012917,"msg":"request completed"}
{"level":30,"time":1788997566915,"pid":161849,"hostname":"vps-15cf2c41","reqId":"req-19","res":{"statusCode":200},"responseTime":25.358660999998392,"msg":"request completed"}
{"level":30,"time":1788997567030,"pid":161849,"hostname":"vps-15cf2c41","reqId":"req-1c","req":{"method":"GET","url":"/api/v1/fs/events?workspaceId=workspace","host":"127.0.0.1:6440","remoteAddress":"127.0.0.1","remotePort":44088},"msg":"incoming request"}
{"level":30,"time":1788997567032,"pid":161849,"hostname":"vps-15cf2c41","reqId":"req-1d","req":{"method":"GET","url":"/api/v1/ui/state","host":"127.0.0.1:6440","remoteAddress":"127.0.0.1","remotePort":44096},"msg":"incoming request"}
{"level":30,"time":1788997567033,"pid":161849,"hostname":"vps-15cf2c41","reqId":"req-1d","res":{"statusCode":200},"responseTime":0.5370980000006966,"msg":"request completed"}
{"level":30,"time":1788997567034,"pid":161849,"hostname":"vps-15cf2c41","reqId":"req-1e","req":{"method":"GET","url":"/api/v1/ui/commands/next?workspaceId=workspace","host":"127.0.0.1:6440","remoteAddress":"127.0.0.1","remotePort":44098},"msg":"incoming request"}
{"level":30,"time":1788997567135,"pid":161849,"hostname":"vps-15cf2c41","reqId":"req-1f","req":{"method":"GET","url":"/api/v1/agents/alpha/sessions?limit=50&archived=active","host":"127.0.0.1:6440","remoteAddress":"127.0.0.1","remotePort":58922},"msg":"incoming request"}
{"level":30,"time":1788997567142,"pid":161849,"hostname":"vps-15cf2c41","reqId":"req-1g","req":{"method":"GET","url":"/api/v1/agents/alpha/ready-status","host":"127.0.0.1:6440","remoteAddress":"127.0.0.1","remotePort":58934},"msg":"incoming request"}
{"level":30,"time":1788997567145,"pid":161849,"hostname":"vps-15cf2c41","reqId":"req-1h","req":{"method":"GET","url":"/api/v1/tree?path=.","host":"127.0.0.1:6440","remoteAddress":"127.0.0.1","remotePort":58946},"msg":"incoming request"}
{"level":30,"time":1788997567151,"pid":161849,"hostname":"vps-15cf2c41","reqId":"req-1h","res":{"statusCode":200},"responseTime":5.688210000000254,"msg":"request completed"}
{"level":30,"time":1788997567159,"pid":161849,"hostname":"vps-15cf2c41","reqId":"req-1i","req":{"method":"GET","url":"/api/v1/tree?path=.","host":"127.0.0.1:6440","remoteAddress":"127.0.0.1","remotePort":58956},"msg":"incoming request"}
{"level":30,"time":1788997567169,"pid":161849,"hostname":"vps-15cf2c41","reqId":"req-1i","res":{"statusCode":200},"responseTime":9.682834999999614,"msg":"request completed"}
{"level":30,"time":1788997567172,"pid":161849,"hostname":"vps-15cf2c41","reqId":"req-1f","res":{"statusCode":200},"responseTime":36.83052200000384,"msg":"request completed"}
{"level":30,"time":1788997567176,"pid":161849,"hostname":"vps-15cf2c41","reqId":"req-1g","res":{"statusCode":200},"responseTime":33.49907099999837,"msg":"request completed"}
{"level":30,"time":1788997567200,"pid":161849,"hostname":"vps-15cf2c41","reqId":"req-1j","req":{"method":"GET","url":"/api/v1/agents/alpha/sessions?limit=50&archived=active","host":"127.0.0.1:6440","remoteAddress":"127.0.0.1","remotePort":58964},"msg":"incoming request"}
{"level":30,"time":1788997567203,"pid":161849,"hostname":"vps-15cf2c41","reqId":"req-1k","req":{"method":"GET","url":"/api/v1/agents/alpha/ready-status","host":"127.0.0.1:6440","remoteAddress":"127.0.0.1","remotePort":58970},"msg":"incoming request"}
{"level":30,"time":1788997567216,"pid":161849,"hostname":"vps-15cf2c41","reqId":"req-1k","res":{"statusCode":200},"responseTime":12.668611999994027,"msg":"request completed"}
{"level":30,"time":1788997567224,"pid":161849,"hostname":"vps-15cf2c41","reqId":"req-1j","res":{"statusCode":200},"responseTime":22.934650999995938,"msg":"request completed"}
{"level":30,"time":1788997567268,"pid":161849,"hostname":"vps-15cf2c41","reqId":"req-1l","req":{"method":"GET","url":"/api/v1/ui/state","host":"127.0.0.1:6440","remoteAddress":"127.0.0.1","remotePort":58986},"msg":"incoming request"}
{"level":30,"time":1788997567269,"pid":161849,"hostname":"vps-15cf2c41","reqId":"req-1l","res":{"statusCode":200},"responseTime":0.6754749999963678,"msg":"request completed"}
{"level":30,"time":1788997567396,"pid":161849,"hostname":"vps-15cf2c41","reqId":"req-1m","req":{"method":"POST","url":"/api/v1/workspace-bridge/call","host":"127.0.0.1:6440","remoteAddress":"127.0.0.1","remotePort":58990},"msg":"incoming request"}
{"level":30,"time":1788997567404,"pid":161849,"hostname":"vps-15cf2c41","reqId":"req-1m","res":{"statusCode":200},"responseTime":7.030859000005876,"msg":"request completed"}
{"level":30,"time":1788997567469,"pid":161849,"hostname":"vps-15cf2c41","reqId":"req-1n","req":{"method":"GET","url":"/api/v1/agents/alpha/sessions?limit=50&archived=archived","host":"127.0.0.1:6440","remoteAddress":"127.0.0.1","remotePort":59004},"msg":"incoming request"}
{"level":30,"time":1788997567493,"pid":161849,"hostname":"vps-15cf2c41","reqId":"req-1o","req":{"method":"GET","url":"/api/v1/agents/session-activity/events?workspaceId=workspace","host":"127.0.0.1:6440","remoteAddress":"127.0.0.1","remotePort":59014},"msg":"incoming request"}
{"level":30,"time":1788997567524,"pid":161849,"hostname":"vps-15cf2c41","reqId":"req-1n","res":{"statusCode":200},"responseTime":54.302402000001166,"msg":"request completed"}
{"level":30,"time":1788997569508,"pid":161849,"hostname":"vps-15cf2c41","reqId":"req-1p","req":{"method":"POST","url":"/api/v1/agents/alpha/sessions","host":"127.0.0.1:6440","remoteAddress":"127.0.0.1","remotePort":59028},"msg":"incoming request"}
{"level":30,"time":1788997569521,"pid":161849,"hostname":"vps-15cf2c41","reqId":"req-1p","res":{"statusCode":201},"responseTime":12.006729000000632,"msg":"request completed"}
{"level":30,"time":1788997569551,"pid":161849,"hostname":"vps-15cf2c41","reqId":"req-1q","req":{"method":"GET","url":"/api/v1/agents/alpha/sessions?limit=50&archived=active","host":"127.0.0.1:6440","remoteAddress":"127.0.0.1","remotePort":59038},"msg":"incoming request"}
{"level":30,"time":1788997569581,"pid":161849,"hostname":"vps-15cf2c41","reqId":"req-1q","res":{"statusCode":200},"responseTime":29.13089200000104,"msg":"request completed"}
{"level":30,"time":1788997569586,"pid":161849,"hostname":"vps-15cf2c41","reqId":"req-1r","req":{"method":"GET","url":"/api/v1/ui/state","host":"127.0.0.1:6440","remoteAddress":"127.0.0.1","remotePort":59050},"msg":"incoming request"}
{"level":30,"time":1788997569587,"pid":161849,"hostname":"vps-15cf2c41","reqId":"req-1r","res":{"statusCode":200},"responseTime":0.4929180000035558,"msg":"request completed"}
{"level":30,"time":1788997569596,"pid":161849,"hostname":"vps-15cf2c41","reqId":"req-1s","req":{"method":"GET","url":"/api/v1/agents/alpha/sessions?limit=50&archived=archived","host":"127.0.0.1:6440","remoteAddress":"127.0.0.1","remotePort":59064},"msg":"incoming request"}
{"level":30,"time":1788997569622,"pid":161849,"hostname":"vps-15cf2c41","reqId":"req-1s","res":{"statusCode":200},"responseTime":25.987116999996942,"msg":"request completed"}
{"level":30,"time":1788997569634,"pid":161849,"hostname":"vps-15cf2c41","reqId":"req-1t","req":{"method":"POST","url":"/api/v1/workspace-bridge/call","host":"127.0.0.1:6440","remoteAddress":"127.0.0.1","remotePort":59080},"msg":"incoming request"}
{"level":30,"time":1788997569637,"pid":161849,"hostname":"vps-15cf2c41","reqId":"req-1t","res":{"statusCode":200},"responseTime":2.1706449999983306,"msg":"request completed"}
{"level":30,"time":1788997569679,"pid":161849,"hostname":"vps-15cf2c41","reqId":"req-1u","req":{"method":"GET","url":"/api/v1/agents/session-activity/events?workspaceId=workspace","host":"127.0.0.1:6440","remoteAddress":"127.0.0.1","remotePort":59090},"msg":"incoming request"}
[2026-09-09T23:46:11.395Z WARN  chromiumoxide::handler] WS Invalid message: data did not match any variant of untagged enum Message
[2026-09-09T23:46:11.404Z WARN  chromiumoxide::handler] WS Invalid message: data did not match any variant of untagged enum Message
[2026-09-09T23:46:11.405Z WARN  chromiumoxide::handler] WS Invalid message: data did not match any variant of untagged enum Message
[2026-09-09T23:46:11.447Z WARN  chromiumoxide::handler] WS Invalid message: data did not match any variant of untagged enum Message
[2026-09-09T23:46:11.500Z WARN  chromiumoxide::handler] WS Invalid message: data did not match any variant of untagged enum Message
[2026-09-09T23:46:11.507Z WARN  chromiumoxide::handler] WS Invalid message: data did not match any variant of untagged enum Message
[2026-09-09T23:46:11.507Z WARN  chromiumoxide::handler] WS Invalid message: data did not match any variant of untagged enum Message
[2026-09-09T23:46:11.509Z WARN  chromiumoxide::handler] WS Invalid message: data did not match any variant of untagged enum Message
[2026-09-09T23:46:11.510Z WARN  chromiumoxide::handler] WS Invalid message: data did not match any variant of untagged enum Message
[2026-09-09T23:46:11.511Z WARN  chromiumoxide::handler] WS Invalid message: data did not match any variant of untagged enum Message
[2026-09-09T23:46:11.511Z WARN  chromiumoxide::handler] WS Invalid message: data did not match any variant of untagged enum Message
[2026-09-09T23:46:11.589Z WARN  chromiumoxide::handler] WS Invalid message: data did not match any variant of untagged enum Message
[2026-09-09T23:46:11.594Z WARN  chromiumoxide::handler] WS Invalid message: data did not match any variant of untagged enum Message
[2026-09-09T23:46:11.938Z WARN  chromiumoxide::handler] WS Invalid message: data did not match any variant of untagged enum Message
[2026-09-09T23:46:11.938Z WARN  chromiumoxide::handler] WS Invalid message: data did not match any variant of untagged enum Message
[2026-09-09T23:46:11.938Z WARN  chromiumoxide::handler] WS Invalid message: data did not match any variant of untagged enum Message
[2026-09-09T23:46:11.938Z WARN  chromiumoxide::handler] WS Invalid message: data did not match any variant of untagged enum Message
[2026-09-09T23:46:11.938Z WARN  chromiumoxide::handler] WS Invalid message: data did not match any variant of untagged enum Message
[2026-09-09T23:46:11.938Z WARN  chromiumoxide::handler] WS Invalid message: data did not match any variant of untagged enum Message
[2026-09-09T23:46:11.955Z WARN  chromiumoxide::handler] WS Invalid message: data did not match any variant of untagged enum Message
[2026-09-09T23:46:11.968Z WARN  chromiumoxide::handler] WS Invalid message: data did not match any variant of untagged enum Message
[2026-09-09T23:46:12.077Z WARN  chromiumoxide::handler] WS Invalid message: data did not match any variant of untagged enum Message
[2026-09-09T23:46:12.135Z WARN  chromiumoxide::handler] WS Invalid message: data did not match any variant of untagged enum Message
[2026-09-09T23:46:12.146Z WARN  chromiumoxide::handler] WS Invalid message: data did not match any variant of untagged enum Message
[2026-09-09T23:46:12.240Z WARN  chromiumoxide::handler] WS Invalid message: data did not match any variant of untagged enum Message
[2026-09-09T23:46:12.240Z WARN  chromiumoxide::handler] WS Invalid message: data did not match any variant of untagged enum Message
[2026-09-09T23:46:12.240Z WARN  chromiumoxide::handler] WS Invalid message: data did not match any variant of untagged enum Message
[2026-09-09T23:46:12.240Z WARN  chromiumoxide::handler] WS Invalid message: data did not match any variant of untagged enum Message
[2026-09-09T23:46:12.268Z WARN  chromiumoxide::handler] WS Invalid message: data did not match any variant of untagged enum Message
[2026-09-09T23:46:12.268Z WARN  chromiumoxide::handler] WS Invalid message: data did not match any variant of untagged enum Message
[2026-09-09T23:46:12.343Z WARN  chromiumoxide::handler] WS Invalid message: data did not match any variant of untagged enum Message
[2026-09-09T23:46:12.360Z WARN  chromiumoxide::handler] WS Invalid message: data did not match any variant of untagged enum Message
[2026-09-09T23:46:12.360Z WARN  chromiumoxide::handler] WS Invalid message: data did not match any variant of untagged enum Message
[2026-09-09T23:46:12.361Z WARN  chromiumoxide::handler] WS Invalid message: data did not match any variant of untagged enum Message
[2026-09-09T23:46:12.372Z WARN  chromiumoxide::handler] WS Invalid message: data did not match any variant of untagged enum Message
[2026-09-09T23:46:12.372Z WARN  chromiumoxide::handler] WS Invalid message: data did not match any variant of untagged enum Message
[2026-09-09T23:46:12.461Z WARN  chromiumoxide::handler] WS Invalid message: data did not match any variant of untagged enum Message
[2026-09-09T23:46:12.470Z WARN  chromiumoxide::handler] WS Invalid message: data did not match any variant of untagged enum Message
[2026-09-09T23:46:12.484Z WARN  chromiumoxide::handler] WS Invalid message: data did not match any variant of untagged enum Message
[2026-09-09T23:46:12.506Z WARN  chromiumoxide::handler] WS Invalid message: data did not match any variant of untagged enum Message
[2026-09-09T23:46:12.506Z WARN  chromiumoxide::handler] WS Invalid message: data did not match any variant of untagged enum Message
[2026-09-09T23:46:12.512Z WARN  chromiumoxide::handler] WS Invalid message: data did not match any variant of untagged enum Message
[2026-09-09T23:46:12.679Z WARN  chromiumoxide::handler] WS Invalid message: data did not match any variant of untagged enum Message
[2026-09-09T23:46:12.680Z WARN  chromiumoxide::handler] WS Invalid message: data did not match any variant of untagged enum Message
[2026-09-09T23:46:12.680Z WARN  chromiumoxide::handler] WS Invalid message: data did not match any variant of untagged enum Message
[2026-09-09T23:46:12.680Z WARN  chromiumoxide::handler] WS Invalid message: data did not match any variant of untagged enum Message
[2026-09-09T23:46:12.681Z WARN  chromiumoxide::handler] WS Invalid message: data did not match any variant of untagged enum Message
[2026-09-09T23:46:12.681Z WARN  chromiumoxide::handler] WS Invalid message: data did not match any variant of untagged enum Message
[2026-09-09T23:46:12.681Z WARN  chromiumoxide::handler] WS Invalid message: data did not match any variant of untagged enum Message
[2026-09-09T23:46:12.681Z WARN  chromiumoxide::handler] WS Invalid message: data did not match any variant of untagged enum Message
[2026-09-09T23:46:12.681Z WARN  chromiumoxide::handler] WS Invalid message: data did not match any variant of untagged enum Message
[2026-09-09T23:46:12.681Z WARN  chromiumoxide::handler] WS Invalid message: data did not match any variant of untagged enum Message
[2026-09-09T23:46:12.681Z WARN  chromiumoxide::handler] WS Invalid message: data did not match any variant of untagged enum Message
[2026-09-09T23:46:12.681Z WARN  chromiumoxide::handler] WS Invalid message: data did not match any variant of untagged enum Message
[2026-09-09T23:46:12.681Z WARN  chromiumoxide::handler] WS Invalid message: data did not match any variant of untagged enum Message
[2026-09-09T23:46:12.682Z WARN  chromiumoxide::handler] WS Invalid message: data did not match any variant of untagged enum Message
[2026-09-09T23:46:12.682Z WARN  chromiumoxide::handler] WS Invalid message: data did not match any variant of untagged enum Message
[2026-09-09T23:46:12.683Z WARN  chromiumoxide::handler] WS Invalid message: data did not match any variant of untagged enum Message
[2026-09-09T23:46:12.683Z WARN  chromiumoxide::handler] WS Invalid message: data did not match any variant of untagged enum Message
[2026-09-09T23:46:12.683Z WARN  chromiumoxide::handler] WS Invalid message: data did not match any variant of untagged enum Message
[2026-09-09T23:46:13.007Z WARN  chromiumoxide::handler] WS Invalid message: data did not match any variant of untagged enum Message
[2026-09-09T23:46:13.028Z WARN  chromiumoxide::handler] WS Invalid message: data did not match any variant of untagged enum Message
[2026-09-09T23:46:13.031Z WARN  chromiumoxide::handler] WS Invalid message: data did not match any variant of untagged enum Message
[2026-09-09T23:46:13.031Z WARN  chromiumoxide::handler] WS Invalid message: data did not match any variant of untagged enum Message
[2026-09-09T23:46:13.031Z WARN  chromiumoxide::handler] WS Invalid message: data did not match any variant of untagged enum Message
[2026-09-09T23:46:13.032Z WARN  chromiumoxide::handler] WS Invalid message: data did not match any variant of untagged enum Message
[2026-09-09T23:46:13.054Z WARN  chromiumoxide::handler] WS Invalid message: data did not match any variant of untagged enum Message
[2026-09-09T23:46:13.060Z WARN  chromiumoxide::handler] WS Invalid message: data did not match any variant of untagged enum Message
[2026-09-09T23:46:13.060Z WARN  chromiumoxide::handler] WS Invalid message: data did not match any variant of untagged enum Message
[2026-09-09T23:46:13.060Z WARN  chromiumoxide::handler] WS Invalid message: data did not match any variant of untagged enum Message
[2026-09-09T23:46:13.060Z WARN  chromiumoxide::handler] WS Invalid message: data did not match any variant of untagged enum Message
[2026-09-09T23:46:13.076Z WARN  chromiumoxide::handler] WS Invalid message: data did not match any variant of untagged enum Message
[2026-09-09T23:46:13.125Z WARN  chromiumoxide::handler] WS Invalid message: data did not match any variant of untagged enum Message
[2026-09-09T23:46:13.125Z WARN  chromiumoxide::handler] WS Invalid message: data did not match any variant of untagged enum Message
[2026-09-09T23:46:13.125Z WARN  chromiumoxide::handler] WS Invalid message: data did not match any variant of untagged enum Message
[2026-09-09T23:46:13.125Z WARN  chromiumoxide::handler] WS Invalid message: data did not match any variant of untagged enum Message
[2026-09-09T23:46:13.126Z WARN  chromiumoxide::handler] WS Invalid message: data did not match any variant of untagged enum Message
[2026-09-09T23:46:13.126Z WARN  chromiumoxide::handler] WS Invalid message: data did not match any variant of untagged enum Message
[2026-09-09T23:46:13.127Z WARN  chromiumoxide::handler] WS Invalid message: data did not match any variant of untagged enum Message
[2026-09-09T23:46:13.136Z WARN  chromiumoxide::handler] WS Invalid message: data did not match any variant of untagged enum Message
[2026-09-09T23:46:13.138Z WARN  chromiumoxide::handler] WS Invalid message: data did not match any variant of untagged enum Message
[2026-09-09T23:46:13.234Z WARN  chromiumoxide::handler] WS Invalid message: data did not match any variant of untagged enum Message
[2026-09-09T23:46:13.265Z WARN  chromiumoxide::handler] WS Invalid message: data did not match any variant of untagged enum Message
[2026-09-09T23:46:13.265Z WARN  chromiumoxide::handler] WS Invalid message: data did not match any variant of untagged enum Message
[2026-09-09T23:46:13.278Z WARN  chromiumoxide::handler] WS Invalid message: data did not match any variant of untagged enum Message
[2026-09-09T23:46:13.305Z WARN  chromiumoxide::handler] WS Invalid message: data did not match any variant of untagged enum Message
[2026-09-09T23:46:13.306Z WARN  chromiumoxide::handler] WS Invalid message: data did not match any variant of untagged enum Message
[2026-09-09T23:46:13.375Z WARN  chromiumoxide::handler] WS Invalid message: data did not match any variant of untagged enum Message
[2026-09-09T23:46:13.375Z WARN  chromiumoxide::handler] WS Invalid message: data did not match any variant of untagged enum Message
[2026-09-09T23:46:13.376Z WARN  chromiumoxide::handler] WS Invalid message: data did not match any variant of untagged enum Message
[2026-09-09T23:46:13.465Z WARN  chromiumoxide::handler] WS Invalid message: data did not match any variant of untagged enum Message
[2026-09-09T23:46:13.524Z WARN  chromiumoxide::handler] WS Invalid message: data did not match any variant of untagged enum Message
[2026-09-09T23:46:13.524Z WARN  chromiumoxide::handler] WS Invalid message: data did not match any variant of untagged enum Message
[2026-09-09T23:46:13.524Z WARN  chromiumoxide::handler] WS Invalid message: data did not match any variant of untagged enum Message
[2026-09-09T23:46:13.524Z WARN  chromiumoxide::handler] WS Invalid message: data did not match any variant of untagged enum Message
[2026-09-09T23:46:13.524Z WARN  chromiumoxide::handler] WS Invalid message: data did not match any variant of untagged enum Message
[2026-09-09T23:46:13.524Z WARN  chromiumoxide::handler] WS Invalid message: data did not match any variant of untagged enum Message
[2026-09-09T23:46:13.529Z WARN  chromiumoxide::handler] WS Invalid message: data did not match any variant of untagged enum Message
[2026-09-09T23:46:13.533Z WARN  chromiumoxide::handler] WS Invalid message: data did not match any variant of untagged enum Message
[2026-09-09T23:46:13.546Z WARN  chromiumoxide::handler] WS Invalid message: data did not match any variant of untagged enum Message
[2026-09-09T23:46:13.548Z WARN  chromiumoxide::handler] WS Invalid message: data did not match any variant of untagged enum Message
[2026-09-09T23:46:13.548Z WARN  chromiumoxide::handler] WS Invalid message: data did not match any variant of untagged enum Message
[2026-09-09T23:46:13.559Z WARN  chromiumoxide::handler] WS Invalid message: data did not match any variant of untagged enum Message
[2026-09-09T23:46:13.564Z WARN  chromiumoxide::handler] WS Invalid message: data did not match any variant of untagged enum Message
[2026-09-09T23:46:13.564Z WARN  chromiumoxide::handler] WS Invalid message: data did not match any variant of untagged enum Message
[2026-09-09T23:46:13.582Z WARN  chromiumoxide::handler] WS Invalid message: data did not match any variant of untagged enum Message
[2026-09-09T23:46:13.582Z WARN  chromiumoxide::handler] WS Invalid message: data did not match any variant of untagged enum Message
[2026-09-09T23:46:13.589Z WARN  chromiumoxide::handler] WS Invalid message: data did not match any variant of untagged enum Message
[2026-09-09T23:46:13.592Z WARN  chromiumoxide::handler] WS Invalid message: data did not match any variant of untagged enum Message
[2026-09-09T23:46:13.593Z WARN  chromiumoxide::handler] WS Invalid message: data did not match any variant of untagged enum Message
[2026-09-09T23:46:13.593Z WARN  chromiumoxide::handler] WS Invalid message: data did not match any variant of untagged enum Message
[2026-09-09T23:46:13.601Z WARN  chromiumoxide::handler] WS Invalid message: data did not match any variant of untagged enum Message
[2026-09-09T23:46:13.601Z WARN  chromiumoxide::handler] WS Invalid message: data did not match any variant of untagged enum Message
[2026-09-09T23:46:13.601Z WARN  chromiumoxide::handler] WS Invalid message: data did not match any variant of untagged enum Message
[2026-09-09T23:46:13.601Z WARN  chromiumoxide::handler] WS Invalid message: data did not match any variant of untagged enum Message
[2026-09-09T23:46:13.601Z WARN  chromiumoxide::handler] WS Invalid message: data did not match any variant of untagged enum Message
[2026-09-09T23:46:13.601Z WARN  chromiumoxide::handler] WS Invalid message: data did not match any variant of untagged enum Message
[2026-09-09T23:46:13.608Z WARN  chromiumoxide::handler] WS Invalid message: data did not match any variant of untagged enum Message
[2026-09-09T23:46:13.711Z WARN  chromiumoxide::handler] WS Invalid message: data did not match any variant of untagged enum Message
[2026-09-09T23:46:13.711Z WARN  chromiumoxide::handler] WS Invalid message: data did not match any variant of untagged enum Message
[2026-09-09T23:46:13.711Z WARN  chromiumoxide::handler] WS Invalid message: data did not match any variant of untagged enum Message
[2026-09-09T23:46:13.712Z WARN  chromiumoxide::handler] WS Invalid message: data did not match any variant of untagged enum Message
[2026-09-09T23:46:13.712Z WARN  chromiumoxide::handler] WS Invalid message: data did not match any variant of untagged enum Message
[2026-09-09T23:46:14.014Z WARN  chromiumoxide::handler] WS Invalid message: data did not match any variant of untagged enum Message
[2026-09-09T23:46:14.014Z WARN  chromiumoxide::handler] WS Invalid message: data did not match any variant of untagged enum Message
[2026-09-09T23:46:14.014Z WARN  chromiumoxide::handler] WS Invalid message: data did not match any variant of untagged enum Message
[2026-09-09T23:46:14.015Z WARN  chromiumoxide::handler] WS Invalid message: data did not match any variant of untagged enum Message
[2026-09-09T23:46:14.015Z WARN  chromiumoxide::handler] WS Invalid message: data did not match any variant of untagged enum Message
[2026-09-09T23:46:14.015Z WARN  chromiumoxide::handler] WS Invalid message: data did not match any variant of untagged enum Message
[2026-09-09T23:46:14.015Z WARN  chromiumoxide::handler] WS Invalid message: data did not match any variant of untagged enum Message
[2026-09-09T23:46:14.015Z WARN  chromiumoxide::handler] WS Invalid message: data did not match any variant of untagged enum Message
[2026-09-09T23:46:14.015Z WARN  chromiumoxide::handler] WS Invalid message: data did not match any variant of untagged enum Message
[2026-09-09T23:46:14.029Z WARN  chromiumoxide::handler] WS Invalid message: data did not match any variant of untagged enum Message
[2026-09-09T23:46:14.029Z WARN  chromiumoxide::handler] WS Invalid message: data did not match any variant of untagged enum Message
[2026-09-09T23:46:14.029Z WARN  chromiumoxide::handler] WS Invalid message: data did not match any variant of untagged enum Message
[2026-09-09T23:46:14.372Z WARN  chromiumoxide::handler] WS Invalid message: data did not match any variant of untagged enum Message
[2026-09-09T23:46:14.451Z WARN  chromiumoxide::handler] WS Invalid message: data did not match any variant of untagged enum Message
[2026-09-09T23:46:14.461Z WARN  chromiumoxide::handler] WS Invalid message: data did not match any variant of untagged enum Message
[2026-09-09T23:46:14.464Z WARN  chromiumoxide::handler] WS Invalid message: data did not match any variant of untagged enum Message
[2026-09-09T23:46:14.464Z WARN  chromiumoxide::handler] WS Invalid message: data did not match any variant of untagged enum Message
[2026-09-09T23:46:14.464Z WARN  chromiumoxide::handler] WS Invalid message: data did not match any variant of untagged enum Message
[2026-09-09T23:46:14.464Z WARN  chromiumoxide::handler] WS Invalid message: data did not match any variant of untagged enum Message
[2026-09-09T23:46:14.529Z WARN  chromiumoxide::handler] WS Invalid message: data did not match any variant of untagged enum Message
[2026-09-09T23:46:14.529Z WARN  chromiumoxide::handler] WS Invalid message: data did not match any variant of untagged enum Message
[2026-09-09T23:46:14.531Z WARN  chromiumoxide::handler] WS Invalid message: data did not match any variant of untagged enum Message
[2026-09-09T23:46:14.540Z WARN  chromiumoxide::handler] WS Invalid message: data did not match any variant of untagged enum Message
[2026-09-09T23:46:14.540Z WARN  chromiumoxide::handler] WS Invalid message: data did not match any variant of untagged enum Message
[2026-09-09T23:46:14.553Z WARN  chromiumoxide::handler] WS Invalid message: data did not match any variant of untagged enum Message
[2026-09-09T23:46:14.554Z WARN  chromiumoxide::handler] WS Invalid message: data did not match any variant of untagged enum Message
[2026-09-09T23:46:14.554Z WARN  chromiumoxide::handler] WS Invalid message: data did not match any variant of untagged enum Message
[2026-09-09T23:46:14.554Z WARN  chromiumoxide::handler] WS Invalid message: data did not match any variant of untagged enum Message
[2026-09-09T23:46:14.556Z WARN  chromiumoxide::handler] WS Invalid message: data did not match any variant of untagged enum Message
[2026-09-09T23:46:14.590Z WARN  chromiumoxide::handler] WS Invalid message: data did not match any variant of untagged enum Message
[2026-09-09T23:46:14.590Z WARN  chromiumoxide::handler] WS Invalid message: data did not match any variant of untagged enum Message
[2026-09-09T23:46:14.593Z WARN  chromiumoxide::handler] WS Invalid message: data did not match any variant of untagged enum Message
[2026-09-09T23:46:14.604Z WARN  chromiumoxide::handler] WS Invalid message: data did not match any variant of untagged enum Message
[2026-09-09T23:46:14.604Z WARN  chromiumoxide::handler] WS Invalid message: data did not match any variant of untagged enum Message
[2026-09-09T23:46:14.604Z WARN  chromiumoxide::handler] WS Invalid message: data did not match any variant of untagged enum Message
[2026-09-09T23:46:14.762Z WARN  chromiumoxide::handler] WS Invalid message: data did not match any variant of untagged enum Message
[2026-09-09T23:46:14.912Z WARN  chromiumoxide::handler] WS Invalid message: data did not match any variant of untagged enum Message
[2026-09-09T23:46:14.941Z WARN  chromiumoxide::handler] WS Invalid message: data did not match any variant of untagged enum Message
[2026-09-09T23:46:14.941Z WARN  chromiumoxide::handler] WS Invalid message: data did not match any variant of untagged enum Message
[2026-09-09T23:46:14.941Z WARN  chromiumoxide::handler] WS Invalid message: data did not match any variant of untagged enum Message
[2026-09-09T23:46:14.941Z WARN  chromiumoxide::handler] WS Invalid message: data did not match any variant of untagged enum Message
[2026-09-09T23:46:14.955Z WARN  chromiumoxide::handler] WS Invalid message: data did not match any variant of untagged enum Message
[2026-09-09T23:46:14.955Z WARN  chromiumoxide::handler] WS Invalid message: data did not match any variant of untagged enum Message
[2026-09-09T23:46:15.331Z WARN  chromiumoxide::handler] WS Invalid message: data did not match any variant of untagged enum Message
[2026-09-09T23:46:15.357Z WARN  chromiumoxide::handler] WS Invalid message: data did not match any variant of untagged enum Message
[2026-09-09T23:46:15.357Z WARN  chromiumoxide::handler] WS Invalid message: data did not match any variant of untagged enum Message
[2026-09-09T23:46:15.357Z WARN  chromiumoxide::handler] WS Invalid message: data did not match any variant of untagged enum Message
[2026-09-09T23:46:15.376Z WARN  chromiumoxide::handler] WS Invalid message: data did not match any variant of untagged enum Message
[2026-09-09T23:46:15.396Z WARN  chromiumoxide::handler] WS Invalid message: data did not match any variant of untagged enum Message
[2026-09-09T23:46:15.542Z WARN  chromiumoxide::handler] WS Invalid message: data did not match any variant of untagged enum Message
[2026-09-09T23:46:15.543Z WARN  chromiumoxide::handler] WS Invalid message: data did not match any variant of untagged enum Message
[2026-09-09T23:46:15.562Z WARN  chromiumoxide::handler] WS Invalid message: data did not match any variant of untagged enum Message
[2026-09-09T23:46:15.562Z WARN  chromiumoxide::handler] WS Invalid message: data did not match any variant of untagged enum Message
[2026-09-09T23:46:15.562Z WARN  chromiumoxide::handler] WS Invalid message: data did not match any variant of untagged enum Message
[2026-09-09T23:46:15.562Z WARN  chromiumoxide::handler] WS Invalid message: data did not match any variant of untagged enum Message
[2026-09-09T23:46:15.645Z WARN  chromiumoxide::handler] WS Invalid message: data did not match any variant of untagged enum Message
[2026-09-09T23:46:16.072Z WARN  chromiumoxide::handler] WS Invalid message: data did not match any variant of untagged enum Message
[2026-09-09T23:46:16.108Z WARN  chromiumoxide::handler] WS Invalid message: data did not match any variant of untagged enum Message
[2026-09-09T23:46:16.305Z WARN  chromiumoxide::handler] WS Invalid message: data did not match any variant of untagged enum Message
[2026-09-09T23:46:16.692Z WARN  chromiumoxide::handler] WS Invalid message: data did not match any variant of untagged enum Message
[2026-09-09T23:46:17.848Z WARN  chromiumoxide::handler] WS Invalid message: data did not match any variant of untagged enum Message
[2026-09-09T23:46:18.328Z WARN  chromiumoxide::handler] WS Invalid message: data did not match any variant of untagged enum Message
[2026-09-09T23:46:18.328Z WARN  chromiumoxide::handler] WS Invalid message: data did not match any variant of untagged enum Message
[2026-09-09T23:46:20.075Z WARN  chromiumoxide::handler] WS Invalid message: data did not match any variant of untagged enum Message
[2026-09-09T23:46:20.075Z WARN  chromiumoxide::handler] WS Invalid message: data did not match any variant of untagged enum Message
[2026-09-09T23:46:20.075Z WARN  chromiumoxide::handler] WS Invalid message: data did not match any variant of untagged enum Message
[2026-09-09T23:46:20.075Z WARN  chromiumoxide::handler] WS Invalid message: data did not match any variant of untagged enum Message
[2026-09-09T23:46:20.213Z WARN  chromiumoxide::handler] WS Invalid message: data did not match any variant of untagged enum Message
{"level":30,"time":1788997580218,"pid":161849,"hostname":"vps-15cf2c41","reqId":"req-1v","req":{"method":"GET","url":"/api/v1/workspace/meta","host":"127.0.0.1:6440","remoteAddress":"127.0.0.1","remotePort":39850},"msg":"incoming request"}
[2026-09-09T23:46:20.222Z WARN  chromiumoxide::handler] WS Invalid message: data did not match any variant of untagged enum Message
{"level":30,"time":1788997580220,"pid":161849,"hostname":"vps-15cf2c41","reqId":"req-1v","res":{"statusCode":200},"responseTime":1.0995179999881657,"msg":"request completed"}
[2026-09-09T23:46:20.229Z WARN  chromiumoxide::handler] WS Invalid message: data did not match any variant of untagged enum Message
[2026-09-09T23:46:20.233Z WARN  chromiumoxide::handler] WS Invalid message: data did not match any variant of untagged enum Message
{"level":30,"time":1788997580241,"pid":161849,"hostname":"vps-15cf2c41","reqId":"req-1w","req":{"method":"GET","url":"/api/v1/workspace/meta","host":"127.0.0.1:6440","remoteAddress":"127.0.0.1","remotePort":39858},"msg":"incoming request"}
{"level":30,"time":1788997580244,"pid":161849,"hostname":"vps-15cf2c41","reqId":"req-1w","res":{"statusCode":200},"responseTime":1.955681999999797,"msg":"request completed"}
[2026-09-09T23:46:20.354Z WARN  chromiumoxide::handler] WS Invalid message: data did not match any variant of untagged enum Message
{"level":30,"time":1788997580356,"pid":161849,"hostname":"vps-15cf2c41","reqId":"req-1x","req":{"method":"GET","url":"/api/v1/tree?path=.","host":"127.0.0.1:6440","remoteAddress":"127.0.0.1","remotePort":39872},"msg":"incoming request"}
[2026-09-09T23:46:20.361Z WARN  chromiumoxide::handler] WS Invalid message: data did not match any variant of untagged enum Message
[2026-09-09T23:46:20.368Z WARN  chromiumoxide::handler] WS Invalid message: data did not match any variant of untagged enum Message
{"level":30,"time":1788997580368,"pid":161849,"hostname":"vps-15cf2c41","reqId":"req-1y","req":{"method":"PUT","url":"/api/v1/ui/state","host":"127.0.0.1:6440","remoteAddress":"127.0.0.1","remotePort":39874},"msg":"incoming request"}
{"level":30,"time":1788997580371,"pid":161849,"hostname":"vps-15cf2c41","reqId":"req-1y","res":{"statusCode":204},"responseTime":1.8103379999956815,"msg":"request completed"}
{"level":30,"time":1788997580376,"pid":161849,"hostname":"vps-15cf2c41","reqId":"req-1x","res":{"statusCode":200},"responseTime":19.67713900000672,"msg":"request completed"}
{"level":30,"time":1788997580380,"pid":161849,"hostname":"vps-15cf2c41","reqId":"req-1z","req":{"method":"GET","url":"/api/v1/filesystems","host":"127.0.0.1:6440","remoteAddress":"127.0.0.1","remotePort":39880},"msg":"incoming request"}
{"level":30,"time":1788997580381,"pid":161849,"hostname":"vps-15cf2c41","reqId":"req-1z","res":{"statusCode":200},"responseTime":1.2183059999952093,"msg":"request completed"}
{"level":30,"time":1788997580431,"pid":161849,"hostname":"vps-15cf2c41","reqId":"req-20","req":{"method":"GET","url":"/api/v1/agents","host":"127.0.0.1:6440","remoteAddress":"127.0.0.1","remotePort":39894},"msg":"incoming request"}
[2026-09-09T23:46:20.434Z WARN  chromiumoxide::handler] WS Invalid message: data did not match any variant of untagged enum Message
{"level":30,"time":1788997580432,"pid":161849,"hostname":"vps-15cf2c41","reqId":"req-20","res":{"statusCode":200},"responseTime":0.8169599999964703,"msg":"request completed"}
[2026-09-09T23:46:20.437Z WARN  chromiumoxide::handler] WS Invalid message: data did not match any variant of untagged enum Message
[2026-09-09T23:46:20.437Z WARN  chromiumoxide::handler] WS Invalid message: data did not match any variant of untagged enum Message
[2026-09-09T23:46:20.437Z WARN  chromiumoxide::handler] WS Invalid message: data did not match any variant of untagged enum Message
{"level":30,"time":1788997580446,"pid":161849,"hostname":"vps-15cf2c41","reqId":"req-21","req":{"method":"GET","url":"/api/v1/filesystems","host":"127.0.0.1:6440","remoteAddress":"127.0.0.1","remotePort":39904},"msg":"incoming request"}
{"level":30,"time":1788997580447,"pid":161849,"hostname":"vps-15cf2c41","reqId":"req-21","res":{"statusCode":200},"responseTime":0.6180290000047535,"msg":"request completed"}
{"level":30,"time":1788997580448,"pid":161849,"hostname":"vps-15cf2c41","reqId":"req-22","req":{"method":"PUT","url":"/api/v1/ui/state","host":"127.0.0.1:6440","remoteAddress":"127.0.0.1","remotePort":39906},"msg":"incoming request"}
{"level":30,"time":1788997580449,"pid":161849,"hostname":"vps-15cf2c41","reqId":"req-22","res":{"statusCode":204},"responseTime":0.6344720000051893,"msg":"request completed"}
{"level":30,"time":1788997580452,"pid":161849,"hostname":"vps-15cf2c41","reqId":"req-23","req":{"method":"GET","url":"/api/v1/tree?path=.","host":"127.0.0.1:6440","remoteAddress":"127.0.0.1","remotePort":39922},"msg":"incoming request"}
{"level":30,"time":1788997580463,"pid":161849,"hostname":"vps-15cf2c41","reqId":"req-23","res":{"statusCode":200},"responseTime":9.90060499998799,"msg":"request completed"}
[2026-09-09T23:46:20.525Z WARN  chromiumoxide::handler] WS Invalid message: data did not match any variant of untagged enum Message
00:00.000 Waiting
{"level":30,"time":1788997580591,"pid":161849,"hostname":"vps-15cf2c41","reqId":"req-24","req":{"method":"GET","url":"/api/v1/fs/events?workspaceId=workspace","host":"127.0.0.1:6440","remoteAddress":"127.0.0.1","remotePort":39934},"msg":"incoming request"}
[2026-09-09T23:46:20.590Z WARN  chromiumoxide::handler] WS Invalid message: data did not match any variant of untagged enum Message
[2026-09-09T23:46:20.596Z WARN  chromiumoxide::handler] WS Invalid message: data did not match any variant of untagged enum Message
[2026-09-09T23:46:20.598Z WARN  chromiumoxide::handler] WS Invalid message: data did not match any variant of untagged enum Message
{"level":30,"time":1788997580599,"pid":161849,"hostname":"vps-15cf2c41","reqId":"req-25","req":{"method":"GET","url":"/api/v1/ui/commands/next?workspaceId=workspace","host":"127.0.0.1:6440","remoteAddress":"127.0.0.1","remotePort":39940},"msg":"incoming request"}
{"level":30,"time":1788997580602,"pid":161849,"hostname":"vps-15cf2c41","reqId":"req-26","req":{"method":"GET","url":"/api/v1/ui/state","host":"127.0.0.1:6440","remoteAddress":"127.0.0.1","remotePort":39950},"msg":"incoming request"}
{"level":30,"time":1788997580603,"pid":161849,"hostname":"vps-15cf2c41","reqId":"req-26","res":{"statusCode":200},"responseTime":0.4002710000058869,"msg":"request completed"}
[2026-09-09T23:46:20.692Z WARN  chromiumoxide::handler] WS Invalid message: data did not match any variant of untagged enum Message
[2026-09-09T23:46:20.692Z WARN  chromiumoxide::handler] WS Invalid message: data did not match any variant of untagged enum Message
[2026-09-09T23:46:20.692Z WARN  chromiumoxide::handler] WS Invalid message: data did not match any variant of untagged enum Message
{"level":30,"time":1788997580693,"pid":161849,"hostname":"vps-15cf2c41","reqId":"req-27","req":{"method":"GET","url":"/api/v1/agents/alpha/sessions?limit=50&archived=active","host":"127.0.0.1:6440","remoteAddress":"127.0.0.1","remotePort":39958},"msg":"incoming request"}
{"level":30,"time":1788997580698,"pid":161849,"hostname":"vps-15cf2c41","reqId":"req-28","req":{"method":"GET","url":"/api/v1/tree?path=.","host":"127.0.0.1:6440","remoteAddress":"127.0.0.1","remotePort":39972},"msg":"incoming request"}
{"level":30,"time":1788997580700,"pid":161849,"hostname":"vps-15cf2c41","reqId":"req-29","req":{"method":"GET","url":"/api/v1/agents/alpha/ready-status","host":"127.0.0.1:6440","remoteAddress":"127.0.0.1","remotePort":39986},"msg":"incoming request"}
{"level":30,"time":1788997580707,"pid":161849,"hostname":"vps-15cf2c41","reqId":"req-28","res":{"statusCode":200},"responseTime":8.708251000003656,"msg":"request completed"}
[2026-09-09T23:46:20.716Z WARN  chromiumoxide::handler] WS Invalid message: data did not match any variant of untagged enum Message
{"level":30,"time":1788997580722,"pid":161849,"hostname":"vps-15cf2c41","reqId":"req-29","res":{"statusCode":200},"responseTime":22.282053999995696,"msg":"request completed"}
{"level":30,"time":1788997580725,"pid":161849,"hostname":"vps-15cf2c41","reqId":"req-2a","req":{"method":"GET","url":"/api/v1/tree?path=.","host":"127.0.0.1:6440","remoteAddress":"127.0.0.1","remotePort":39998},"msg":"incoming request"}
{"level":30,"time":1788997580727,"pid":161849,"hostname":"vps-15cf2c41","reqId":"req-27","res":{"statusCode":200},"responseTime":33.83926999999676,"msg":"request completed"}
[2026-09-09T23:46:20.735Z WARN  chromiumoxide::handler] WS Invalid message: data did not match any variant of untagged enum Message
[2026-09-09T23:46:20.735Z WARN  chromiumoxide::handler] WS Invalid message: data did not match any variant of untagged enum Message
{"level":30,"time":1788997580739,"pid":161849,"hostname":"vps-15cf2c41","reqId":"req-2a","res":{"statusCode":200},"responseTime":13.47288899999694,"msg":"request completed"}
{"level":30,"time":1788997580740,"pid":161849,"hostname":"vps-15cf2c41","reqId":"req-2b","req":{"method":"GET","url":"/api/v1/agents/alpha/ready-status","host":"127.0.0.1:6440","remoteAddress":"127.0.0.1","remotePort":40000},"msg":"incoming request"}
{"level":30,"time":1788997580744,"pid":161849,"hostname":"vps-15cf2c41","reqId":"req-2c","req":{"method":"GET","url":"/api/v1/agents/alpha/sessions?limit=50&archived=active","host":"127.0.0.1:6440","remoteAddress":"127.0.0.1","remotePort":40002},"msg":"incoming request"}
{"level":30,"time":1788997580754,"pid":161849,"hostname":"vps-15cf2c41","reqId":"req-2b","res":{"statusCode":200},"responseTime":13.988142999995034,"msg":"request completed"}
{"level":30,"time":1788997580763,"pid":161849,"hostname":"vps-15cf2c41","reqId":"req-2c","res":{"statusCode":200},"responseTime":19.295178999993368,"msg":"request completed"}
[2026-09-09T23:46:20.775Z WARN  chromiumoxide::handler] WS Invalid message: data did not match any variant of untagged enum Message
{"level":30,"time":1788997580778,"pid":161849,"hostname":"vps-15cf2c41","reqId":"req-2d","req":{"method":"GET","url":"/api/v1/ui/state","host":"127.0.0.1:6440","remoteAddress":"127.0.0.1","remotePort":40016},"msg":"incoming request"}
{"level":30,"time":1788997580779,"pid":161849,"hostname":"vps-15cf2c41","reqId":"req-2d","res":{"statusCode":200},"responseTime":0.5704810000024736,"msg":"request completed"}
00:00.247 Waiting
{"level":30,"time":1788997580868,"pid":161849,"hostname":"vps-15cf2c41","reqId":"req-2e","req":{"method":"POST","url":"/api/v1/workspace-bridge/call","host":"127.0.0.1:6440","remoteAddress":"127.0.0.1","remotePort":40022},"msg":"incoming request"}
[2026-09-09T23:46:20.866Z WARN  chromiumoxide::handler] WS Invalid message: data did not match any variant of untagged enum Message
{"level":30,"time":1788997580870,"pid":161849,"hostname":"vps-15cf2c41","reqId":"req-2e","res":{"statusCode":200},"responseTime":2.3185359999915818,"msg":"request completed"}
{"level":30,"time":1788997580959,"pid":161849,"hostname":"vps-15cf2c41","reqId":"req-2f","req":{"method":"GET","url":"/api/v1/agents/session-activity/events?workspaceId=workspace","host":"127.0.0.1:6440","remoteAddress":"127.0.0.1","remotePort":40030},"msg":"incoming request"}
[2026-09-09T23:46:20.959Z WARN  chromiumoxide::handler] WS Invalid message: data did not match any variant of untagged enum Message
[2026-09-09T23:46:20.959Z WARN  chromiumoxide::handler] WS Invalid message: data did not match any variant of untagged enum Message
{"level":30,"time":1788997580960,"pid":161849,"hostname":"vps-15cf2c41","reqId":"req-2g","req":{"method":"GET","url":"/api/v1/agents/alpha/sessions?limit=50&archived=archived","host":"127.0.0.1:6440","remoteAddress":"127.0.0.1","remotePort":40042},"msg":"incoming request"}
{"level":30,"time":1788997580973,"pid":161849,"hostname":"vps-15cf2c41","reqId":"req-2g","res":{"statusCode":200},"responseTime":12.48033600000781,"msg":"request completed"}
00:00.452 Clicking <button> (x: 137.5, y: 82.0, content: "Search⌘K")
[2026-09-09T23:46:21.264Z WARN  chromiumoxide::handler] WS Invalid message: data did not match any variant of untagged enum Message
00:00.845 Clicking <button> (x: 526.0, y: 377.5, content: "Commands")
00:01.116 Waiting
00:01.246 Clicking <button> (x: 526.0, y: 387.5, content: "Commands")
00:01.349 Typing no-matching-fixture-command (delay: 0ms)
00:02.468 Clicking <button> (x: 526.0, y: 377.5, content: "Commands")
[2026-09-09T23:46:23.061Z WARN  chromiumoxide::handler] WS Invalid message: data did not match any variant of untagged enum Message
{"level":30,"time":1788997583062,"pid":161849,"hostname":"vps-15cf2c41","reqId":"req-2h","req":{"method":"POST","url":"/api/v1/agents/alpha/sessions","host":"127.0.0.1:6440","remoteAddress":"127.0.0.1","remotePort":40050},"msg":"incoming request"}
{"level":30,"time":1788997583078,"pid":161849,"hostname":"vps-15cf2c41","reqId":"req-2h","res":{"statusCode":201},"responseTime":15.759753999998793,"msg":"request completed"}
{"level":30,"time":1788997583169,"pid":161849,"hostname":"vps-15cf2c41","reqId":"req-2i","req":{"method":"GET","url":"/api/v1/agents/alpha/sessions?limit=50&archived=active","host":"127.0.0.1:6440","remoteAddress":"127.0.0.1","remotePort":40062},"msg":"incoming request"}
[2026-09-09T23:46:23.172Z WARN  chromiumoxide::handler] WS Invalid message: data did not match any variant of untagged enum Message
{"level":30,"time":1788997583221,"pid":161849,"hostname":"vps-15cf2c41","reqId":"req-2i","res":{"statusCode":200},"responseTime":51.45295999999507,"msg":"request completed"}
00:02.746 Typing no-matching-fixture-command (delay: 0ms)
{"level":30,"time":1788997583324,"pid":161849,"hostname":"vps-15cf2c41","reqId":"req-2j","req":{"method":"GET","url":"/api/v1/ui/state","host":"127.0.0.1:6440","remoteAddress":"127.0.0.1","remotePort":40068},"msg":"incoming request"}
{"level":30,"time":1788997583325,"pid":161849,"hostname":"vps-15cf2c41","reqId":"req-2j","res":{"statusCode":200},"responseTime":0.5413620000035735,"msg":"request completed"}
[2026-09-09T23:46:23.323Z WARN  chromiumoxide::handler] WS Invalid message: data did not match any variant of untagged enum Message
[2026-09-09T23:46:23.331Z WARN  chromiumoxide::handler] WS Invalid message: data did not match any variant of untagged enum Message
{"level":30,"time":1788997583332,"pid":161849,"hostname":"vps-15cf2c41","reqId":"req-2k","req":{"method":"GET","url":"/api/v1/agents/alpha/sessions?limit=50&archived=archived","host":"127.0.0.1:6440","remoteAddress":"127.0.0.1","remotePort":40070},"msg":"incoming request"}
{"level":30,"time":1788997583342,"pid":161849,"hostname":"vps-15cf2c41","reqId":"req-2k","res":{"statusCode":200},"responseTime":9.48376499999722,"msg":"request completed"}
[2026-09-09T23:46:23.379Z WARN  chromiumoxide::handler] WS Invalid message: data did not match any variant of untagged enum Message
{"level":30,"time":1788997583381,"pid":161849,"hostname":"vps-15cf2c41","reqId":"req-2l","req":{"method":"POST","url":"/api/v1/workspace-bridge/call","host":"127.0.0.1:6440","remoteAddress":"127.0.0.1","remotePort":40076},"msg":"incoming request"}
{"level":30,"time":1788997583382,"pid":161849,"hostname":"vps-15cf2c41","reqId":"req-2l","res":{"statusCode":200},"responseTime":1.293273000002955,"msg":"request completed"}
{"level":30,"time":1788997583859,"pid":161849,"hostname":"vps-15cf2c41","reqId":"req-2m","req":{"method":"GET","url":"/api/v1/agents/session-activity/events?workspaceId=workspace","host":"127.0.0.1:6440","remoteAddress":"127.0.0.1","remotePort":40092},"msg":"incoming request"}
[2026-09-09T23:46:23.862Z WARN  chromiumoxide::handler] WS Invalid message: data did not match any variant of untagged enum Message
[2026-09-09T23:46:25.011Z WARN  chromiumoxide::handler] WS Invalid message: data did not match any variant of untagged enum Message
{"level":30,"time":1788997585010,"pid":161849,"hostname":"vps-15cf2c41","reqId":"req-2n","req":{"method":"PUT","url":"/api/v1/ui/state","host":"127.0.0.1:6440","remoteAddress":"127.0.0.1","remotePort":40102},"msg":"incoming request"}
{"level":30,"time":1788997585012,"pid":161849,"hostname":"vps-15cf2c41","reqId":"req-2n","res":{"statusCode":204},"responseTime":2.2395770000002813,"msg":"request completed"}
[2026-09-09T23:46:25.052Z WARN  chromiumoxide::handler] WS Invalid message: data did not match any variant of untagged enum Message
{"level":30,"time":1788997585058,"pid":161849,"hostname":"vps-15cf2c41","reqId":"req-2o","req":{"method":"GET","url":"/api/v1/agents/alpha/models","host":"127.0.0.1:6440","remoteAddress":"127.0.0.1","remotePort":40116},"msg":"incoming request"}
[2026-09-09T23:46:25.059Z WARN  chromiumoxide::handler] WS Invalid message: data did not match any variant of untagged enum Message
[2026-09-09T23:46:25.059Z WARN  chromiumoxide::handler] WS Invalid message: data did not match any variant of untagged enum Message
{"level":30,"time":1788997585065,"pid":161849,"hostname":"vps-15cf2c41","reqId":"req-2p","req":{"method":"GET","url":"/api/v1/agents/alpha/commands?sessionId=scripted-2","host":"127.0.0.1:6440","remoteAddress":"127.0.0.1","remotePort":40128},"msg":"incoming request"}
{"level":30,"time":1788997585069,"pid":161849,"hostname":"vps-15cf2c41","reqId":"req-2q","req":{"method":"GET","url":"/api/v1/workspace/meta","host":"127.0.0.1:6440","remoteAddress":"127.0.0.1","remotePort":40132},"msg":"incoming request"}
{"level":30,"time":1788997585074,"pid":161849,"hostname":"vps-15cf2c41","reqId":"req-2q","res":{"statusCode":200},"responseTime":5.04231499999878,"msg":"request completed"}
[2026-09-09T23:46:25.089Z WARN  chromiumoxide::handler] WS Invalid message: data did not match any variant of untagged enum Message
{"level":30,"time":1788997585093,"pid":161849,"hostname":"vps-15cf2c41","reqId":"req-2r","req":{"method":"GET","url":"/api/v1/workspace/meta","host":"127.0.0.1:6440","remoteAddress":"127.0.0.1","remotePort":40136},"msg":"incoming request"}
{"level":30,"time":1788997585093,"pid":161849,"hostname":"vps-15cf2c41","reqId":"req-2r","res":{"statusCode":200},"responseTime":0.5818720000097528,"msg":"request completed"}
{"level":30,"time":1788997585124,"pid":161849,"hostname":"vps-15cf2c41","reqId":"req-2o","res":{"statusCode":200},"responseTime":63.33344499999657,"msg":"request completed"}
[2026-09-09T23:46:25.149Z WARN  chromiumoxide::handler] WS Invalid message: data did not match any variant of untagged enum Message
{"level":30,"time":1788997585149,"pid":161849,"hostname":"vps-15cf2c41","reqId":"req-2s","req":{"method":"GET","url":"/api/v1/agents/alpha/models","host":"127.0.0.1:6440","remoteAddress":"127.0.0.1","remotePort":40148},"msg":"incoming request"}
{"level":30,"time":1788997585154,"pid":161849,"hostname":"vps-15cf2c41","reqId":"req-2p","res":{"statusCode":200},"responseTime":88.67032499999914,"msg":"request completed"}
[2026-09-09T23:46:25.162Z WARN  chromiumoxide::handler] WS Invalid message: data did not match any variant of untagged enum Message
{"level":30,"time":1788997585163,"pid":161849,"hostname":"vps-15cf2c41","reqId":"req-2t","req":{"method":"GET","url":"/api/v1/agents/alpha/commands?sessionId=scripted-2","host":"127.0.0.1:6440","remoteAddress":"127.0.0.1","remotePort":40152},"msg":"incoming request"}
{"level":30,"time":1788997585178,"pid":161849,"hostname":"vps-15cf2c41","reqId":"req-2s","res":{"statusCode":200},"responseTime":28.125371000001905,"msg":"request completed"}
{"level":30,"time":1788997585212,"pid":161849,"hostname":"vps-15cf2c41","reqId":"req-2t","res":{"statusCode":200},"responseTime":48.15335900000355,"msg":"request completed"}
{"level":30,"time":1788997585238,"pid":161849,"hostname":"vps-15cf2c41","reqId":"req-2u","req":{"method":"GET","url":"/api/v1/agents/alpha/sessions/scripted-2/state","host":"127.0.0.1:6440","remoteAddress":"127.0.0.1","remotePort":40156},"msg":"incoming request"}
[2026-09-09T23:46:25.238Z WARN  chromiumoxide::handler] WS Invalid message: data did not match any variant of untagged enum Message
{"level":30,"time":1788997585260,"pid":161849,"hostname":"vps-15cf2c41","reqId":"req-2u","res":{"statusCode":200},"responseTime":22.275540999995428,"msg":"request completed"}
00:04.719 Clicking <button> (x: 526.0, y: 377.5, content: "Commands")
00:04.832 Clicking <button> (x: 526.0, y: 377.5, content: "Commands")
{"level":30,"time":1788997585477,"pid":161849,"hostname":"vps-15cf2c41","reqId":"req-2v","req":{"method":"GET","url":"/api/v1/agents/alpha/models","host":"127.0.0.1:6440","remoteAddress":"127.0.0.1","remotePort":40162},"msg":"incoming request"}
[2026-09-09T23:46:25.478Z WARN  chromiumoxide::handler] WS Invalid message: data did not match any variant of untagged enum Message
{"level":30,"time":1788997585484,"pid":161849,"hostname":"vps-15cf2c41","reqId":"req-2w","req":{"method":"GET","url":"/api/v1/agents/alpha/sessions/scripted-2/events?cursor=0","host":"127.0.0.1:6440","remoteAddress":"127.0.0.1","remotePort":40172},"msg":"incoming request"}
[2026-09-09T23:46:25.499Z WARN  chromiumoxide::handler] WS Invalid message: data did not match any variant of untagged enum Message
{"level":30,"time":1788997585503,"pid":161849,"hostname":"vps-15cf2c41","reqId":"req-2v","res":{"statusCode":200},"responseTime":26.13797799999884,"msg":"request completed"}
00:05.112 Pressing Escape (code: 27)
00:05.387 Clicking <button> (x: 137.5, y: 82.0, content: "Search⌘K")
00:05.692 Waiting
00:06.010 Typing > (delay: 0ms)
00:06.245 Clicking <button> (x: 526.0, y: 321.5, content: "Commands")
00:06.428 Typing no-matching-fixture-command (delay: 0ms)
00:07.597 Typing > (delay: 0ms)
00:07.762 Typing > (delay: 0ms)
00:07.939 Typing no-matching-fixture-command (delay: 0ms)
00:09.082 Waiting
00:09.392 Typing > (delay: 0ms)
00:09.583 Typing > (delay: 0ms)
00:09.762 Pressing Escape (code: 27)
00:09.994 Waiting
00:10.108 Clicking <button> (x: 137.5, y: 82.0, content: "Search⌘K")
00:10.447 Typing no-matching-fixture-command (delay: 0ms)
00:11.750 Pressing Escape (code: 27)
00:12.038 Clicking <button> (x: 137.5, y: 82.0, content: "Search⌘K")
00:12.278 Typing > (delay: 0ms)
00:12.420 Pressing Escape (code: 27)
00:12.587 Waiting
00:12.791 Clicking <button> (x: 137.5, y: 82.0, content: "Search⌘K")
00:13.218 Waiting
00:13.541 Typing > (delay: 0ms)
00:13.766 Typing > (delay: 0ms)
00:13.902 Waiting
00:13.997 Waiting
00:14.305 Waiting
00:14.461 Pressing Escape (code: 27)
00:14.847 Clicking <button> (x: 137.5, y: 82.0, content: "Search⌘K")
00:15.274 Waiting
00:15.664 Waiting
00:15.998 Typing > (delay: 0ms)
00:16.310 Typing no-matching-fixture-command (delay: 0ms)
00:17.664 Typing > (delay: 0ms)
00:17.846 Pressing Escape (code: 27)
00:18.077 Clicking <button> (x: 137.5, y: 82.0, content: "Search⌘K")
00:18.343 Typing > (delay: 0ms)
00:18.575 Typing > (delay: 0ms)
00:18.698 Clicking <button> (x: 526.0, y: 321.5, content: "Commands")
00:18.813 Typing > (delay: 0ms)
00:18.968 Typing no-matching-fixture-command (delay: 0ms)

Test finished after time limit!

Inspect the test results using:

  bombadil browser inspect /dev/shm/cpr-dd3/boring-ui-review-run.9eatbI/explore-desktop.Z6nAZX

Reproduce this test using:

  bombadil browser test http://127.0.0.1:6430/?fresh=1 <sandbox-root>/tools/ui-review/src/review-specs/workspace-command-palette/bombadil.spec.ts --width 1440 --height 900 --headless --no-sandbox --reproduce /dev/shm/cpr-dd3/boring-ui-review-run.9eatbI/explore-desktop.Z6nAZX

{"level":30,"time":1788997600756,"pid":161849,"hostname":"vps-15cf2c41","reqId":"req-2w","res":{"statusCode":200},"msg":"stream closed prematurely"}
[2026-09-09T23:46:50.696Z WARN  chromiumoxide::handler] WS Invalid message: data did not match any variant of untagged enum Message
[2026-09-09T23:46:50.698Z WARN  chromiumoxide::handler] WS Invalid message: data did not match any variant of untagged enum Message
[2026-09-09T23:46:50.698Z WARN  chromiumoxide::handler] WS Invalid message: data did not match any variant of untagged enum Message
[2026-09-09T23:46:50.728Z WARN  chromiumoxide::handler] WS Invalid message: data did not match any variant of untagged enum Message
[2026-09-09T23:46:50.818Z WARN  chromiumoxide::handler] WS Invalid message: data did not match any variant of untagged enum Message
[2026-09-09T23:46:50.824Z WARN  chromiumoxide::handler] WS Invalid message: data did not match any variant of untagged enum Message
[2026-09-09T23:46:50.830Z WARN  chromiumoxide::handler] WS Invalid message: data did not match any variant of untagged enum Message
[2026-09-09T23:46:50.830Z WARN  chromiumoxide::handler] WS Invalid message: data did not match any variant of untagged enum Message
[2026-09-09T23:46:50.830Z WARN  chromiumoxide::handler] WS Invalid message: data did not match any variant of untagged enum Message
[2026-09-09T23:46:50.831Z WARN  chromiumoxide::handler] WS Invalid message: data did not match any variant of untagged enum Message
[2026-09-09T23:46:50.831Z WARN  chromiumoxide::handler] WS Invalid message: data did not match any variant of untagged enum Message
[2026-09-09T23:46:50.831Z WARN  chromiumoxide::handler] WS Invalid message: data did not match any variant of untagged enum Message
[2026-09-09T23:46:50.904Z WARN  chromiumoxide::handler] WS Invalid message: data did not match any variant of untagged enum Message
[2026-09-09T23:46:51.234Z WARN  chromiumoxide::handler] WS Invalid message: data did not match any variant of untagged enum Message
[2026-09-09T23:46:51.242Z WARN  chromiumoxide::handler] WS Invalid message: data did not match any variant of untagged enum Message
[2026-09-09T23:46:51.245Z WARN  chromiumoxide::handler] WS Invalid message: data did not match any variant of untagged enum Message
[2026-09-09T23:46:51.245Z WARN  chromiumoxide::handler] WS Invalid message: data did not match any variant of untagged enum Message
[2026-09-09T23:46:51.245Z WARN  chromiumoxide::handler] WS Invalid message: data did not match any variant of untagged enum Message
[2026-09-09T23:46:51.245Z WARN  chromiumoxide::handler] WS Invalid message: data did not match any variant of untagged enum Message
[2026-09-09T23:46:51.270Z WARN  chromiumoxide::handler] WS Invalid message: data did not match any variant of untagged enum Message
[2026-09-09T23:46:51.300Z WARN  chromiumoxide::handler] WS Invalid message: data did not match any variant of untagged enum Message
[2026-09-09T23:46:51.333Z WARN  chromiumoxide::handler] WS Invalid message: data did not match any variant of untagged enum Message
[2026-09-09T23:46:51.334Z WARN  chromiumoxide::handler] WS Invalid message: data did not match any variant of untagged enum Message
[2026-09-09T23:46:51.391Z WARN  chromiumoxide::handler] WS Invalid message: data did not match any variant of untagged enum Message
[2026-09-09T23:46:51.469Z WARN  chromiumoxide::handler] WS Invalid message: data did not match any variant of untagged enum Message
[2026-09-09T23:46:51.473Z WARN  chromiumoxide::handler] WS Invalid message: data did not match any variant of untagged enum Message
[2026-09-09T23:46:51.476Z WARN  chromiumoxide::handler] WS Invalid message: data did not match any variant of untagged enum Message
[2026-09-09T23:46:51.619Z WARN  chromiumoxide::handler] WS Invalid message: data did not match any variant of untagged enum Message
[2026-09-09T23:46:51.661Z WARN  chromiumoxide::handler] WS Invalid message: data did not match any variant of untagged enum Message
[2026-09-09T23:46:51.662Z WARN  chromiumoxide::handler] WS Invalid message: data did not match any variant of untagged enum Message
[2026-09-09T23:46:51.662Z WARN  chromiumoxide::handler] WS Invalid message: data did not match any variant of untagged enum Message
[2026-09-09T23:46:51.691Z WARN  chromiumoxide::handler] WS Invalid message: data did not match any variant of untagged enum Message
[2026-09-09T23:46:51.743Z WARN  chromiumoxide::handler] WS Invalid message: data did not match any variant of untagged enum Message
[2026-09-09T23:46:51.845Z WARN  chromiumoxide::handler] WS Invalid message: data did not match any variant of untagged enum Message
[2026-09-09T23:46:51.857Z WARN  chromiumoxide::handler] WS Invalid message: data did not match any variant of untagged enum Message
[2026-09-09T23:46:51.858Z WARN  chromiumoxide::handler] WS Invalid message: data did not match any variant of untagged enum Message
[2026-09-09T23:46:51.858Z WARN  chromiumoxide::handler] WS Invalid message: data did not match any variant of untagged enum Message
[2026-09-09T23:46:52.048Z WARN  chromiumoxide::handler] WS Invalid message: data did not match any variant of untagged enum Message
[2026-09-09T23:46:52.048Z WARN  chromiumoxide::handler] WS Invalid message: data did not match any variant of untagged enum Message
[2026-09-09T23:46:52.048Z WARN  chromiumoxide::handler] WS Invalid message: data did not match any variant of untagged enum Message
[2026-09-09T23:46:52.048Z WARN  chromiumoxide::handler] WS Invalid message: data did not match any variant of untagged enum Message
[2026-09-09T23:46:52.049Z WARN  chromiumoxide::handler] WS Invalid message: data did not match any variant of untagged enum Message
[2026-09-09T23:46:52.049Z WARN  chromiumoxide::handler] WS Invalid message: data did not match any variant of untagged enum Message
[2026-09-09T23:46:52.049Z WARN  chromiumoxide::handler] WS Invalid message: data did not match any variant of untagged enum Message
[2026-09-09T23:46:52.049Z WARN  chromiumoxide::handler] WS Invalid message: data did not match any variant of untagged enum Message
[2026-09-09T23:46:52.049Z WARN  chromiumoxide::handler] WS Invalid message: data did not match any variant of untagged enum Message
[2026-09-09T23:46:52.049Z WARN  chromiumoxide::handler] WS Invalid message: data did not match any variant of untagged enum Message
[2026-09-09T23:46:52.050Z WARN  chromiumoxide::handler] WS Invalid message: data did not match any variant of untagged enum Message
[2026-09-09T23:46:52.050Z WARN  chromiumoxide::handler] WS Invalid message: data did not match any variant of untagged enum Message
[2026-09-09T23:46:52.050Z WARN  chromiumoxide::handler] WS Invalid message: data did not match any variant of untagged enum Message
[2026-09-09T23:46:52.050Z WARN  chromiumoxide::handler] WS Invalid message: data did not match any variant of untagged enum Message
[2026-09-09T23:46:52.050Z WARN  chromiumoxide::handler] WS Invalid message: data did not match any variant of untagged enum Message
[2026-09-09T23:46:52.050Z WARN  chromiumoxide::handler] WS Invalid message: data did not match any variant of untagged enum Message
[2026-09-09T23:46:52.062Z WARN  chromiumoxide::handler] WS Invalid message: data did not match any variant of untagged enum Message
[2026-09-09T23:46:52.173Z WARN  chromiumoxide::handler] WS Invalid message: data did not match any variant of untagged enum Message
[2026-09-09T23:46:52.176Z WARN  chromiumoxide::handler] WS Invalid message: data did not match any variant of untagged enum Message
[2026-09-09T23:46:52.176Z WARN  chromiumoxide::handler] WS Invalid message: data did not match any variant of untagged enum Message
[2026-09-09T23:46:52.176Z WARN  chromiumoxide::handler] WS Invalid message: data did not match any variant of untagged enum Message
[2026-09-09T23:46:52.177Z WARN  chromiumoxide::handler] WS Invalid message: data did not match any variant of untagged enum Message
[2026-09-09T23:46:52.177Z WARN  chromiumoxide::handler] WS Invalid message: data did not match any variant of untagged enum Message
[2026-09-09T23:46:52.330Z WARN  chromiumoxide::handler] WS Invalid message: data did not match any variant of untagged enum Message
[2026-09-09T23:46:52.338Z WARN  chromiumoxide::handler] WS Invalid message: data did not match any variant of untagged enum Message
[2026-09-09T23:46:52.394Z WARN  chromiumoxide::handler] WS Invalid message: data did not match any variant of untagged enum Message
[2026-09-09T23:46:52.400Z WARN  chromiumoxide::handler] WS Invalid message: data did not match any variant of untagged enum Message
[2026-09-09T23:46:52.400Z WARN  chromiumoxide::handler] WS Invalid message: data did not match any variant of untagged enum Message
[2026-09-09T23:46:52.400Z WARN  chromiumoxide::handler] WS Invalid message: data did not match any variant of untagged enum Message
[2026-09-09T23:46:52.402Z WARN  chromiumoxide::handler] WS Invalid message: data did not match any variant of untagged enum Message
[2026-09-09T23:46:52.404Z WARN  chromiumoxide::handler] WS Invalid message: data did not match any variant of untagged enum Message
[2026-09-09T23:46:52.427Z WARN  chromiumoxide::handler] WS Invalid message: data did not match any variant of untagged enum Message
[2026-09-09T23:46:52.427Z WARN  chromiumoxide::handler] WS Invalid message: data did not match any variant of untagged enum Message
[2026-09-09T23:46:52.427Z WARN  chromiumoxide::handler] WS Invalid message: data did not match any variant of untagged enum Message
[2026-09-09T23:46:52.427Z WARN  chromiumoxide::handler] WS Invalid message: data did not match any variant of untagged enum Message
[2026-09-09T23:46:52.427Z WARN  chromiumoxide::handler] WS Invalid message: data did not match any variant of untagged enum Message
[2026-09-09T23:46:52.427Z WARN  chromiumoxide::handler] WS Invalid message: data did not match any variant of untagged enum Message
[2026-09-09T23:46:52.461Z WARN  chromiumoxide::handler] WS Invalid message: data did not match any variant of untagged enum Message
[2026-09-09T23:46:52.461Z WARN  chromiumoxide::handler] WS Invalid message: data did not match any variant of untagged enum Message
[2026-09-09T23:46:52.461Z WARN  chromiumoxide::handler] WS Invalid message: data did not match any variant of untagged enum Message
[2026-09-09T23:46:52.461Z WARN  chromiumoxide::handler] WS Invalid message: data did not match any variant of untagged enum Message
[2026-09-09T23:46:52.461Z WARN  chromiumoxide::handler] WS Invalid message: data did not match any variant of untagged enum Message
[2026-09-09T23:46:52.461Z WARN  chromiumoxide::handler] WS Invalid message: data did not match any variant of untagged enum Message
[2026-09-09T23:46:52.476Z WARN  chromiumoxide::handler] WS Invalid message: data did not match any variant of untagged enum Message
[2026-09-09T23:46:52.497Z WARN  chromiumoxide::handler] WS Invalid message: data did not match any variant of untagged enum Message
[2026-09-09T23:46:52.497Z WARN  chromiumoxide::handler] WS Invalid message: data did not match any variant of untagged enum Message
[2026-09-09T23:46:52.498Z WARN  chromiumoxide::handler] WS Invalid message: data did not match any variant of untagged enum Message
[2026-09-09T23:46:52.560Z WARN  chromiumoxide::handler] WS Invalid message: data did not match any variant of untagged enum Message
[2026-09-09T23:46:52.562Z WARN  chromiumoxide::handler] WS Invalid message: data did not match any variant of untagged enum Message
[2026-09-09T23:46:52.562Z WARN  chromiumoxide::handler] WS Invalid message: data did not match any variant of untagged enum Message
[2026-09-09T23:46:52.563Z WARN  chromiumoxide::handler] WS Invalid message: data did not match any variant of untagged enum Message
[2026-09-09T23:46:52.563Z WARN  chromiumoxide::handler] WS Invalid message: data did not match any variant of untagged enum Message
[2026-09-09T23:46:52.563Z WARN  chromiumoxide::handler] WS Invalid message: data did not match any variant of untagged enum Message
[2026-09-09T23:46:52.567Z WARN  chromiumoxide::handler] WS Invalid message: data did not match any variant of untagged enum Message
[2026-09-09T23:46:52.587Z WARN  chromiumoxide::handler] WS Invalid message: data did not match any variant of untagged enum Message
[2026-09-09T23:46:52.587Z WARN  chromiumoxide::handler] WS Invalid message: data did not match any variant of untagged enum Message
[2026-09-09T23:46:52.588Z WARN  chromiumoxide::handler] WS Invalid message: data did not match any variant of untagged enum Message
[2026-09-09T23:46:52.588Z WARN  chromiumoxide::handler] WS Invalid message: data did not match any variant of untagged enum Message
[2026-09-09T23:46:52.589Z WARN  chromiumoxide::handler] WS Invalid message: data did not match any variant of untagged enum Message
[2026-09-09T23:46:52.589Z WARN  chromiumoxide::handler] WS Invalid message: data did not match any variant of untagged enum Message
[2026-09-09T23:46:52.612Z WARN  chromiumoxide::handler] WS Invalid message: data did not match any variant of untagged enum Message
[2026-09-09T23:46:52.613Z WARN  chromiumoxide::handler] WS Invalid message: data did not match any variant of untagged enum Message
[2026-09-09T23:46:52.613Z WARN  chromiumoxide::handler] WS Invalid message: data did not match any variant of untagged enum Message
[2026-09-09T23:46:52.613Z WARN  chromiumoxide::handler] WS Invalid message: data did not match any variant of untagged enum Message
[2026-09-09T23:46:52.613Z WARN  chromiumoxide::handler] WS Invalid message: data did not match any variant of untagged enum Message
[2026-09-09T23:46:52.613Z WARN  chromiumoxide::handler] WS Invalid message: data did not match any variant of untagged enum Message
[2026-09-09T23:46:52.623Z WARN  chromiumoxide::handler] WS Invalid message: data did not match any variant of untagged enum Message
[2026-09-09T23:46:52.623Z WARN  chromiumoxide::handler] WS Invalid message: data did not match any variant of untagged enum Message
[2026-09-09T23:46:52.806Z WARN  chromiumoxide::handler] WS Invalid message: data did not match any variant of untagged enum Message
[2026-09-09T23:46:52.808Z WARN  chromiumoxide::handler] WS Invalid message: data did not match any variant of untagged enum Message
[2026-09-09T23:46:52.808Z WARN  chromiumoxide::handler] WS Invalid message: data did not match any variant of untagged enum Message
[2026-09-09T23:46:52.808Z WARN  chromiumoxide::handler] WS Invalid message: data did not match any variant of untagged enum Message
[2026-09-09T23:46:52.808Z WARN  chromiumoxide::handler] WS Invalid message: data did not match any variant of untagged enum Message
[2026-09-09T23:46:53.095Z WARN  chromiumoxide::handler] WS Invalid message: data did not match any variant of untagged enum Message
[2026-09-09T23:46:53.101Z WARN  chromiumoxide::handler] WS Invalid message: data did not match any variant of untagged enum Message
[2026-09-09T23:46:53.102Z WARN  chromiumoxide::handler] WS Invalid message: data did not match any variant of untagged enum Message
[2026-09-09T23:46:53.102Z WARN  chromiumoxide::handler] WS Invalid message: data did not match any variant of untagged enum Message
[2026-09-09T23:46:53.112Z WARN  chromiumoxide::handler] WS Invalid message: data did not match any variant of untagged enum Message
[2026-09-09T23:46:53.112Z WARN  chromiumoxide::handler] WS Invalid message: data did not match any variant of untagged enum Message
[2026-09-09T23:46:53.114Z WARN  chromiumoxide::handler] WS Invalid message: data did not match any variant of untagged enum Message
[2026-09-09T23:46:53.121Z WARN  chromiumoxide::handler] WS Invalid message: data did not match any variant of untagged enum Message
[2026-09-09T23:46:53.124Z WARN  chromiumoxide::handler] WS Invalid message: data did not match any variant of untagged enum Message
[2026-09-09T23:46:53.124Z WARN  chromiumoxide::handler] WS Invalid message: data did not match any variant of untagged enum Message
[2026-09-09T23:46:53.124Z WARN  chromiumoxide::handler] WS Invalid message: data did not match any variant of untagged enum Message
[2026-09-09T23:46:53.139Z WARN  chromiumoxide::handler] WS Invalid message: data did not match any variant of untagged enum Message
[2026-09-09T23:46:53.139Z WARN  chromiumoxide::handler] WS Invalid message: data did not match any variant of untagged enum Message
[2026-09-09T23:46:53.151Z WARN  chromiumoxide::handler] WS Invalid message: data did not match any variant of untagged enum Message
[2026-09-09T23:46:53.154Z WARN  chromiumoxide::handler] WS Invalid message: data did not match any variant of untagged enum Message
[2026-09-09T23:46:53.233Z WARN  chromiumoxide::handler] WS Invalid message: data did not match any variant of untagged enum Message
[2026-09-09T23:46:53.233Z WARN  chromiumoxide::handler] WS Invalid message: data did not match any variant of untagged enum Message
[2026-09-09T23:46:53.233Z WARN  chromiumoxide::handler] WS Invalid message: data did not match any variant of untagged enum Message
[2026-09-09T23:46:53.233Z WARN  chromiumoxide::handler] WS Invalid message: data did not match any variant of untagged enum Message
[2026-09-09T23:46:53.234Z WARN  chromiumoxide::handler] WS Invalid message: data did not match any variant of untagged enum Message
[2026-09-09T23:46:53.234Z WARN  chromiumoxide::handler] WS Invalid message: data did not match any variant of untagged enum Message
[2026-09-09T23:46:53.454Z WARN  chromiumoxide::handler] WS Invalid message: data did not match any variant of untagged enum Message
[2026-09-09T23:46:53.454Z WARN  chromiumoxide::handler] WS Invalid message: data did not match any variant of untagged enum Message
[2026-09-09T23:46:53.454Z WARN  chromiumoxide::handler] WS Invalid message: data did not match any variant of untagged enum Message
[2026-09-09T23:46:53.455Z WARN  chromiumoxide::handler] WS Invalid message: data did not match any variant of untagged enum Message
[2026-09-09T23:46:53.489Z WARN  chromiumoxide::handler] WS Invalid message: data did not match any variant of untagged enum Message
[2026-09-09T23:46:53.489Z WARN  chromiumoxide::handler] WS Invalid message: data did not match any variant of untagged enum Message
[2026-09-09T23:46:53.489Z WARN  chromiumoxide::handler] WS Invalid message: data did not match any variant of untagged enum Message
[2026-09-09T23:46:53.490Z WARN  chromiumoxide::handler] WS Invalid message: data did not match any variant of untagged enum Message
[2026-09-09T23:46:53.490Z WARN  chromiumoxide::handler] WS Invalid message: data did not match any variant of untagged enum Message
[2026-09-09T23:46:53.490Z WARN  chromiumoxide::handler] WS Invalid message: data did not match any variant of untagged enum Message
[2026-09-09T23:46:53.490Z WARN  chromiumoxide::handler] WS Invalid message: data did not match any variant of untagged enum Message
[2026-09-09T23:46:53.490Z WARN  chromiumoxide::handler] WS Invalid message: data did not match any variant of untagged enum Message
[2026-09-09T23:46:53.573Z WARN  chromiumoxide::handler] WS Invalid message: data did not match any variant of untagged enum Message
[2026-09-09T23:46:53.575Z WARN  chromiumoxide::handler] WS Invalid message: data did not match any variant of untagged enum Message
[2026-09-09T23:46:53.577Z WARN  chromiumoxide::handler] WS Invalid message: data did not match any variant of untagged enum Message
[2026-09-09T23:46:53.577Z WARN  chromiumoxide::handler] WS Invalid message: data did not match any variant of untagged enum Message
[2026-09-09T23:46:53.577Z WARN  chromiumoxide::handler] WS Invalid message: data did not match any variant of untagged enum Message
[2026-09-09T23:46:53.647Z WARN  chromiumoxide::handler] WS Invalid message: data did not match any variant of untagged enum Message
[2026-09-09T23:46:53.648Z WARN  chromiumoxide::handler] WS Invalid message: data did not match any variant of untagged enum Message
[2026-09-09T23:46:53.690Z WARN  chromiumoxide::handler] WS Invalid message: data did not match any variant of untagged enum Message
[2026-09-09T23:46:53.717Z WARN  chromiumoxide::handler] WS Invalid message: data did not match any variant of untagged enum Message
[2026-09-09T23:46:53.724Z WARN  chromiumoxide::handler] WS Invalid message: data did not match any variant of untagged enum Message
[2026-09-09T23:46:53.724Z WARN  chromiumoxide::handler] WS Invalid message: data did not match any variant of untagged enum Message
[2026-09-09T23:46:53.725Z WARN  chromiumoxide::handler] WS Invalid message: data did not match any variant of untagged enum Message
[2026-09-09T23:46:53.725Z WARN  chromiumoxide::handler] WS Invalid message: data did not match any variant of untagged enum Message
[2026-09-09T23:46:53.725Z WARN  chromiumoxide::handler] WS Invalid message: data did not match any variant of untagged enum Message
[2026-09-09T23:46:53.725Z WARN  chromiumoxide::handler] WS Invalid message: data did not match any variant of untagged enum Message
[2026-09-09T23:46:53.744Z WARN  chromiumoxide::handler] WS Invalid message: data did not match any variant of untagged enum Message
[2026-09-09T23:46:53.745Z WARN  chromiumoxide::handler] WS Invalid message: data did not match any variant of untagged enum Message
[2026-09-09T23:46:53.745Z WARN  chromiumoxide::handler] WS Invalid message: data did not match any variant of untagged enum Message
[2026-09-09T23:46:53.745Z WARN  chromiumoxide::handler] WS Invalid message: data did not match any variant of untagged enum Message
[2026-09-09T23:46:53.745Z WARN  chromiumoxide::handler] WS Invalid message: data did not match any variant of untagged enum Message
[2026-09-09T23:46:53.761Z WARN  chromiumoxide::handler] WS Invalid message: data did not match any variant of untagged enum Message
[2026-09-09T23:46:53.768Z WARN  chromiumoxide::handler] WS Invalid message: data did not match any variant of untagged enum Message
[2026-09-09T23:46:53.806Z WARN  chromiumoxide::handler] WS Invalid message: data did not match any variant of untagged enum Message
[2026-09-09T23:46:53.904Z WARN  chromiumoxide::handler] WS Invalid message: data did not match any variant of untagged enum Message
[2026-09-09T23:46:53.904Z WARN  chromiumoxide::handler] WS Invalid message: data did not match any variant of untagged enum Message
[2026-09-09T23:46:53.926Z WARN  chromiumoxide::handler] WS Invalid message: data did not match any variant of untagged enum Message
[2026-09-09T23:46:53.926Z WARN  chromiumoxide::handler] WS Invalid message: data did not match any variant of untagged enum Message
[2026-09-09T23:46:53.926Z WARN  chromiumoxide::handler] WS Invalid message: data did not match any variant of untagged enum Message
[2026-09-09T23:46:53.926Z WARN  chromiumoxide::handler] WS Invalid message: data did not match any variant of untagged enum Message
[2026-09-09T23:46:53.977Z WARN  chromiumoxide::handler] WS Invalid message: data did not match any variant of untagged enum Message
[2026-09-09T23:46:54.350Z WARN  chromiumoxide::handler] WS Invalid message: data did not match any variant of untagged enum Message
[2026-09-09T23:46:54.365Z WARN  chromiumoxide::handler] WS Invalid message: data did not match any variant of untagged enum Message
[2026-09-09T23:46:54.677Z WARN  chromiumoxide::handler] WS Invalid message: data did not match any variant of untagged enum Message
[2026-09-09T23:46:54.777Z WARN  chromiumoxide::handler] WS Invalid message: data did not match any variant of untagged enum Message
[2026-09-09T23:46:54.777Z WARN  chromiumoxide::handler] WS Invalid message: data did not match any variant of untagged enum Message
[2026-09-09T23:46:54.800Z WARN  chromiumoxide::handler] WS Invalid message: data did not match any variant of untagged enum Message
[2026-09-09T23:46:54.800Z WARN  chromiumoxide::handler] WS Invalid message: data did not match any variant of untagged enum Message
[2026-09-09T23:46:54.812Z WARN  chromiumoxide::handler] WS Invalid message: data did not match any variant of untagged enum Message
[2026-09-09T23:46:54.813Z WARN  chromiumoxide::handler] WS Invalid message: data did not match any variant of untagged enum Message
[2026-09-09T23:46:55.595Z WARN  chromiumoxide::handler] WS Invalid message: data did not match any variant of untagged enum Message
[2026-09-09T23:46:56.029Z WARN  chromiumoxide::handler] WS Invalid message: data did not match any variant of untagged enum Message
[2026-09-09T23:46:56.547Z WARN  chromiumoxide::handler] WS Invalid message: data did not match any variant of untagged enum Message
[2026-09-09T23:46:56.547Z WARN  chromiumoxide::handler] WS Invalid message: data did not match any variant of untagged enum Message
[2026-09-09T23:46:58.320Z WARN  chromiumoxide::handler] WS Invalid message: data did not match any variant of untagged enum Message
[2026-09-09T23:46:58.320Z WARN  chromiumoxide::handler] WS Invalid message: data did not match any variant of untagged enum Message
[2026-09-09T23:46:58.320Z WARN  chromiumoxide::handler] WS Invalid message: data did not match any variant of untagged enum Message
[2026-09-09T23:46:58.477Z WARN  chromiumoxide::handler] WS Invalid message: data did not match any variant of untagged enum Message
[2026-09-09T23:46:58.477Z WARN  chromiumoxide::handler] WS Invalid message: data did not match any variant of untagged enum Message
[2026-09-09T23:46:58.481Z WARN  chromiumoxide::handler] WS Invalid message: data did not match any variant of untagged enum Message
{"level":30,"time":1788997618481,"pid":161849,"hostname":"vps-15cf2c41","reqId":"req-2x","req":{"method":"GET","url":"/api/v1/workspace/meta","host":"127.0.0.1:6440","remoteAddress":"127.0.0.1","remotePort":43716},"msg":"incoming request"}
{"level":30,"time":1788997618482,"pid":161849,"hostname":"vps-15cf2c41","reqId":"req-2x","res":{"statusCode":200},"responseTime":0.9223819999897387,"msg":"request completed"}
[2026-09-09T23:46:58.486Z WARN  chromiumoxide::handler] WS Invalid message: data did not match any variant of untagged enum Message
{"level":30,"time":1788997618488,"pid":161849,"hostname":"vps-15cf2c41","reqId":"req-2y","req":{"method":"GET","url":"/api/v1/workspace/meta","host":"127.0.0.1:6440","remoteAddress":"127.0.0.1","remotePort":43730},"msg":"incoming request"}
{"level":30,"time":1788997618488,"pid":161849,"hostname":"vps-15cf2c41","reqId":"req-2y","res":{"statusCode":200},"responseTime":0.4440409999951953,"msg":"request completed"}
[2026-09-09T23:46:58.580Z WARN  chromiumoxide::handler] WS Invalid message: data did not match any variant of untagged enum Message
{"level":30,"time":1788997618580,"pid":161849,"hostname":"vps-15cf2c41","reqId":"req-2z","req":{"method":"GET","url":"/api/v1/tree?path=.","host":"127.0.0.1:6440","remoteAddress":"127.0.0.1","remotePort":43732},"msg":"incoming request"}
[2026-09-09T23:46:58.584Z WARN  chromiumoxide::handler] WS Invalid message: data did not match any variant of untagged enum Message
{"level":30,"time":1788997618587,"pid":161849,"hostname":"vps-15cf2c41","reqId":"req-30","req":{"method":"PUT","url":"/api/v1/ui/state","host":"127.0.0.1:6440","remoteAddress":"127.0.0.1","remotePort":43734},"msg":"incoming request"}
{"level":30,"time":1788997618588,"pid":161849,"hostname":"vps-15cf2c41","reqId":"req-30","res":{"statusCode":204},"responseTime":1.7157060000026831,"msg":"request completed"}
[2026-09-09T23:46:58.590Z WARN  chromiumoxide::handler] WS Invalid message: data did not match any variant of untagged enum Message
{"level":30,"time":1788997618594,"pid":161849,"hostname":"vps-15cf2c41","reqId":"req-31","req":{"method":"GET","url":"/api/v1/filesystems","host":"127.0.0.1:6440","remoteAddress":"127.0.0.1","remotePort":43748},"msg":"incoming request"}
{"level":30,"time":1788997618596,"pid":161849,"hostname":"vps-15cf2c41","reqId":"req-31","res":{"statusCode":200},"responseTime":1.0768020000105025,"msg":"request completed"}
{"level":30,"time":1788997618598,"pid":161849,"hostname":"vps-15cf2c41","reqId":"req-2z","res":{"statusCode":200},"responseTime":17.227851000003284,"msg":"request completed"}
[2026-09-09T23:46:58.606Z WARN  chromiumoxide::handler] WS Invalid message: data did not match any variant of untagged enum Message
{"level":30,"time":1788997618608,"pid":161849,"hostname":"vps-15cf2c41","reqId":"req-32","req":{"method":"GET","url":"/api/v1/agents","host":"127.0.0.1:6440","remoteAddress":"127.0.0.1","remotePort":43756},"msg":"incoming request"}
[2026-09-09T23:46:58.609Z WARN  chromiumoxide::handler] WS Invalid message: data did not match any variant of untagged enum Message
[2026-09-09T23:46:58.611Z WARN  chromiumoxide::handler] WS Invalid message: data did not match any variant of untagged enum Message
{"level":30,"time":1788997618609,"pid":161849,"hostname":"vps-15cf2c41","reqId":"req-32","res":{"statusCode":200},"responseTime":0.7395040000119479,"msg":"request completed"}
{"level":30,"time":1788997618613,"pid":161849,"hostname":"vps-15cf2c41","reqId":"req-33","req":{"method":"GET","url":"/api/v1/tree?path=.","host":"127.0.0.1:6440","remoteAddress":"127.0.0.1","remotePort":43764},"msg":"incoming request"}
[2026-09-09T23:46:58.615Z WARN  chromiumoxide::handler] WS Invalid message: data did not match any variant of untagged enum Message
{"level":30,"time":1788997618616,"pid":161849,"hostname":"vps-15cf2c41","reqId":"req-34","req":{"method":"PUT","url":"/api/v1/ui/state","host":"127.0.0.1:6440","remoteAddress":"127.0.0.1","remotePort":43776},"msg":"incoming request"}
{"level":30,"time":1788997618617,"pid":161849,"hostname":"vps-15cf2c41","reqId":"req-34","res":{"statusCode":204},"responseTime":0.9193599999998696,"msg":"request completed"}
{"level":30,"time":1788997618619,"pid":161849,"hostname":"vps-15cf2c41","reqId":"req-35","req":{"method":"GET","url":"/api/v1/filesystems","host":"127.0.0.1:6440","remoteAddress":"127.0.0.1","remotePort":43790},"msg":"incoming request"}
{"level":30,"time":1788997618620,"pid":161849,"hostname":"vps-15cf2c41","reqId":"req-35","res":{"statusCode":200},"responseTime":0.9658019999915268,"msg":"request completed"}
{"level":30,"time":1788997618624,"pid":161849,"hostname":"vps-15cf2c41","reqId":"req-33","res":{"statusCode":200},"responseTime":10.243266999998013,"msg":"request completed"}
00:00.000 Waiting
[2026-09-09T23:46:58.726Z WARN  chromiumoxide::handler] WS Invalid message: data did not match any variant of untagged enum Message
[2026-09-09T23:46:58.727Z WARN  chromiumoxide::handler] WS Invalid message: data did not match any variant of untagged enum Message
[2026-09-09T23:46:58.729Z WARN  chromiumoxide::handler] WS Invalid message: data did not match any variant of untagged enum Message
{"level":30,"time":1788997618732,"pid":161849,"hostname":"vps-15cf2c41","reqId":"req-36","req":{"method":"GET","url":"/api/v1/fs/events?workspaceId=workspace","host":"127.0.0.1:6440","remoteAddress":"127.0.0.1","remotePort":43798},"msg":"incoming request"}
{"level":30,"time":1788997618734,"pid":161849,"hostname":"vps-15cf2c41","reqId":"req-37","req":{"method":"GET","url":"/api/v1/ui/commands/next?workspaceId=workspace","host":"127.0.0.1:6440","remoteAddress":"127.0.0.1","remotePort":43804},"msg":"incoming request"}
{"level":30,"time":1788997618739,"pid":161849,"hostname":"vps-15cf2c41","reqId":"req-38","req":{"method":"GET","url":"/api/v1/ui/state","host":"127.0.0.1:6440","remoteAddress":"127.0.0.1","remotePort":43818},"msg":"incoming request"}
{"level":30,"time":1788997618739,"pid":161849,"hostname":"vps-15cf2c41","reqId":"req-38","res":{"statusCode":200},"responseTime":0.5252299999992829,"msg":"request completed"}
[2026-09-09T23:46:58.772Z WARN  chromiumoxide::handler] WS Invalid message: data did not match any variant of untagged enum Message
[2026-09-09T23:46:58.774Z WARN  chromiumoxide::handler] WS Invalid message: data did not match any variant of untagged enum Message
[2026-09-09T23:46:58.774Z WARN  chromiumoxide::handler] WS Invalid message: data did not match any variant of untagged enum Message
{"level":30,"time":1788997618775,"pid":161849,"hostname":"vps-15cf2c41","reqId":"req-39","req":{"method":"GET","url":"/api/v1/agents/alpha/sessions?limit=50&archived=active","host":"127.0.0.1:6440","remoteAddress":"127.0.0.1","remotePort":43820},"msg":"incoming request"}
{"level":30,"time":1788997618778,"pid":161849,"hostname":"vps-15cf2c41","reqId":"req-3a","req":{"method":"GET","url":"/api/v1/agents/alpha/ready-status","host":"127.0.0.1:6440","remoteAddress":"127.0.0.1","remotePort":43830},"msg":"incoming request"}
{"level":30,"time":1788997618781,"pid":161849,"hostname":"vps-15cf2c41","reqId":"req-3b","req":{"method":"GET","url":"/api/v1/tree?path=.","host":"127.0.0.1:6440","remoteAddress":"127.0.0.1","remotePort":43834},"msg":"incoming request"}
{"level":30,"time":1788997618787,"pid":161849,"hostname":"vps-15cf2c41","reqId":"req-3b","res":{"statusCode":200},"responseTime":5.19999700000335,"msg":"request completed"}
{"level":30,"time":1788997618797,"pid":161849,"hostname":"vps-15cf2c41","reqId":"req-3a","res":{"statusCode":200},"responseTime":18.61142600000312,"msg":"request completed"}
{"level":30,"time":1788997618798,"pid":161849,"hostname":"vps-15cf2c41","reqId":"req-39","res":{"statusCode":200},"responseTime":23.053662000005716,"msg":"request completed"}
[2026-09-09T23:46:58.798Z WARN  chromiumoxide::handler] WS Invalid message: data did not match any variant of untagged enum Message
{"level":30,"time":1788997618802,"pid":161849,"hostname":"vps-15cf2c41","reqId":"req-3c","req":{"method":"GET","url":"/api/v1/tree?path=.","host":"127.0.0.1:6440","remoteAddress":"127.0.0.1","remotePort":43850},"msg":"incoming request"}
{"level":30,"time":1788997618810,"pid":161849,"hostname":"vps-15cf2c41","reqId":"req-3c","res":{"statusCode":200},"responseTime":7.299849000002723,"msg":"request completed"}
{"level":30,"time":1788997618814,"pid":161849,"hostname":"vps-15cf2c41","reqId":"req-3d","req":{"method":"GET","url":"/api/v1/agents/alpha/ready-status","host":"127.0.0.1:6440","remoteAddress":"127.0.0.1","remotePort":43860},"msg":"incoming request"}
{"level":30,"time":1788997618816,"pid":161849,"hostname":"vps-15cf2c41","reqId":"req-3e","req":{"method":"GET","url":"/api/v1/agents/alpha/sessions?limit=50&archived=active","host":"127.0.0.1:6440","remoteAddress":"127.0.0.1","remotePort":43874},"msg":"incoming request"}
[2026-09-09T23:46:58.820Z WARN  chromiumoxide::handler] WS Invalid message: data did not match any variant of untagged enum Message
[2026-09-09T23:46:58.821Z WARN  chromiumoxide::handler] WS Invalid message: data did not match any variant of untagged enum Message
[2026-09-09T23:46:58.829Z WARN  chromiumoxide::handler] WS Invalid message: data did not match any variant of untagged enum Message
{"level":30,"time":1788997618831,"pid":161849,"hostname":"vps-15cf2c41","reqId":"req-3d","res":{"statusCode":200},"responseTime":17.0612140000012,"msg":"request completed"}
{"level":30,"time":1788997618839,"pid":161849,"hostname":"vps-15cf2c41","reqId":"req-3f","req":{"method":"GET","url":"/api/v1/ui/state","host":"127.0.0.1:6440","remoteAddress":"127.0.0.1","remotePort":43876},"msg":"incoming request"}
{"level":30,"time":1788997618840,"pid":161849,"hostname":"vps-15cf2c41","reqId":"req-3f","res":{"statusCode":200},"responseTime":0.6643299999996088,"msg":"request completed"}
{"level":30,"time":1788997618841,"pid":161849,"hostname":"vps-15cf2c41","reqId":"req-3e","res":{"statusCode":200},"responseTime":24.139391000004252,"msg":"request completed"}
00:00.189 Clicking <button> (x: 28.0, y: 30.0)
[2026-09-09T23:46:58.923Z WARN  chromiumoxide::handler] WS Invalid message: data did not match any variant of untagged enum Message
{"level":30,"time":1788997618924,"pid":161849,"hostname":"vps-15cf2c41","reqId":"req-3g","req":{"method":"POST","url":"/api/v1/workspace-bridge/call","host":"127.0.0.1:6440","remoteAddress":"127.0.0.1","remotePort":43878},"msg":"incoming request"}
{"level":30,"time":1788997618926,"pid":161849,"hostname":"vps-15cf2c41","reqId":"req-3g","res":{"statusCode":200},"responseTime":1.2127879999898141,"msg":"request completed"}
{"level":30,"time":1788997619035,"pid":161849,"hostname":"vps-15cf2c41","reqId":"req-3h","req":{"method":"GET","url":"/api/v1/agents/alpha/sessions?limit=50&archived=archived","host":"127.0.0.1:6440","remoteAddress":"127.0.0.1","remotePort":43882},"msg":"incoming request"}
[2026-09-09T23:46:59.036Z WARN  chromiumoxide::handler] WS Invalid message: data did not match any variant of untagged enum Message
{"level":30,"time":1788997619054,"pid":161849,"hostname":"vps-15cf2c41","reqId":"req-3h","res":{"statusCode":200},"responseTime":18.798985000001267,"msg":"request completed"}
[2026-09-09T23:46:59.195Z WARN  chromiumoxide::handler] WS Invalid message: data did not match any variant of untagged enum Message
[2026-09-09T23:46:59.217Z WARN  chromiumoxide::handler] WS Invalid message: data did not match any variant of untagged enum Message
{"level":30,"time":1788997619220,"pid":161849,"hostname":"vps-15cf2c41","reqId":"req-3i","req":{"method":"GET","url":"/api/v1/agents/session-activity/events?workspaceId=workspace","host":"127.0.0.1:6440","remoteAddress":"127.0.0.1","remotePort":43886},"msg":"incoming request"}
00:00.566 Clicking <button> (x: 166.7, y: 82.0, content: "Search⌘K")
00:00.865 Typing no-matching-fixture-command (delay: 0ms)
00:01.926 Pressing Escape (code: 27)
00:02.239 Waiting
{"level":30,"time":1788997621036,"pid":161849,"hostname":"vps-15cf2c41","reqId":"req-3j","req":{"method":"POST","url":"/api/v1/agents/alpha/sessions","host":"127.0.0.1:6440","remoteAddress":"127.0.0.1","remotePort":43896},"msg":"incoming request"}
[2026-09-09T23:47:01.043Z WARN  chromiumoxide::handler] WS Invalid message: data did not match any variant of untagged enum Message
{"level":30,"time":1788997621074,"pid":161849,"hostname":"vps-15cf2c41","reqId":"req-3j","res":{"statusCode":201},"responseTime":37.45609799999511,"msg":"request completed"}
{"level":30,"time":1788997621106,"pid":161849,"hostname":"vps-15cf2c41","reqId":"req-3k","req":{"method":"GET","url":"/api/v1/agents/alpha/sessions?limit=50&archived=active","host":"127.0.0.1:6440","remoteAddress":"127.0.0.1","remotePort":43906},"msg":"incoming request"}
[2026-09-09T23:47:01.107Z WARN  chromiumoxide::handler] WS Invalid message: data did not match any variant of untagged enum Message
[2026-09-09T23:47:01.159Z WARN  chromiumoxide::handler] WS Invalid message: data did not match any variant of untagged enum Message
{"level":30,"time":1788997621168,"pid":161849,"hostname":"vps-15cf2c41","reqId":"req-3l","req":{"method":"GET","url":"/api/v1/ui/state","host":"127.0.0.1:6440","remoteAddress":"127.0.0.1","remotePort":43922},"msg":"incoming request"}
{"level":30,"time":1788997621169,"pid":161849,"hostname":"vps-15cf2c41","reqId":"req-3l","res":{"statusCode":200},"responseTime":1.2567149999958929,"msg":"request completed"}
[2026-09-09T23:47:01.196Z WARN  chromiumoxide::handler] WS Invalid message: data did not match any variant of untagged enum Message
{"level":30,"time":1788997621202,"pid":161849,"hostname":"vps-15cf2c41","reqId":"req-3m","req":{"method":"POST","url":"/api/v1/workspace-bridge/call","host":"127.0.0.1:6440","remoteAddress":"127.0.0.1","remotePort":43930},"msg":"incoming request"}
{"level":30,"time":1788997621205,"pid":161849,"hostname":"vps-15cf2c41","reqId":"req-3m","res":{"statusCode":200},"responseTime":2.5599610000062967,"msg":"request completed"}
{"level":30,"time":1788997621217,"pid":161849,"hostname":"vps-15cf2c41","reqId":"req-3k","res":{"statusCode":200},"responseTime":111.04320899999584,"msg":"request completed"}
[2026-09-09T23:47:01.238Z WARN  chromiumoxide::handler] WS Invalid message: data did not match any variant of untagged enum Message
{"level":30,"time":1788997621241,"pid":161849,"hostname":"vps-15cf2c41","reqId":"req-3n","req":{"method":"GET","url":"/api/v1/agents/alpha/sessions?limit=50&archived=archived","host":"127.0.0.1:6440","remoteAddress":"127.0.0.1","remotePort":43932},"msg":"incoming request"}
{"level":30,"time":1788997621287,"pid":161849,"hostname":"vps-15cf2c41","reqId":"req-3n","res":{"statusCode":200},"responseTime":46.12369300000137,"msg":"request completed"}
00:02.740 Clicking <button> (x: 28.0, y: 30.0)
[2026-09-09T23:47:01.499Z WARN  chromiumoxide::handler] WS Invalid message: data did not match any variant of untagged enum Message
{"level":30,"time":1788997621501,"pid":161849,"hostname":"vps-15cf2c41","reqId":"req-3o","req":{"method":"GET","url":"/api/v1/agents/session-activity/events?workspaceId=workspace","host":"127.0.0.1:6440","remoteAddress":"127.0.0.1","remotePort":43936},"msg":"incoming request"}
[2026-09-09T23:47:01.684Z WARN  chromiumoxide::handler] WS Invalid message: data did not match any variant of untagged enum Message
{"level":30,"time":1788997621686,"pid":161849,"hostname":"vps-15cf2c41","reqId":"req-3p","req":{"method":"GET","url":"/api/v1/agents/alpha/models","host":"127.0.0.1:6440","remoteAddress":"127.0.0.1","remotePort":43950},"msg":"incoming request"}
{"level":30,"time":1788997621699,"pid":161849,"hostname":"vps-15cf2c41","reqId":"req-3q","req":{"method":"GET","url":"/api/v1/agents/alpha/commands?sessionId=scripted-3","host":"127.0.0.1:6440","remoteAddress":"127.0.0.1","remotePort":43960},"msg":"incoming request"}
{"level":30,"time":1788997621706,"pid":161849,"hostname":"vps-15cf2c41","reqId":"req-3r","req":{"method":"GET","url":"/api/v1/workspace/meta","host":"127.0.0.1:6440","remoteAddress":"127.0.0.1","remotePort":43966},"msg":"incoming request"}
[2026-09-09T23:47:01.707Z WARN  chromiumoxide::handler] WS Invalid message: data did not match any variant of untagged enum Message
[2026-09-09T23:47:01.711Z WARN  chromiumoxide::handler] WS Invalid message: data did not match any variant of untagged enum Message
{"level":30,"time":1788997621710,"pid":161849,"hostname":"vps-15cf2c41","reqId":"req-3r","res":{"statusCode":200},"responseTime":3.8628129999997327,"msg":"request completed"}
[2026-09-09T23:47:01.733Z WARN  chromiumoxide::handler] WS Invalid message: data did not match any variant of untagged enum Message
{"level":30,"time":1788997621742,"pid":161849,"hostname":"vps-15cf2c41","reqId":"req-3p","res":{"statusCode":200},"responseTime":55.43310100000235,"msg":"request completed"}
{"level":30,"time":1788997621749,"pid":161849,"hostname":"vps-15cf2c41","reqId":"req-3s","req":{"method":"GET","url":"/api/v1/workspace/meta","host":"127.0.0.1:6440","remoteAddress":"127.0.0.1","remotePort":43972},"msg":"incoming request"}
{"level":30,"time":1788997621755,"pid":161849,"hostname":"vps-15cf2c41","reqId":"req-3s","res":{"statusCode":200},"responseTime":0.7715360000001965,"msg":"request completed"}
{"level":30,"time":1788997621761,"pid":161849,"hostname":"vps-15cf2c41","reqId":"req-3t","req":{"method":"GET","url":"/api/v1/agents/alpha/models","host":"127.0.0.1:6440","remoteAddress":"127.0.0.1","remotePort":43982},"msg":"incoming request"}
[2026-09-09T23:47:01.759Z WARN  chromiumoxide::handler] WS Invalid message: data did not match any variant of untagged enum Message
{"level":30,"time":1788997621770,"pid":161849,"hostname":"vps-15cf2c41","reqId":"req-3q","res":{"statusCode":200},"responseTime":71.10123699999531,"msg":"request completed"}
[2026-09-09T23:47:01.784Z WARN  chromiumoxide::handler] WS Invalid message: data did not match any variant of untagged enum Message
{"level":30,"time":1788997621785,"pid":161849,"hostname":"vps-15cf2c41","reqId":"req-3u","req":{"method":"GET","url":"/api/v1/agents/alpha/commands?sessionId=scripted-3","host":"127.0.0.1:6440","remoteAddress":"127.0.0.1","remotePort":43994},"msg":"incoming request"}
{"level":30,"time":1788997621808,"pid":161849,"hostname":"vps-15cf2c41","reqId":"req-3t","res":{"statusCode":200},"responseTime":45.76344800001243,"msg":"request completed"}
{"level":30,"time":1788997621832,"pid":161849,"hostname":"vps-15cf2c41","reqId":"req-3u","res":{"statusCode":200},"responseTime":46.88276700000279,"msg":"request completed"}
{"level":30,"time":1788997621916,"pid":161849,"hostname":"vps-15cf2c41","reqId":"req-3v","req":{"method":"GET","url":"/api/v1/agents/alpha/commands?sessionId=scripted-3","host":"127.0.0.1:6440","remoteAddress":"127.0.0.1","remotePort":44000},"msg":"incoming request"}
[2026-09-09T23:47:01.931Z WARN  chromiumoxide::handler] WS Invalid message: data did not match any variant of untagged enum Message
{"level":30,"time":1788997622014,"pid":161849,"hostname":"vps-15cf2c41","reqId":"req-3v","res":{"statusCode":200},"responseTime":98.16188800000236,"msg":"request completed"}
{"level":30,"time":1788997622017,"pid":161849,"hostname":"vps-15cf2c41","reqId":"req-3w","req":{"method":"GET","url":"/api/v1/agents/alpha/sessions/scripted-3/state","host":"127.0.0.1:6440","remoteAddress":"127.0.0.1","remotePort":44006},"msg":"incoming request"}
[2026-09-09T23:47:02.052Z WARN  chromiumoxide::handler] WS Invalid message: data did not match any variant of untagged enum Message
{"level":30,"time":1788997622151,"pid":161849,"hostname":"vps-15cf2c41","reqId":"req-3w","res":{"statusCode":200},"responseTime":133.53364700000384,"msg":"request completed"}
{"level":30,"time":1788997622412,"pid":161849,"hostname":"vps-15cf2c41","reqId":"req-3x","req":{"method":"GET","url":"/api/v1/agents/alpha/models","host":"127.0.0.1:6440","remoteAddress":"127.0.0.1","remotePort":44020},"msg":"incoming request"}
{"level":30,"time":1788997622421,"pid":161849,"hostname":"vps-15cf2c41","reqId":"req-3y","req":{"method":"GET","url":"/api/v1/agents/alpha/sessions/scripted-3/events?cursor=0","host":"127.0.0.1:6440","remoteAddress":"127.0.0.1","remotePort":44026},"msg":"incoming request"}
[2026-09-09T23:47:02.421Z WARN  chromiumoxide::handler] WS Invalid message: data did not match any variant of untagged enum Message
[2026-09-09T23:47:02.421Z WARN  chromiumoxide::handler] WS Invalid message: data did not match any variant of untagged enum Message
{"level":30,"time":1788997622442,"pid":161849,"hostname":"vps-15cf2c41","reqId":"req-3x","res":{"statusCode":200},"responseTime":28.822035999997752,"msg":"request completed"}
00:03.757 Waiting
00:03.938 Waiting
[2026-09-09T23:47:02.998Z WARN  chromiumoxide::handler] WS Invalid message: data did not match any variant of untagged enum Message
[2026-09-09T23:47:03.008Z WARN  chromiumoxide::handler] WS Invalid message: data did not match any variant of untagged enum Message
{"level":30,"time":1788997623000,"pid":161849,"hostname":"vps-15cf2c41","reqId":"req-3z","req":{"method":"PUT","url":"/api/v1/ui/state","host":"127.0.0.1:6440","remoteAddress":"127.0.0.1","remotePort":44036},"msg":"incoming request"}
{"level":30,"time":1788997623013,"pid":161849,"hostname":"vps-15cf2c41","reqId":"req-3z","res":{"statusCode":204},"responseTime":2.09705299999041,"msg":"request completed"}
{"level":30,"time":1788997623021,"pid":161849,"hostname":"vps-15cf2c41","reqId":"req-40","req":{"method":"GET","url":"/api/v1/agents/alpha/commands?sessionId=scripted-3","host":"127.0.0.1:6440","remoteAddress":"127.0.0.1","remotePort":44050},"msg":"incoming request"}
{"level":30,"time":1788997623046,"pid":161849,"hostname":"vps-15cf2c41","reqId":"req-40","res":{"statusCode":200},"responseTime":24.482516999996733,"msg":"request completed"}
00:04.399 Waiting
00:04.482 Waiting
00:04.810 Waiting
00:05.134 Waiting
00:05.444 Clicking <button> (x: 199.4, y: 23.5)
00:05.779 Clicking <button> (x: 199.4, y: 23.5)
00:06.094 Waiting
00:06.409 Waiting
00:06.716 Clicking <button> (x: 199.4, y: 23.5)
00:07.038 Clicking <button> (x: 199.4, y: 23.5)
00:07.379 Waiting
00:07.715 Waiting
00:08.062 Clicking <button> (x: 199.4, y: 23.5)
00:08.457 Clicking <button> (x: 199.4, y: 23.5)
00:08.811 Clicking <button> (x: 199.4, y: 23.5)
00:09.147 Waiting
00:09.454 Clicking <button> (x: 199.4, y: 23.5)
00:09.813 Clicking <button> (x: 199.4, y: 23.5)
00:10.205 Clicking <button> (x: 199.4, y: 23.5)
00:10.536 Clicking <button> (x: 199.4, y: 23.5)
00:10.865 Waiting
00:11.170 Clicking <button> (x: 199.4, y: 23.5)
00:11.518 Clicking <button> (x: 199.4, y: 23.5)
00:11.852 Clicking <button> (x: 199.4, y: 23.5)
00:12.173 Waiting
00:12.476 Clicking <button> (x: 199.4, y: 23.5)
00:12.804 Waiting
00:13.105 Clicking <button> (x: 199.4, y: 23.5)
00:13.430 Waiting
00:13.752 Clicking <button> (x: 199.4, y: 23.5)
00:14.102 Waiting
00:14.484 Clicking <button> (x: 199.4, y: 23.5)
00:14.827 Clicking <button> (x: 199.4, y: 23.5)
00:15.205 Waiting
00:15.535 Clicking <button> (x: 199.4, y: 23.5)
00:15.849 Clicking <button> (x: 199.4, y: 23.5)
00:16.153 Clicking <button> (x: 199.4, y: 23.5)
00:16.463 Waiting
00:16.760 Waiting
00:17.069 Clicking <button> (x: 199.4, y: 23.5)
00:17.386 Waiting
00:17.685 Clicking <button> (x: 199.4, y: 23.5)
00:17.999 Clicking <button> (x: 199.4, y: 23.5)
00:18.324 Clicking <button> (x: 199.4, y: 23.5)
00:18.646 Waiting
00:18.959 Waiting
00:19.269 Waiting
00:19.581 Clicking <button> (x: 199.4, y: 23.5)
00:19.896 Clicking <button> (x: 199.4, y: 23.5)
00:20.217 Clicking <button> (x: 199.4, y: 23.5)
00:20.547 Clicking <button> (x: 199.4, y: 23.5)
00:20.866 Clicking <button> (x: 199.4, y: 23.5)

Test finished after time limit!

Inspect the test results using:

  bombadil browser inspect /dev/shm/cpr-dd3/boring-ui-review-run.9eatbI/explore-mobile.YUXUWc

Reproduce this test using:

  bombadil browser test http://127.0.0.1:6430/?fresh=1 <sandbox-root>/tools/ui-review/src/review-specs/workspace-command-palette/bombadil.spec.ts --width 390 --height 844 --headless --no-sandbox --reproduce /dev/shm/cpr-dd3/boring-ui-review-run.9eatbI/explore-mobile.YUXUWc

{"level":30,"time":1788997639953,"pid":161849,"hostname":"vps-15cf2c41","reqId":"req-3y","res":{"statusCode":200},"msg":"stream closed prematurely"}
[2026-09-09T23:47:23.560Z WARN  chromiumoxide::handler] WS Invalid message: data did not match any variant of untagged enum Message
[2026-09-09T23:47:23.564Z WARN  chromiumoxide::handler] WS Invalid message: data did not match any variant of untagged enum Message
[2026-09-09T23:47:23.565Z WARN  chromiumoxide::handler] WS Invalid message: data did not match any variant of untagged enum Message
[2026-09-09T23:47:23.600Z WARN  chromiumoxide::handler] WS Invalid message: data did not match any variant of untagged enum Message
[2026-09-09T23:47:23.681Z WARN  chromiumoxide::handler] WS Invalid message: data did not match any variant of untagged enum Message
[2026-09-09T23:47:23.705Z WARN  chromiumoxide::handler] WS Invalid message: data did not match any variant of untagged enum Message
[2026-09-09T23:47:23.711Z WARN  chromiumoxide::handler] WS Invalid message: data did not match any variant of untagged enum Message
[2026-09-09T23:47:23.711Z WARN  chromiumoxide::handler] WS Invalid message: data did not match any variant of untagged enum Message
[2026-09-09T23:47:23.711Z WARN  chromiumoxide::handler] WS Invalid message: data did not match any variant of untagged enum Message
[2026-09-09T23:47:23.711Z WARN  chromiumoxide::handler] WS Invalid message: data did not match any variant of untagged enum Message
[2026-09-09T23:47:23.711Z WARN  chromiumoxide::handler] WS Invalid message: data did not match any variant of untagged enum Message
[2026-09-09T23:47:23.712Z WARN  chromiumoxide::handler] WS Invalid message: data did not match any variant of untagged enum Message
[2026-09-09T23:47:23.768Z WARN  chromiumoxide::handler] WS Invalid message: data did not match any variant of untagged enum Message
[2026-09-09T23:47:24.051Z WARN  chromiumoxide::handler] WS Invalid message: data did not match any variant of untagged enum Message
[2026-09-09T23:47:24.051Z WARN  chromiumoxide::handler] WS Invalid message: data did not match any variant of untagged enum Message
[2026-09-09T23:47:24.051Z WARN  chromiumoxide::handler] WS Invalid message: data did not match any variant of untagged enum Message
[2026-09-09T23:47:24.051Z WARN  chromiumoxide::handler] WS Invalid message: data did not match any variant of untagged enum Message
[2026-09-09T23:47:24.051Z WARN  chromiumoxide::handler] WS Invalid message: data did not match any variant of untagged enum Message
[2026-09-09T23:47:24.051Z WARN  chromiumoxide::handler] WS Invalid message: data did not match any variant of untagged enum Message
[2026-09-09T23:47:24.074Z WARN  chromiumoxide::handler] WS Invalid message: data did not match any variant of untagged enum Message
[2026-09-09T23:47:24.090Z WARN  chromiumoxide::handler] WS Invalid message: data did not match any variant of untagged enum Message
[2026-09-09T23:47:24.263Z WARN  chromiumoxide::handler] WS Invalid message: data did not match any variant of untagged enum Message
[2026-09-09T23:47:24.264Z WARN  chromiumoxide::handler] WS Invalid message: data did not match any variant of untagged enum Message
[2026-09-09T23:47:24.284Z WARN  chromiumoxide::handler] WS Invalid message: data did not match any variant of untagged enum Message
[2026-09-09T23:47:24.284Z WARN  chromiumoxide::handler] WS Invalid message: data did not match any variant of untagged enum Message
[2026-09-09T23:47:24.319Z WARN  chromiumoxide::handler] WS Invalid message: data did not match any variant of untagged enum Message
[2026-09-09T23:47:24.319Z WARN  chromiumoxide::handler] WS Invalid message: data did not match any variant of untagged enum Message
[2026-09-09T23:47:24.319Z WARN  chromiumoxide::handler] WS Invalid message: data did not match any variant of untagged enum Message
[2026-09-09T23:47:24.402Z WARN  chromiumoxide::handler] WS Invalid message: data did not match any variant of untagged enum Message
[2026-09-09T23:47:24.402Z WARN  chromiumoxide::handler] WS Invalid message: data did not match any variant of untagged enum Message
[2026-09-09T23:47:24.402Z WARN  chromiumoxide::handler] WS Invalid message: data did not match any variant of untagged enum Message
[2026-09-09T23:47:24.450Z WARN  chromiumoxide::handler] WS Invalid message: data did not match any variant of untagged enum Message
[2026-09-09T23:47:24.450Z WARN  chromiumoxide::handler] WS Invalid message: data did not match any variant of untagged enum Message
[2026-09-09T23:47:24.450Z WARN  chromiumoxide::handler] WS Invalid message: data did not match any variant of untagged enum Message
[2026-09-09T23:47:24.450Z WARN  chromiumoxide::handler] WS Invalid message: data did not match any variant of untagged enum Message
[2026-09-09T23:47:24.450Z WARN  chromiumoxide::handler] WS Invalid message: data did not match any variant of untagged enum Message
[2026-09-09T23:47:24.488Z WARN  chromiumoxide::handler] WS Invalid message: data did not match any variant of untagged enum Message
[2026-09-09T23:47:24.488Z WARN  chromiumoxide::handler] WS Invalid message: data did not match any variant of untagged enum Message
[2026-09-09T23:47:24.495Z WARN  chromiumoxide::handler] WS Invalid message: data did not match any variant of untagged enum Message
[2026-09-09T23:47:24.495Z WARN  chromiumoxide::handler] WS Invalid message: data did not match any variant of untagged enum Message
[2026-09-09T23:47:24.512Z WARN  chromiumoxide::handler] WS Invalid message: data did not match any variant of untagged enum Message
[2026-09-09T23:47:24.513Z WARN  chromiumoxide::handler] WS Invalid message: data did not match any variant of untagged enum Message
[2026-09-09T23:47:24.513Z WARN  chromiumoxide::handler] WS Invalid message: data did not match any variant of untagged enum Message
[2026-09-09T23:47:24.513Z WARN  chromiumoxide::handler] WS Invalid message: data did not match any variant of untagged enum Message
[2026-09-09T23:47:24.513Z WARN  chromiumoxide::handler] WS Invalid message: data did not match any variant of untagged enum Message
[2026-09-09T23:47:24.551Z WARN  chromiumoxide::handler] WS Invalid message: data did not match any variant of untagged enum Message
[2026-09-09T23:47:24.551Z WARN  chromiumoxide::handler] WS Invalid message: data did not match any variant of untagged enum Message
[2026-09-09T23:47:24.551Z WARN  chromiumoxide::handler] WS Invalid message: data did not match any variant of untagged enum Message
[2026-09-09T23:47:24.560Z WARN  chromiumoxide::handler] WS Invalid message: data did not match any variant of untagged enum Message
[2026-09-09T23:47:24.561Z WARN  chromiumoxide::handler] WS Invalid message: data did not match any variant of untagged enum Message
[2026-09-09T23:47:24.581Z WARN  chromiumoxide::handler] WS Invalid message: data did not match any variant of untagged enum Message
[2026-09-09T23:47:24.581Z WARN  chromiumoxide::handler] WS Invalid message: data did not match any variant of untagged enum Message
[2026-09-09T23:47:24.627Z WARN  chromiumoxide::handler] WS Invalid message: data did not match any variant of untagged enum Message
[2026-09-09T23:47:24.629Z WARN  chromiumoxide::handler] WS Invalid message: data did not match any variant of untagged enum Message
[2026-09-09T23:47:24.629Z WARN  chromiumoxide::handler] WS Invalid message: data did not match any variant of untagged enum Message
[2026-09-09T23:47:24.629Z WARN  chromiumoxide::handler] WS Invalid message: data did not match any variant of untagged enum Message
[2026-09-09T23:47:24.629Z WARN  chromiumoxide::handler] WS Invalid message: data did not match any variant of untagged enum Message
[2026-09-09T23:47:24.629Z WARN  chromiumoxide::handler] WS Invalid message: data did not match any variant of untagged enum Message
[2026-09-09T23:47:24.635Z WARN  chromiumoxide::handler] WS Invalid message: data did not match any variant of untagged enum Message
[2026-09-09T23:47:24.635Z WARN  chromiumoxide::handler] WS Invalid message: data did not match any variant of untagged enum Message
[2026-09-09T23:47:24.635Z WARN  chromiumoxide::handler] WS Invalid message: data did not match any variant of untagged enum Message
[2026-09-09T23:47:24.913Z WARN  chromiumoxide::handler] WS Invalid message: data did not match any variant of untagged enum Message
[2026-09-09T23:47:25.109Z WARN  chromiumoxide::handler] WS Invalid message: data did not match any variant of untagged enum Message
[2026-09-09T23:47:25.171Z WARN  chromiumoxide::handler] WS Invalid message: data did not match any variant of untagged enum Message
[2026-09-09T23:47:25.171Z WARN  chromiumoxide::handler] WS Invalid message: data did not match any variant of untagged enum Message
[2026-09-09T23:47:25.173Z WARN  chromiumoxide::handler] WS Invalid message: data did not match any variant of untagged enum Message
[2026-09-09T23:47:25.173Z WARN  chromiumoxide::handler] WS Invalid message: data did not match any variant of untagged enum Message
[2026-09-09T23:47:25.173Z WARN  chromiumoxide::handler] WS Invalid message: data did not match any variant of untagged enum Message
[2026-09-09T23:47:25.174Z WARN  chromiumoxide::handler] WS Invalid message: data did not match any variant of untagged enum Message
[2026-09-09T23:47:25.215Z WARN  chromiumoxide::handler] WS Invalid message: data did not match any variant of untagged enum Message
[2026-09-09T23:47:25.216Z WARN  chromiumoxide::handler] WS Invalid message: data did not match any variant of untagged enum Message
[2026-09-09T23:47:25.216Z WARN  chromiumoxide::handler] WS Invalid message: data did not match any variant of untagged enum Message
[2026-09-09T23:47:25.216Z WARN  chromiumoxide::handler] WS Invalid message: data did not match any variant of untagged enum Message
[2026-09-09T23:47:25.216Z WARN  chromiumoxide::handler] WS Invalid message: data did not match any variant of untagged enum Message
[2026-09-09T23:47:25.216Z WARN  chromiumoxide::handler] WS Invalid message: data did not match any variant of untagged enum Message
[2026-09-09T23:47:25.216Z WARN  chromiumoxide::handler] WS Invalid message: data did not match any variant of untagged enum Message
[2026-09-09T23:47:25.255Z WARN  chromiumoxide::handler] WS Invalid message: data did not match any variant of untagged enum Message
[2026-09-09T23:47:25.255Z WARN  chromiumoxide::handler] WS Invalid message: data did not match any variant of untagged enum Message
[2026-09-09T23:47:25.255Z WARN  chromiumoxide::handler] WS Invalid message: data did not match any variant of untagged enum Message
[2026-09-09T23:47:25.255Z WARN  chromiumoxide::handler] WS Invalid message: data did not match any variant of untagged enum Message
[2026-09-09T23:47:25.255Z WARN  chromiumoxide::handler] WS Invalid message: data did not match any variant of untagged enum Message
[2026-09-09T23:47:25.321Z WARN  chromiumoxide::handler] WS Invalid message: data did not match any variant of untagged enum Message
[2026-09-09T23:47:25.321Z WARN  chromiumoxide::handler] WS Invalid message: data did not match any variant of untagged enum Message
[2026-09-09T23:47:25.323Z WARN  chromiumoxide::handler] WS Invalid message: data did not match any variant of untagged enum Message
[2026-09-09T23:47:25.323Z WARN  chromiumoxide::handler] WS Invalid message: data did not match any variant of untagged enum Message
[2026-09-09T23:47:25.323Z WARN  chromiumoxide::handler] WS Invalid message: data did not match any variant of untagged enum Message
[2026-09-09T23:47:25.369Z WARN  chromiumoxide::handler] WS Invalid message: data did not match any variant of untagged enum Message
[2026-09-09T23:47:25.401Z WARN  chromiumoxide::handler] WS Invalid message: data did not match any variant of untagged enum Message
[2026-09-09T23:47:25.401Z WARN  chromiumoxide::handler] WS Invalid message: data did not match any variant of untagged enum Message
[2026-09-09T23:47:25.406Z WARN  chromiumoxide::handler] WS Invalid message: data did not match any variant of untagged enum Message
[2026-09-09T23:47:25.417Z WARN  chromiumoxide::handler] WS Invalid message: data did not match any variant of untagged enum Message
[2026-09-09T23:47:25.417Z WARN  chromiumoxide::handler] WS Invalid message: data did not match any variant of untagged enum Message
[2026-09-09T23:47:25.418Z WARN  chromiumoxide::handler] WS Invalid message: data did not match any variant of untagged enum Message
[2026-09-09T23:47:25.418Z WARN  chromiumoxide::handler] WS Invalid message: data did not match any variant of untagged enum Message
[2026-09-09T23:47:25.418Z WARN  chromiumoxide::handler] WS Invalid message: data did not match any variant of untagged enum Message
[2026-09-09T23:47:25.418Z WARN  chromiumoxide::handler] WS Invalid message: data did not match any variant of untagged enum Message
[2026-09-09T23:47:25.429Z WARN  chromiumoxide::handler] WS Invalid message: data did not match any variant of untagged enum Message
[2026-09-09T23:47:25.429Z WARN  chromiumoxide::handler] WS Invalid message: data did not match any variant of untagged enum Message
[2026-09-09T23:47:25.429Z WARN  chromiumoxide::handler] WS Invalid message: data did not match any variant of untagged enum Message
[2026-09-09T23:47:25.430Z WARN  chromiumoxide::handler] WS Invalid message: data did not match any variant of untagged enum Message
[2026-09-09T23:47:25.430Z WARN  chromiumoxide::handler] WS Invalid message: data did not match any variant of untagged enum Message
[2026-09-09T23:47:25.431Z WARN  chromiumoxide::handler] WS Invalid message: data did not match any variant of untagged enum Message
[2026-09-09T23:47:25.453Z WARN  chromiumoxide::handler] WS Invalid message: data did not match any variant of untagged enum Message
[2026-09-09T23:47:25.453Z WARN  chromiumoxide::handler] WS Invalid message: data did not match any variant of untagged enum Message
[2026-09-09T23:47:25.453Z WARN  chromiumoxide::handler] WS Invalid message: data did not match any variant of untagged enum Message
[2026-09-09T23:47:25.453Z WARN  chromiumoxide::handler] WS Invalid message: data did not match any variant of untagged enum Message
[2026-09-09T23:47:25.453Z WARN  chromiumoxide::handler] WS Invalid message: data did not match any variant of untagged enum Message
[2026-09-09T23:47:25.488Z WARN  chromiumoxide::handler] WS Invalid message: data did not match any variant of untagged enum Message
[2026-09-09T23:47:25.510Z WARN  chromiumoxide::handler] WS Invalid message: data did not match any variant of untagged enum Message
[2026-09-09T23:47:25.523Z WARN  chromiumoxide::handler] WS Invalid message: data did not match any variant of untagged enum Message
[2026-09-09T23:47:25.529Z WARN  chromiumoxide::handler] WS Invalid message: data did not match any variant of untagged enum Message
[2026-09-09T23:47:25.579Z WARN  chromiumoxide::handler] WS Invalid message: data did not match any variant of untagged enum Message
[2026-09-09T23:47:25.580Z WARN  chromiumoxide::handler] WS Invalid message: data did not match any variant of untagged enum Message
[2026-09-09T23:47:25.596Z WARN  chromiumoxide::handler] WS Invalid message: data did not match any variant of untagged enum Message
[2026-09-09T23:47:25.596Z WARN  chromiumoxide::handler] WS Invalid message: data did not match any variant of untagged enum Message
[2026-09-09T23:47:25.596Z WARN  chromiumoxide::handler] WS Invalid message: data did not match any variant of untagged enum Message
[2026-09-09T23:47:25.596Z WARN  chromiumoxide::handler] WS Invalid message: data did not match any variant of untagged enum Message
[2026-09-09T23:47:25.596Z WARN  chromiumoxide::handler] WS Invalid message: data did not match any variant of untagged enum Message
[2026-09-09T23:47:25.596Z WARN  chromiumoxide::handler] WS Invalid message: data did not match any variant of untagged enum Message
[2026-09-09T23:47:25.610Z WARN  chromiumoxide::handler] WS Invalid message: data did not match any variant of untagged enum Message
[2026-09-09T23:47:25.638Z WARN  chromiumoxide::handler] WS Invalid message: data did not match any variant of untagged enum Message
[2026-09-09T23:47:25.638Z WARN  chromiumoxide::handler] WS Invalid message: data did not match any variant of untagged enum Message
[2026-09-09T23:47:25.638Z WARN  chromiumoxide::handler] WS Invalid message: data did not match any variant of untagged enum Message
[2026-09-09T23:47:25.999Z WARN  chromiumoxide::handler] WS Invalid message: data did not match any variant of untagged enum Message
[2026-09-09T23:47:26.000Z WARN  chromiumoxide::handler] WS Invalid message: data did not match any variant of untagged enum Message
[2026-09-09T23:47:26.001Z WARN  chromiumoxide::handler] WS Invalid message: data did not match any variant of untagged enum Message
[2026-09-09T23:47:26.001Z WARN  chromiumoxide::handler] WS Invalid message: data did not match any variant of untagged enum Message
[2026-09-09T23:47:26.001Z WARN  chromiumoxide::handler] WS Invalid message: data did not match any variant of untagged enum Message
[2026-09-09T23:47:26.001Z WARN  chromiumoxide::handler] WS Invalid message: data did not match any variant of untagged enum Message
[2026-09-09T23:47:26.001Z WARN  chromiumoxide::handler] WS Invalid message: data did not match any variant of untagged enum Message
[2026-09-09T23:47:26.001Z WARN  chromiumoxide::handler] WS Invalid message: data did not match any variant of untagged enum Message
[2026-09-09T23:47:26.001Z WARN  chromiumoxide::handler] WS Invalid message: data did not match any variant of untagged enum Message
[2026-09-09T23:47:26.002Z WARN  chromiumoxide::handler] WS Invalid message: data did not match any variant of untagged enum Message
[2026-09-09T23:47:26.002Z WARN  chromiumoxide::handler] WS Invalid message: data did not match any variant of untagged enum Message
[2026-09-09T23:47:26.002Z WARN  chromiumoxide::handler] WS Invalid message: data did not match any variant of untagged enum Message
[2026-09-09T23:47:26.239Z WARN  chromiumoxide::handler] WS Invalid message: data did not match any variant of untagged enum Message
[2026-09-09T23:47:26.299Z WARN  chromiumoxide::handler] WS Invalid message: data did not match any variant of untagged enum Message
[2026-09-09T23:47:26.300Z WARN  chromiumoxide::handler] WS Invalid message: data did not match any variant of untagged enum Message
[2026-09-09T23:47:26.300Z WARN  chromiumoxide::handler] WS Invalid message: data did not match any variant of untagged enum Message
[2026-09-09T23:47:26.300Z WARN  chromiumoxide::handler] WS Invalid message: data did not match any variant of untagged enum Message
[2026-09-09T23:47:26.300Z WARN  chromiumoxide::handler] WS Invalid message: data did not match any variant of untagged enum Message
[2026-09-09T23:47:26.300Z WARN  chromiumoxide::handler] WS Invalid message: data did not match any variant of untagged enum Message
[2026-09-09T23:47:26.411Z WARN  chromiumoxide::handler] WS Invalid message: data did not match any variant of untagged enum Message
[2026-09-09T23:47:26.412Z WARN  chromiumoxide::handler] WS Invalid message: data did not match any variant of untagged enum Message
[2026-09-09T23:47:26.445Z WARN  chromiumoxide::handler] WS Invalid message: data did not match any variant of untagged enum Message
[2026-09-09T23:47:26.445Z WARN  chromiumoxide::handler] WS Invalid message: data did not match any variant of untagged enum Message
[2026-09-09T23:47:26.446Z WARN  chromiumoxide::handler] WS Invalid message: data did not match any variant of untagged enum Message
[2026-09-09T23:47:26.446Z WARN  chromiumoxide::handler] WS Invalid message: data did not match any variant of untagged enum Message
[2026-09-09T23:47:26.465Z WARN  chromiumoxide::handler] WS Invalid message: data did not match any variant of untagged enum Message
[2026-09-09T23:47:26.465Z WARN  chromiumoxide::handler] WS Invalid message: data did not match any variant of untagged enum Message
[2026-09-09T23:47:26.494Z WARN  chromiumoxide::handler] WS Invalid message: data did not match any variant of untagged enum Message
[2026-09-09T23:47:26.528Z WARN  chromiumoxide::handler] WS Invalid message: data did not match any variant of untagged enum Message
[2026-09-09T23:47:26.528Z WARN  chromiumoxide::handler] WS Invalid message: data did not match any variant of untagged enum Message
[2026-09-09T23:47:26.528Z WARN  chromiumoxide::handler] WS Invalid message: data did not match any variant of untagged enum Message
[2026-09-09T23:47:26.530Z WARN  chromiumoxide::handler] WS Invalid message: data did not match any variant of untagged enum Message
[2026-09-09T23:47:26.530Z WARN  chromiumoxide::handler] WS Invalid message: data did not match any variant of untagged enum Message
[2026-09-09T23:47:26.539Z WARN  chromiumoxide::handler] WS Invalid message: data did not match any variant of untagged enum Message
[2026-09-09T23:47:26.540Z WARN  chromiumoxide::handler] WS Invalid message: data did not match any variant of untagged enum Message
[2026-09-09T23:47:26.541Z WARN  chromiumoxide::handler] WS Invalid message: data did not match any variant of untagged enum Message
[2026-09-09T23:47:26.541Z WARN  chromiumoxide::handler] WS Invalid message: data did not match any variant of untagged enum Message
[2026-09-09T23:47:26.551Z WARN  chromiumoxide::handler] WS Invalid message: data did not match any variant of untagged enum Message
[2026-09-09T23:47:26.553Z WARN  chromiumoxide::handler] WS Invalid message: data did not match any variant of untagged enum Message
[2026-09-09T23:47:26.554Z WARN  chromiumoxide::handler] WS Invalid message: data did not match any variant of untagged enum Message
[2026-09-09T23:47:26.555Z WARN  chromiumoxide::handler] WS Invalid message: data did not match any variant of untagged enum Message
[2026-09-09T23:47:26.578Z WARN  chromiumoxide::handler] WS Invalid message: data did not match any variant of untagged enum Message
[2026-09-09T23:47:26.608Z WARN  chromiumoxide::handler] WS Invalid message: data did not match any variant of untagged enum Message
[2026-09-09T23:47:26.752Z WARN  chromiumoxide::handler] WS Invalid message: data did not match any variant of untagged enum Message
[2026-09-09T23:47:26.763Z WARN  chromiumoxide::handler] WS Invalid message: data did not match any variant of untagged enum Message
[2026-09-09T23:47:26.763Z WARN  chromiumoxide::handler] WS Invalid message: data did not match any variant of untagged enum Message
[2026-09-09T23:47:26.763Z WARN  chromiumoxide::handler] WS Invalid message: data did not match any variant of untagged enum Message
[2026-09-09T23:47:26.763Z WARN  chromiumoxide::handler] WS Invalid message: data did not match any variant of untagged enum Message
[2026-09-09T23:47:26.763Z WARN  chromiumoxide::handler] WS Invalid message: data did not match any variant of untagged enum Message
[2026-09-09T23:47:26.809Z WARN  chromiumoxide::handler] WS Invalid message: data did not match any variant of untagged enum Message
[2026-09-09T23:47:26.824Z WARN  chromiumoxide::handler] WS Invalid message: data did not match any variant of untagged enum Message
[2026-09-09T23:47:27.322Z WARN  chromiumoxide::handler] WS Invalid message: data did not match any variant of untagged enum Message
[2026-09-09T23:47:27.457Z WARN  chromiumoxide::handler] WS Invalid message: data did not match any variant of untagged enum Message
[2026-09-09T23:47:27.469Z WARN  chromiumoxide::handler] WS Invalid message: data did not match any variant of untagged enum Message
[2026-09-09T23:47:27.469Z WARN  chromiumoxide::handler] WS Invalid message: data did not match any variant of untagged enum Message
[2026-09-09T23:47:27.469Z WARN  chromiumoxide::handler] WS Invalid message: data did not match any variant of untagged enum Message
[2026-09-09T23:47:27.485Z WARN  chromiumoxide::handler] WS Invalid message: data did not match any variant of untagged enum Message
[2026-09-09T23:47:27.506Z WARN  chromiumoxide::handler] WS Invalid message: data did not match any variant of untagged enum Message
[2026-09-09T23:47:27.752Z WARN  chromiumoxide::handler] WS Invalid message: data did not match any variant of untagged enum Message
[2026-09-09T23:47:28.043Z WARN  chromiumoxide::handler] WS Invalid message: data did not match any variant of untagged enum Message
[2026-09-09T23:47:28.935Z WARN  chromiumoxide::handler] WS Invalid message: data did not match any variant of untagged enum Message
[2026-09-09T23:47:29.437Z WARN  chromiumoxide::handler] WS Invalid message: data did not match any variant of untagged enum Message
[2026-09-09T23:47:29.437Z WARN  chromiumoxide::handler] WS Invalid message: data did not match any variant of untagged enum Message
[2026-09-09T23:47:31.221Z WARN  chromiumoxide::handler] WS Invalid message: data did not match any variant of untagged enum Message
[2026-09-09T23:47:31.222Z WARN  chromiumoxide::handler] WS Invalid message: data did not match any variant of untagged enum Message
[2026-09-09T23:47:31.222Z WARN  chromiumoxide::handler] WS Invalid message: data did not match any variant of untagged enum Message
[2026-09-09T23:47:31.222Z WARN  chromiumoxide::handler] WS Invalid message: data did not match any variant of untagged enum Message
[2026-09-09T23:47:31.361Z WARN  chromiumoxide::handler] WS Invalid message: data did not match any variant of untagged enum Message
[2026-09-09T23:47:31.361Z WARN  chromiumoxide::handler] WS Invalid message: data did not match any variant of untagged enum Message
{"level":30,"time":1788997651369,"pid":161849,"hostname":"vps-15cf2c41","reqId":"req-41","req":{"method":"GET","url":"/api/v1/workspace/meta","host":"127.0.0.1:6440","remoteAddress":"127.0.0.1","remotePort":36828},"msg":"incoming request"}
[2026-09-09T23:47:31.369Z WARN  chromiumoxide::handler] WS Invalid message: data did not match any variant of untagged enum Message
{"level":30,"time":1788997651370,"pid":161849,"hostname":"vps-15cf2c41","reqId":"req-41","res":{"statusCode":200},"responseTime":0.7060470000142232,"msg":"request completed"}
[2026-09-09T23:47:31.377Z WARN  chromiumoxide::handler] WS Invalid message: data did not match any variant of untagged enum Message
{"level":30,"time":1788997651378,"pid":161849,"hostname":"vps-15cf2c41","reqId":"req-42","req":{"method":"GET","url":"/api/v1/workspace/meta","host":"127.0.0.1:6440","remoteAddress":"127.0.0.1","remotePort":36838},"msg":"incoming request"}
{"level":30,"time":1788997651379,"pid":161849,"hostname":"vps-15cf2c41","reqId":"req-42","res":{"statusCode":200},"responseTime":0.4571330000180751,"msg":"request completed"}
[2026-09-09T23:47:31.508Z WARN  chromiumoxide::handler] WS Invalid message: data did not match any variant of untagged enum Message
{"level":30,"time":1788997651510,"pid":161849,"hostname":"vps-15cf2c41","reqId":"req-43","req":{"method":"GET","url":"/api/v1/tree?path=.","host":"127.0.0.1:6440","remoteAddress":"127.0.0.1","remotePort":36846},"msg":"incoming request"}
[2026-09-09T23:47:31.512Z WARN  chromiumoxide::handler] WS Invalid message: data did not match any variant of untagged enum Message
{"level":30,"time":1788997651514,"pid":161849,"hostname":"vps-15cf2c41","reqId":"req-44","req":{"method":"PUT","url":"/api/v1/ui/state","host":"127.0.0.1:6440","remoteAddress":"127.0.0.1","remotePort":36856},"msg":"incoming request"}
{"level":30,"time":1788997651516,"pid":161849,"hostname":"vps-15cf2c41","reqId":"req-44","res":{"statusCode":204},"responseTime":1.929969999997411,"msg":"request completed"}
[2026-09-09T23:47:31.524Z WARN  chromiumoxide::handler] WS Invalid message: data did not match any variant of untagged enum Message
{"level":30,"time":1788997651527,"pid":161849,"hostname":"vps-15cf2c41","reqId":"req-45","req":{"method":"GET","url":"/api/v1/filesystems","host":"127.0.0.1:6440","remoteAddress":"127.0.0.1","remotePort":36864},"msg":"incoming request"}
{"level":30,"time":1788997651529,"pid":161849,"hostname":"vps-15cf2c41","reqId":"req-45","res":{"statusCode":200},"responseTime":1.5656139999919105,"msg":"request completed"}
{"level":30,"time":1788997651532,"pid":161849,"hostname":"vps-15cf2c41","reqId":"req-43","res":{"statusCode":200},"responseTime":21.501733999990392,"msg":"request completed"}
{"level":30,"time":1788997651578,"pid":161849,"hostname":"vps-15cf2c41","reqId":"req-46","req":{"method":"GET","url":"/api/v1/agents","host":"127.0.0.1:6440","remoteAddress":"127.0.0.1","remotePort":36866},"msg":"incoming request"}
[2026-09-09T23:47:31.577Z WARN  chromiumoxide::handler] WS Invalid message: data did not match any variant of untagged enum Message
{"level":30,"time":1788997651579,"pid":161849,"hostname":"vps-15cf2c41","reqId":"req-46","res":{"statusCode":200},"responseTime":0.7868409999937285,"msg":"request completed"}
[2026-09-09T23:47:31.591Z WARN  chromiumoxide::handler] WS Invalid message: data did not match any variant of untagged enum Message
[2026-09-09T23:47:31.593Z WARN  chromiumoxide::handler] WS Invalid message: data did not match any variant of untagged enum Message
{"level":30,"time":1788997651594,"pid":161849,"hostname":"vps-15cf2c41","reqId":"req-47","req":{"method":"GET","url":"/api/v1/tree?path=.","host":"127.0.0.1:6440","remoteAddress":"127.0.0.1","remotePort":36868},"msg":"incoming request"}
[2026-09-09T23:47:31.595Z WARN  chromiumoxide::handler] WS Invalid message: data did not match any variant of untagged enum Message
{"level":30,"time":1788997651601,"pid":161849,"hostname":"vps-15cf2c41","reqId":"req-48","req":{"method":"PUT","url":"/api/v1/ui/state","host":"127.0.0.1:6440","remoteAddress":"127.0.0.1","remotePort":36876},"msg":"incoming request"}
{"level":30,"time":1788997651605,"pid":161849,"hostname":"vps-15cf2c41","reqId":"req-48","res":{"statusCode":204},"responseTime":4.204978999972809,"msg":"request completed"}
{"level":30,"time":1788997651612,"pid":161849,"hostname":"vps-15cf2c41","reqId":"req-49","req":{"method":"GET","url":"/api/v1/filesystems","host":"127.0.0.1:6440","remoteAddress":"127.0.0.1","remotePort":36892},"msg":"incoming request"}
{"level":30,"time":1788997651613,"pid":161849,"hostname":"vps-15cf2c41","reqId":"req-49","res":{"statusCode":200},"responseTime":0.9394529999990482,"msg":"request completed"}
{"level":30,"time":1788997651620,"pid":161849,"hostname":"vps-15cf2c41","reqId":"req-47","res":{"statusCode":200},"responseTime":25.198032999993302,"msg":"request completed"}
[2026-09-09T23:47:31.677Z WARN  chromiumoxide::handler] WS Invalid message: data did not match any variant of untagged enum Message
00:00.000 Waiting
[2026-09-09T23:47:31.736Z WARN  chromiumoxide::handler] WS Invalid message: data did not match any variant of untagged enum Message
[2026-09-09T23:47:31.738Z WARN  chromiumoxide::handler] WS Invalid message: data did not match any variant of untagged enum Message
[2026-09-09T23:47:31.738Z WARN  chromiumoxide::handler] WS Invalid message: data did not match any variant of untagged enum Message
{"level":30,"time":1788997651747,"pid":161849,"hostname":"vps-15cf2c41","reqId":"req-4a","req":{"method":"GET","url":"/api/v1/fs/events?workspaceId=workspace","host":"127.0.0.1:6440","remoteAddress":"127.0.0.1","remotePort":36900},"msg":"incoming request"}
{"level":30,"time":1788997651749,"pid":161849,"hostname":"vps-15cf2c41","reqId":"req-4b","req":{"method":"GET","url":"/api/v1/ui/commands/next?workspaceId=workspace","host":"127.0.0.1:6440","remoteAddress":"127.0.0.1","remotePort":36906},"msg":"incoming request"}
{"level":30,"time":1788997651754,"pid":161849,"hostname":"vps-15cf2c41","reqId":"req-4c","req":{"method":"GET","url":"/api/v1/ui/state","host":"127.0.0.1:6440","remoteAddress":"127.0.0.1","remotePort":36910},"msg":"incoming request"}
{"level":30,"time":1788997651755,"pid":161849,"hostname":"vps-15cf2c41","reqId":"req-4c","res":{"statusCode":200},"responseTime":0.5448200000100769,"msg":"request completed"}
{"level":30,"time":1788997651801,"pid":161849,"hostname":"vps-15cf2c41","reqId":"req-4d","req":{"method":"GET","url":"/api/v1/agents/alpha/sessions?limit=50&archived=active","host":"127.0.0.1:6440","remoteAddress":"127.0.0.1","remotePort":36918},"msg":"incoming request"}
[2026-09-09T23:47:31.801Z WARN  chromiumoxide::handler] WS Invalid message: data did not match any variant of untagged enum Message
[2026-09-09T23:47:31.801Z WARN  chromiumoxide::handler] WS Invalid message: data did not match any variant of untagged enum Message
[2026-09-09T23:47:31.802Z WARN  chromiumoxide::handler] WS Invalid message: data did not match any variant of untagged enum Message
{"level":30,"time":1788997651805,"pid":161849,"hostname":"vps-15cf2c41","reqId":"req-4e","req":{"method":"GET","url":"/api/v1/tree?path=.","host":"127.0.0.1:6440","remoteAddress":"127.0.0.1","remotePort":36922},"msg":"incoming request"}
{"level":30,"time":1788997651806,"pid":161849,"hostname":"vps-15cf2c41","reqId":"req-4f","req":{"method":"GET","url":"/api/v1/agents/alpha/ready-status","host":"127.0.0.1:6440","remoteAddress":"127.0.0.1","remotePort":36930},"msg":"incoming request"}
{"level":30,"time":1788997651812,"pid":161849,"hostname":"vps-15cf2c41","reqId":"req-4e","res":{"statusCode":200},"responseTime":6.189658999996027,"msg":"request completed"}
[2026-09-09T23:47:31.816Z WARN  chromiumoxide::handler] WS Invalid message: data did not match any variant of untagged enum Message
{"level":30,"time":1788997651818,"pid":161849,"hostname":"vps-15cf2c41","reqId":"req-4g","req":{"method":"GET","url":"/api/v1/tree?path=.","host":"127.0.0.1:6440","remoteAddress":"127.0.0.1","remotePort":36932},"msg":"incoming request"}
{"level":30,"time":1788997651825,"pid":161849,"hostname":"vps-15cf2c41","reqId":"req-4g","res":{"statusCode":200},"responseTime":6.420964999997523,"msg":"request completed"}
{"level":30,"time":1788997651836,"pid":161849,"hostname":"vps-15cf2c41","reqId":"req-4f","res":{"statusCode":200},"responseTime":29.655380999989575,"msg":"request completed"}
{"level":30,"time":1788997651838,"pid":161849,"hostname":"vps-15cf2c41","reqId":"req-4d","res":{"statusCode":200},"responseTime":36.8316979999945,"msg":"request completed"}
[2026-09-09T23:47:31.847Z WARN  chromiumoxide::handler] WS Invalid message: data did not match any variant of untagged enum Message
[2026-09-09T23:47:31.849Z WARN  chromiumoxide::handler] WS Invalid message: data did not match any variant of untagged enum Message
{"level":30,"time":1788997651856,"pid":161849,"hostname":"vps-15cf2c41","reqId":"req-4h","req":{"method":"GET","url":"/api/v1/agents/alpha/ready-status","host":"127.0.0.1:6440","remoteAddress":"127.0.0.1","remotePort":36934},"msg":"incoming request"}
{"level":30,"time":1788997651861,"pid":161849,"hostname":"vps-15cf2c41","reqId":"req-4i","req":{"method":"GET","url":"/api/v1/agents/alpha/sessions?limit=50&archived=active","host":"127.0.0.1:6440","remoteAddress":"127.0.0.1","remotePort":36946},"msg":"incoming request"}
{"level":30,"time":1788997651871,"pid":161849,"hostname":"vps-15cf2c41","reqId":"req-4h","res":{"statusCode":200},"responseTime":15.064664000004996,"msg":"request completed"}
{"level":30,"time":1788997651876,"pid":161849,"hostname":"vps-15cf2c41","reqId":"req-4i","res":{"statusCode":200},"responseTime":14.604372000001604,"msg":"request completed"}
00:00.205 Waiting
[2026-09-09T23:47:31.944Z WARN  chromiumoxide::handler] WS Invalid message: data did not match any variant of untagged enum Message
{"level":30,"time":1788997651946,"pid":161849,"hostname":"vps-15cf2c41","reqId":"req-4j","req":{"method":"GET","url":"/api/v1/ui/state","host":"127.0.0.1:6440","remoteAddress":"127.0.0.1","remotePort":36948},"msg":"incoming request"}
{"level":30,"time":1788997651947,"pid":161849,"hostname":"vps-15cf2c41","reqId":"req-4j","res":{"statusCode":200},"responseTime":0.7775580000015907,"msg":"request completed"}
00:00.274 Clicking <button> (x: 137.5, y: 82.0, content: "Search⌘K")
{"level":30,"time":1788997652094,"pid":161849,"hostname":"vps-15cf2c41","reqId":"req-4k","req":{"method":"GET","url":"/api/v1/agents/alpha/sessions?limit=50&archived=archived","host":"127.0.0.1:6440","remoteAddress":"127.0.0.1","remotePort":36956},"msg":"incoming request"}
[2026-09-09T23:47:32.094Z WARN  chromiumoxide::handler] WS Invalid message: data did not match any variant of untagged enum Message
{"level":30,"time":1788997652108,"pid":161849,"hostname":"vps-15cf2c41","reqId":"req-4k","res":{"statusCode":200},"responseTime":14.236134000006132,"msg":"request completed"}
{"level":30,"time":1788997652427,"pid":161849,"hostname":"vps-15cf2c41","reqId":"req-4l","req":{"method":"POST","url":"/api/v1/workspace-bridge/call","host":"127.0.0.1:6440","remoteAddress":"127.0.0.1","remotePort":36970},"msg":"incoming request"}
[2026-09-09T23:47:32.431Z WARN  chromiumoxide::handler] WS Invalid message: data did not match any variant of untagged enum Message
[2026-09-09T23:47:32.432Z WARN  chromiumoxide::handler] WS Invalid message: data did not match any variant of untagged enum Message
[2026-09-09T23:47:32.432Z WARN  chromiumoxide::handler] WS Invalid message: data did not match any variant of untagged enum Message
{"level":30,"time":1788997652430,"pid":161849,"hostname":"vps-15cf2c41","reqId":"req-4l","res":{"statusCode":200},"responseTime":2.4897219999984372,"msg":"request completed"}
{"level":30,"time":1788997652431,"pid":161849,"hostname":"vps-15cf2c41","reqId":"req-4m","req":{"method":"GET","url":"/api/v1/agents/session-activity/events?workspaceId=workspace","host":"127.0.0.1:6440","remoteAddress":"127.0.0.1","remotePort":36982},"msg":"incoming request"}
00:00.824 Clicking <button> (x: 526.0, y: 377.5, content: "Commands")
00:01.098 Waiting

Reproduction finished!

Inspect the test results using:

  bombadil browser inspect /dev/shm/cpr-dd3/boring-ui-review-run.9eatbI/replay-desktop.Fhgujq

verified Bombadil replay final state: cpr-04:workspace-command-palette:candidate:desktop:explore-0006-dialog-popover:c8670d1dcc4b
[2026-09-09T23:47:35.143Z WARN  chromiumoxide::handler] WS Invalid message: data did not match any variant of untagged enum Message
[2026-09-09T23:47:35.143Z WARN  chromiumoxide::handler] WS Invalid message: data did not match any variant of untagged enum Message
[2026-09-09T23:47:35.143Z WARN  chromiumoxide::handler] WS Invalid message: data did not match any variant of untagged enum Message
[2026-09-09T23:47:35.164Z WARN  chromiumoxide::handler] WS Invalid message: data did not match any variant of untagged enum Message
[2026-09-09T23:47:35.168Z WARN  chromiumoxide::handler] WS Invalid message: data did not match any variant of untagged enum Message
[2026-09-09T23:47:35.168Z WARN  chromiumoxide::handler] WS Invalid message: data did not match any variant of untagged enum Message
[2026-09-09T23:47:35.168Z WARN  chromiumoxide::handler] WS Invalid message: data did not match any variant of untagged enum Message
[2026-09-09T23:47:35.182Z WARN  chromiumoxide::handler] WS Invalid message: data did not match any variant of untagged enum Message
[2026-09-09T23:47:35.198Z WARN  chromiumoxide::handler] WS Invalid message: data did not match any variant of untagged enum Message
[2026-09-09T23:47:35.198Z WARN  chromiumoxide::handler] WS Invalid message: data did not match any variant of untagged enum Message
[2026-09-09T23:47:35.199Z WARN  chromiumoxide::handler] WS Invalid message: data did not match any variant of untagged enum Message
[2026-09-09T23:47:35.239Z WARN  chromiumoxide::handler] WS Invalid message: data did not match any variant of untagged enum Message
[2026-09-09T23:47:35.279Z WARN  chromiumoxide::handler] WS Invalid message: data did not match any variant of untagged enum Message
[2026-09-09T23:47:35.603Z WARN  chromiumoxide::handler] WS Invalid message: data did not match any variant of untagged enum Message
[2026-09-09T23:47:35.603Z WARN  chromiumoxide::handler] WS Invalid message: data did not match any variant of untagged enum Message
[2026-09-09T23:47:35.603Z WARN  chromiumoxide::handler] WS Invalid message: data did not match any variant of untagged enum Message
[2026-09-09T23:47:35.603Z WARN  chromiumoxide::handler] WS Invalid message: data did not match any variant of untagged enum Message
[2026-09-09T23:47:35.603Z WARN  chromiumoxide::handler] WS Invalid message: data did not match any variant of untagged enum Message
[2026-09-09T23:47:35.605Z WARN  chromiumoxide::handler] WS Invalid message: data did not match any variant of untagged enum Message
[2026-09-09T23:47:35.633Z WARN  chromiumoxide::handler] WS Invalid message: data did not match any variant of untagged enum Message
[2026-09-09T23:47:35.659Z WARN  chromiumoxide::handler] WS Invalid message: data did not match any variant of untagged enum Message
[2026-09-09T23:47:35.778Z WARN  chromiumoxide::handler] WS Invalid message: data did not match any variant of untagged enum Message
[2026-09-09T23:47:35.818Z WARN  chromiumoxide::handler] WS Invalid message: data did not match any variant of untagged enum Message
[2026-09-09T23:47:35.828Z WARN  chromiumoxide::handler] WS Invalid message: data did not match any variant of untagged enum Message
[2026-09-09T23:47:35.828Z WARN  chromiumoxide::handler] WS Invalid message: data did not match any variant of untagged enum Message
[2026-09-09T23:47:35.851Z WARN  chromiumoxide::handler] WS Invalid message: data did not match any variant of untagged enum Message
[2026-09-09T23:47:35.851Z WARN  chromiumoxide::handler] WS Invalid message: data did not match any variant of untagged enum Message
[2026-09-09T23:47:35.851Z WARN  chromiumoxide::handler] WS Invalid message: data did not match any variant of untagged enum Message
[2026-09-09T23:47:35.903Z WARN  chromiumoxide::handler] WS Invalid message: data did not match any variant of untagged enum Message
[2026-09-09T23:47:35.925Z WARN  chromiumoxide::handler] WS Invalid message: data did not match any variant of untagged enum Message
[2026-09-09T23:47:35.927Z WARN  chromiumoxide::handler] WS Invalid message: data did not match any variant of untagged enum Message
[2026-09-09T23:47:35.953Z WARN  chromiumoxide::handler] WS Invalid message: data did not match any variant of untagged enum Message
[2026-09-09T23:47:35.960Z WARN  chromiumoxide::handler] WS Invalid message: data did not match any variant of untagged enum Message
[2026-09-09T23:47:35.995Z WARN  chromiumoxide::handler] WS Invalid message: data did not match any variant of untagged enum Message
[2026-09-09T23:47:35.995Z WARN  chromiumoxide::handler] WS Invalid message: data did not match any variant of untagged enum Message
[2026-09-09T23:47:35.995Z WARN  chromiumoxide::handler] WS Invalid message: data did not match any variant of untagged enum Message
[2026-09-09T23:47:36.069Z WARN  chromiumoxide::handler] WS Invalid message: data did not match any variant of untagged enum Message
[2026-09-09T23:47:36.069Z WARN  chromiumoxide::handler] WS Invalid message: data did not match any variant of untagged enum Message
[2026-09-09T23:47:36.069Z WARN  chromiumoxide::handler] WS Invalid message: data did not match any variant of untagged enum Message
[2026-09-09T23:47:36.069Z WARN  chromiumoxide::handler] WS Invalid message: data did not match any variant of untagged enum Message
[2026-09-09T23:47:36.069Z WARN  chromiumoxide::handler] WS Invalid message: data did not match any variant of untagged enum Message
[2026-09-09T23:47:36.074Z WARN  chromiumoxide::handler] WS Invalid message: data did not match any variant of untagged enum Message
[2026-09-09T23:47:36.118Z WARN  chromiumoxide::handler] WS Invalid message: data did not match any variant of untagged enum Message
[2026-09-09T23:47:36.118Z WARN  chromiumoxide::handler] WS Invalid message: data did not match any variant of untagged enum Message
[2026-09-09T23:47:36.118Z WARN  chromiumoxide::handler] WS Invalid message: data did not match any variant of untagged enum Message
[2026-09-09T23:47:36.118Z WARN  chromiumoxide::handler] WS Invalid message: data did not match any variant of untagged enum Message
[2026-09-09T23:47:36.122Z WARN  chromiumoxide::handler] WS Invalid message: data did not match any variant of untagged enum Message
[2026-09-09T23:47:36.122Z WARN  chromiumoxide::handler] WS Invalid message: data did not match any variant of untagged enum Message
[2026-09-09T23:47:36.135Z WARN  chromiumoxide::handler] WS Invalid message: data did not match any variant of untagged enum Message
[2026-09-09T23:47:36.135Z WARN  chromiumoxide::handler] WS Invalid message: data did not match any variant of untagged enum Message
[2026-09-09T23:47:36.137Z WARN  chromiumoxide::handler] WS Invalid message: data did not match any variant of untagged enum Message
[2026-09-09T23:47:36.283Z WARN  chromiumoxide::handler] WS Invalid message: data did not match any variant of untagged enum Message
[2026-09-09T23:47:36.283Z WARN  chromiumoxide::handler] WS Invalid message: data did not match any variant of untagged enum Message
[2026-09-09T23:47:36.283Z WARN  chromiumoxide::handler] WS Invalid message: data did not match any variant of untagged enum Message
[2026-09-09T23:47:36.283Z WARN  chromiumoxide::handler] WS Invalid message: data did not match any variant of untagged enum Message
[2026-09-09T23:47:36.283Z WARN  chromiumoxide::handler] WS Invalid message: data did not match any variant of untagged enum Message
[2026-09-09T23:47:36.283Z WARN  chromiumoxide::handler] WS Invalid message: data did not match any variant of untagged enum Message
[2026-09-09T23:47:36.284Z WARN  chromiumoxide::handler] WS Invalid message: data did not match any variant of untagged enum Message
[2026-09-09T23:47:36.284Z WARN  chromiumoxide::handler] WS Invalid message: data did not match any variant of untagged enum Message
[2026-09-09T23:47:36.559Z WARN  chromiumoxide::handler] WS Invalid message: data did not match any variant of untagged enum Message
[2026-09-09T23:47:36.559Z WARN  chromiumoxide::handler] WS Invalid message: data did not match any variant of untagged enum Message
[2026-09-09T23:47:36.559Z WARN  chromiumoxide::handler] WS Invalid message: data did not match any variant of untagged enum Message
[2026-09-09T23:47:36.575Z WARN  chromiumoxide::handler] WS Invalid message: data did not match any variant of untagged enum Message
[2026-09-09T23:47:36.626Z WARN  chromiumoxide::handler] WS Invalid message: data did not match any variant of untagged enum Message
[2026-09-09T23:47:36.626Z WARN  chromiumoxide::handler] WS Invalid message: data did not match any variant of untagged enum Message
[2026-09-09T23:47:36.665Z WARN  chromiumoxide::handler] WS Invalid message: data did not match any variant of untagged enum Message
[2026-09-09T23:47:36.665Z WARN  chromiumoxide::handler] WS Invalid message: data did not match any variant of untagged enum Message
[2026-09-09T23:47:36.665Z WARN  chromiumoxide::handler] WS Invalid message: data did not match any variant of untagged enum Message
[2026-09-09T23:47:36.665Z WARN  chromiumoxide::handler] WS Invalid message: data did not match any variant of untagged enum Message
[2026-09-09T23:47:36.671Z WARN  chromiumoxide::handler] WS Invalid message: data did not match any variant of untagged enum Message
[2026-09-09T23:47:36.671Z WARN  chromiumoxide::handler] WS Invalid message: data did not match any variant of untagged enum Message
[2026-09-09T23:47:36.672Z WARN  chromiumoxide::handler] WS Invalid message: data did not match any variant of untagged enum Message
[2026-09-09T23:47:36.672Z WARN  chromiumoxide::handler] WS Invalid message: data did not match any variant of untagged enum Message
[2026-09-09T23:47:36.672Z WARN  chromiumoxide::handler] WS Invalid message: data did not match any variant of untagged enum Message
[2026-09-09T23:47:36.673Z WARN  chromiumoxide::handler] WS Invalid message: data did not match any variant of untagged enum Message
[2026-09-09T23:47:36.697Z WARN  chromiumoxide::handler] WS Invalid message: data did not match any variant of untagged enum Message
[2026-09-09T23:47:36.697Z WARN  chromiumoxide::handler] WS Invalid message: data did not match any variant of untagged enum Message
[2026-09-09T23:47:36.698Z WARN  chromiumoxide::handler] WS Invalid message: data did not match any variant of untagged enum Message
[2026-09-09T23:47:36.703Z WARN  chromiumoxide::handler] WS Invalid message: data did not match any variant of untagged enum Message
[2026-09-09T23:47:36.703Z WARN  chromiumoxide::handler] WS Invalid message: data did not match any variant of untagged enum Message
[2026-09-09T23:47:36.704Z WARN  chromiumoxide::handler] WS Invalid message: data did not match any variant of untagged enum Message
[2026-09-09T23:47:36.753Z WARN  chromiumoxide::handler] WS Invalid message: data did not match any variant of untagged enum Message
[2026-09-09T23:47:36.768Z WARN  chromiumoxide::handler] WS Invalid message: data did not match any variant of untagged enum Message
[2026-09-09T23:47:36.768Z WARN  chromiumoxide::handler] WS Invalid message: data did not match any variant of untagged enum Message
[2026-09-09T23:47:36.768Z WARN  chromiumoxide::handler] WS Invalid message: data did not match any variant of untagged enum Message
[2026-09-09T23:47:36.769Z WARN  chromiumoxide::handler] WS Invalid message: data did not match any variant of untagged enum Message
[2026-09-09T23:47:36.810Z WARN  chromiumoxide::handler] WS Invalid message: data did not match any variant of untagged enum Message
[2026-09-09T23:47:36.810Z WARN  chromiumoxide::handler] WS Invalid message: data did not match any variant of untagged enum Message
[2026-09-09T23:47:36.810Z WARN  chromiumoxide::handler] WS Invalid message: data did not match any variant of untagged enum Message
[2026-09-09T23:47:36.839Z WARN  chromiumoxide::handler] WS Invalid message: data did not match any variant of untagged enum Message
[2026-09-09T23:47:36.849Z WARN  chromiumoxide::handler] WS Invalid message: data did not match any variant of untagged enum Message
[2026-09-09T23:47:36.849Z WARN  chromiumoxide::handler] WS Invalid message: data did not match any variant of untagged enum Message
[2026-09-09T23:47:36.849Z WARN  chromiumoxide::handler] WS Invalid message: data did not match any variant of untagged enum Message
[2026-09-09T23:47:36.849Z WARN  chromiumoxide::handler] WS Invalid message: data did not match any variant of untagged enum Message
[2026-09-09T23:47:36.849Z WARN  chromiumoxide::handler] WS Invalid message: data did not match any variant of untagged enum Message
[2026-09-09T23:47:36.852Z WARN  chromiumoxide::handler] WS Invalid message: data did not match any variant of untagged enum Message
[2026-09-09T23:47:36.853Z WARN  chromiumoxide::handler] WS Invalid message: data did not match any variant of untagged enum Message
[2026-09-09T23:47:36.853Z WARN  chromiumoxide::handler] WS Invalid message: data did not match any variant of untagged enum Message
[2026-09-09T23:47:36.853Z WARN  chromiumoxide::handler] WS Invalid message: data did not match any variant of untagged enum Message
[2026-09-09T23:47:36.853Z WARN  chromiumoxide::handler] WS Invalid message: data did not match any variant of untagged enum Message
[2026-09-09T23:47:36.853Z WARN  chromiumoxide::handler] WS Invalid message: data did not match any variant of untagged enum Message
[2026-09-09T23:47:36.862Z WARN  chromiumoxide::handler] WS Invalid message: data did not match any variant of untagged enum Message
[2026-09-09T23:47:36.875Z WARN  chromiumoxide::handler] WS Invalid message: data did not match any variant of untagged enum Message
[2026-09-09T23:47:36.875Z WARN  chromiumoxide::handler] WS Invalid message: data did not match any variant of untagged enum Message
[2026-09-09T23:47:36.876Z WARN  chromiumoxide::handler] WS Invalid message: data did not match any variant of untagged enum Message
[2026-09-09T23:47:36.911Z WARN  chromiumoxide::handler] WS Invalid message: data did not match any variant of untagged enum Message
[2026-09-09T23:47:36.911Z WARN  chromiumoxide::handler] WS Invalid message: data did not match any variant of untagged enum Message
[2026-09-09T23:47:36.926Z WARN  chromiumoxide::handler] WS Invalid message: data did not match any variant of untagged enum Message
[2026-09-09T23:47:36.934Z WARN  chromiumoxide::handler] WS Invalid message: data did not match any variant of untagged enum Message
[2026-09-09T23:47:36.934Z WARN  chromiumoxide::handler] WS Invalid message: data did not match any variant of untagged enum Message
[2026-09-09T23:47:36.987Z WARN  chromiumoxide::handler] WS Invalid message: data did not match any variant of untagged enum Message
[2026-09-09T23:47:37.035Z WARN  chromiumoxide::handler] WS Invalid message: data did not match any variant of untagged enum Message
[2026-09-09T23:47:37.037Z WARN  chromiumoxide::handler] WS Invalid message: data did not match any variant of untagged enum Message
[2026-09-09T23:47:37.037Z WARN  chromiumoxide::handler] WS Invalid message: data did not match any variant of untagged enum Message
[2026-09-09T23:47:37.037Z WARN  chromiumoxide::handler] WS Invalid message: data did not match any variant of untagged enum Message
[2026-09-09T23:47:37.037Z WARN  chromiumoxide::handler] WS Invalid message: data did not match any variant of untagged enum Message
[2026-09-09T23:47:37.037Z WARN  chromiumoxide::handler] WS Invalid message: data did not match any variant of untagged enum Message
[2026-09-09T23:47:37.053Z WARN  chromiumoxide::handler] WS Invalid message: data did not match any variant of untagged enum Message
[2026-09-09T23:47:37.053Z WARN  chromiumoxide::handler] WS Invalid message: data did not match any variant of untagged enum Message
[2026-09-09T23:47:37.053Z WARN  chromiumoxide::handler] WS Invalid message: data did not match any variant of untagged enum Message
[2026-09-09T23:47:37.058Z WARN  chromiumoxide::handler] WS Invalid message: data did not match any variant of untagged enum Message
[2026-09-09T23:47:37.060Z WARN  chromiumoxide::handler] WS Invalid message: data did not match any variant of untagged enum Message
[2026-09-09T23:47:37.065Z WARN  chromiumoxide::handler] WS Invalid message: data did not match any variant of untagged enum Message
[2026-09-09T23:47:37.712Z WARN  chromiumoxide::handler] WS Invalid message: data did not match any variant of untagged enum Message
[2026-09-09T23:47:37.717Z WARN  chromiumoxide::handler] WS Invalid message: data did not match any variant of untagged enum Message
[2026-09-09T23:47:37.717Z WARN  chromiumoxide::handler] WS Invalid message: data did not match any variant of untagged enum Message
[2026-09-09T23:47:37.717Z WARN  chromiumoxide::handler] WS Invalid message: data did not match any variant of untagged enum Message
[2026-09-09T23:47:37.717Z WARN  chromiumoxide::handler] WS Invalid message: data did not match any variant of untagged enum Message
[2026-09-09T23:47:37.717Z WARN  chromiumoxide::handler] WS Invalid message: data did not match any variant of untagged enum Message
[2026-09-09T23:47:37.718Z WARN  chromiumoxide::handler] WS Invalid message: data did not match any variant of untagged enum Message
[2026-09-09T23:47:37.746Z WARN  chromiumoxide::handler] WS Invalid message: data did not match any variant of untagged enum Message
[2026-09-09T23:47:37.927Z WARN  chromiumoxide::handler] WS Invalid message: data did not match any variant of untagged enum Message
[2026-09-09T23:47:37.927Z WARN  chromiumoxide::handler] WS Invalid message: data did not match any variant of untagged enum Message
[2026-09-09T23:47:38.026Z WARN  chromiumoxide::handler] WS Invalid message: data did not match any variant of untagged enum Message
[2026-09-09T23:47:38.026Z WARN  chromiumoxide::handler] WS Invalid message: data did not match any variant of untagged enum Message
[2026-09-09T23:47:38.026Z WARN  chromiumoxide::handler] WS Invalid message: data did not match any variant of untagged enum Message
[2026-09-09T23:47:38.027Z WARN  chromiumoxide::handler] WS Invalid message: data did not match any variant of untagged enum Message
[2026-09-09T23:47:38.027Z WARN  chromiumoxide::handler] WS Invalid message: data did not match any variant of untagged enum Message
[2026-09-09T23:47:38.027Z WARN  chromiumoxide::handler] WS Invalid message: data did not match any variant of untagged enum Message
[2026-09-09T23:47:38.044Z WARN  chromiumoxide::handler] WS Invalid message: data did not match any variant of untagged enum Message
[2026-09-09T23:47:38.055Z WARN  chromiumoxide::handler] WS Invalid message: data did not match any variant of untagged enum Message
[2026-09-09T23:47:38.055Z WARN  chromiumoxide::handler] WS Invalid message: data did not match any variant of untagged enum Message
[2026-09-09T23:47:38.055Z WARN  chromiumoxide::handler] WS Invalid message: data did not match any variant of untagged enum Message
[2026-09-09T23:47:38.087Z WARN  chromiumoxide::handler] WS Invalid message: data did not match any variant of untagged enum Message
[2026-09-09T23:47:38.087Z WARN  chromiumoxide::handler] WS Invalid message: data did not match any variant of untagged enum Message
[2026-09-09T23:47:38.087Z WARN  chromiumoxide::handler] WS Invalid message: data did not match any variant of untagged enum Message
[2026-09-09T23:47:38.088Z WARN  chromiumoxide::handler] WS Invalid message: data did not match any variant of untagged enum Message
[2026-09-09T23:47:38.143Z WARN  chromiumoxide::handler] WS Invalid message: data did not match any variant of untagged enum Message
[2026-09-09T23:47:38.163Z WARN  chromiumoxide::handler] WS Invalid message: data did not match any variant of untagged enum Message
[2026-09-09T23:47:38.163Z WARN  chromiumoxide::handler] WS Invalid message: data did not match any variant of untagged enum Message
[2026-09-09T23:47:38.201Z WARN  chromiumoxide::handler] WS Invalid message: data did not match any variant of untagged enum Message
[2026-09-09T23:47:38.233Z WARN  chromiumoxide::handler] WS Invalid message: data did not match any variant of untagged enum Message
[2026-09-09T23:47:38.251Z WARN  chromiumoxide::handler] WS Invalid message: data did not match any variant of untagged enum Message
[2026-09-09T23:47:38.251Z WARN  chromiumoxide::handler] WS Invalid message: data did not match any variant of untagged enum Message
[2026-09-09T23:47:38.251Z WARN  chromiumoxide::handler] WS Invalid message: data did not match any variant of untagged enum Message
[2026-09-09T23:47:38.251Z WARN  chromiumoxide::handler] WS Invalid message: data did not match any variant of untagged enum Message
[2026-09-09T23:47:38.258Z WARN  chromiumoxide::handler] WS Invalid message: data did not match any variant of untagged enum Message
[2026-09-09T23:47:38.258Z WARN  chromiumoxide::handler] WS Invalid message: data did not match any variant of untagged enum Message
[2026-09-09T23:47:38.284Z WARN  chromiumoxide::handler] WS Invalid message: data did not match any variant of untagged enum Message
[2026-09-09T23:47:38.287Z WARN  chromiumoxide::handler] WS Invalid message: data did not match any variant of untagged enum Message
[2026-09-09T23:47:38.307Z WARN  chromiumoxide::handler] WS Invalid message: data did not match any variant of untagged enum Message
[2026-09-09T23:47:38.308Z WARN  chromiumoxide::handler] WS Invalid message: data did not match any variant of untagged enum Message
[2026-09-09T23:47:38.308Z WARN  chromiumoxide::handler] WS Invalid message: data did not match any variant of untagged enum Message
[2026-09-09T23:47:38.309Z WARN  chromiumoxide::handler] WS Invalid message: data did not match any variant of untagged enum Message
[2026-09-09T23:47:38.326Z WARN  chromiumoxide::handler] WS Invalid message: data did not match any variant of untagged enum Message
[2026-09-09T23:47:38.371Z WARN  chromiumoxide::handler] WS Invalid message: data did not match any variant of untagged enum Message
[2026-09-09T23:47:38.512Z WARN  chromiumoxide::handler] WS Invalid message: data did not match any variant of untagged enum Message
[2026-09-09T23:47:38.513Z WARN  chromiumoxide::handler] WS Invalid message: data did not match any variant of untagged enum Message
[2026-09-09T23:47:38.523Z WARN  chromiumoxide::handler] WS Invalid message: data did not match any variant of untagged enum Message
[2026-09-09T23:47:38.523Z WARN  chromiumoxide::handler] WS Invalid message: data did not match any variant of untagged enum Message
[2026-09-09T23:47:38.523Z WARN  chromiumoxide::handler] WS Invalid message: data did not match any variant of untagged enum Message
[2026-09-09T23:47:38.523Z WARN  chromiumoxide::handler] WS Invalid message: data did not match any variant of untagged enum Message
[2026-09-09T23:47:38.581Z WARN  chromiumoxide::handler] WS Invalid message: data did not match any variant of untagged enum Message
[2026-09-09T23:47:38.737Z WARN  chromiumoxide::handler] WS Invalid message: data did not match any variant of untagged enum Message
[2026-09-09T23:47:39.060Z WARN  chromiumoxide::handler] WS Invalid message: data did not match any variant of untagged enum Message
[2026-09-09T23:47:39.261Z WARN  chromiumoxide::handler] WS Invalid message: data did not match any variant of untagged enum Message
[2026-09-09T23:47:39.393Z WARN  chromiumoxide::handler] WS Invalid message: data did not match any variant of untagged enum Message
[2026-09-09T23:47:39.393Z WARN  chromiumoxide::handler] WS Invalid message: data did not match any variant of untagged enum Message
[2026-09-09T23:47:39.414Z WARN  chromiumoxide::handler] WS Invalid message: data did not match any variant of untagged enum Message
[2026-09-09T23:47:39.461Z WARN  chromiumoxide::handler] WS Invalid message: data did not match any variant of untagged enum Message
[2026-09-09T23:47:39.461Z WARN  chromiumoxide::handler] WS Invalid message: data did not match any variant of untagged enum Message
[2026-09-09T23:47:39.461Z WARN  chromiumoxide::handler] WS Invalid message: data did not match any variant of untagged enum Message
[2026-09-09T23:47:40.295Z WARN  chromiumoxide::handler] WS Invalid message: data did not match any variant of untagged enum Message
[2026-09-09T23:47:40.989Z WARN  chromiumoxide::handler] WS Invalid message: data did not match any variant of untagged enum Message
[2026-09-09T23:47:41.547Z WARN  chromiumoxide::handler] WS Invalid message: data did not match any variant of untagged enum Message
[2026-09-09T23:47:41.551Z WARN  chromiumoxide::handler] WS Invalid message: data did not match any variant of untagged enum Message
[2026-09-09T23:47:43.734Z WARN  chromiumoxide::handler] WS Invalid message: data did not match any variant of untagged enum Message
[2026-09-09T23:47:43.738Z WARN  chromiumoxide::handler] WS Invalid message: data did not match any variant of untagged enum Message
[2026-09-09T23:47:43.738Z WARN  chromiumoxide::handler] WS Invalid message: data did not match any variant of untagged enum Message
[2026-09-09T23:47:43.947Z WARN  chromiumoxide::handler] WS Invalid message: data did not match any variant of untagged enum Message
[2026-09-09T23:47:43.948Z WARN  chromiumoxide::handler] WS Invalid message: data did not match any variant of untagged enum Message
{"level":30,"time":1788997663953,"pid":161849,"hostname":"vps-15cf2c41","reqId":"req-4n","req":{"method":"GET","url":"/api/v1/workspace/meta","host":"127.0.0.1:6440","remoteAddress":"127.0.0.1","remotePort":49620},"msg":"incoming request"}
[2026-09-09T23:47:43.953Z WARN  chromiumoxide::handler] WS Invalid message: data did not match any variant of untagged enum Message
{"level":30,"time":1788997663955,"pid":161849,"hostname":"vps-15cf2c41","reqId":"req-4n","res":{"statusCode":200},"responseTime":1.8245499999902677,"msg":"request completed"}
[2026-09-09T23:47:43.964Z WARN  chromiumoxide::handler] WS Invalid message: data did not match any variant of untagged enum Message
{"level":30,"time":1788997663966,"pid":161849,"hostname":"vps-15cf2c41","reqId":"req-4o","req":{"method":"GET","url":"/api/v1/workspace/meta","host":"127.0.0.1:6440","remoteAddress":"127.0.0.1","remotePort":49624},"msg":"incoming request"}
{"level":30,"time":1788997663966,"pid":161849,"hostname":"vps-15cf2c41","reqId":"req-4o","res":{"statusCode":200},"responseTime":0.4972859999979846,"msg":"request completed"}
00:00.000 Waiting
[2026-09-09T23:47:44.202Z WARN  chromiumoxide::handler] WS Invalid message: data did not match any variant of untagged enum Message
[2026-09-09T23:47:44.203Z WARN  chromiumoxide::handler] WS Invalid message: data did not match any variant of untagged enum Message
{"level":30,"time":1788997664209,"pid":161849,"hostname":"vps-15cf2c41","reqId":"req-4p","req":{"method":"GET","url":"/api/v1/tree?path=.","host":"127.0.0.1:6440","remoteAddress":"127.0.0.1","remotePort":49632},"msg":"incoming request"}
{"level":30,"time":1788997664210,"pid":161849,"hostname":"vps-15cf2c41","reqId":"req-4q","req":{"method":"PUT","url":"/api/v1/ui/state","host":"127.0.0.1:6440","remoteAddress":"127.0.0.1","remotePort":49638},"msg":"incoming request"}
[2026-09-09T23:47:44.211Z WARN  chromiumoxide::handler] WS Invalid message: data did not match any variant of untagged enum Message
{"level":30,"time":1788997664212,"pid":161849,"hostname":"vps-15cf2c41","reqId":"req-4q","res":{"statusCode":204},"responseTime":1.6588939999928698,"msg":"request completed"}
{"level":30,"time":1788997664214,"pid":161849,"hostname":"vps-15cf2c41","reqId":"req-4r","req":{"method":"GET","url":"/api/v1/filesystems","host":"127.0.0.1:6440","remoteAddress":"127.0.0.1","remotePort":49646},"msg":"incoming request"}
{"level":30,"time":1788997664220,"pid":161849,"hostname":"vps-15cf2c41","reqId":"req-4r","res":{"statusCode":200},"responseTime":1.2308279999997467,"msg":"request completed"}
{"level":30,"time":1788997664236,"pid":161849,"hostname":"vps-15cf2c41","reqId":"req-4p","res":{"statusCode":200},"responseTime":26.572615000011865,"msg":"request completed"}
[2026-09-09T23:47:44.238Z WARN  chromiumoxide::handler] WS Invalid message: data did not match any variant of untagged enum Message
{"level":30,"time":1788997664241,"pid":161849,"hostname":"vps-15cf2c41","reqId":"req-4s","req":{"method":"GET","url":"/api/v1/agents","host":"127.0.0.1:6440","remoteAddress":"127.0.0.1","remotePort":49650},"msg":"incoming request"}
{"level":30,"time":1788997664242,"pid":161849,"hostname":"vps-15cf2c41","reqId":"req-4s","res":{"statusCode":200},"responseTime":1.0879879999847617,"msg":"request completed"}
[2026-09-09T23:47:44.243Z WARN  chromiumoxide::handler] WS Invalid message: data did not match any variant of untagged enum Message
[2026-09-09T23:47:44.243Z WARN  chromiumoxide::handler] WS Invalid message: data did not match any variant of untagged enum Message
[2026-09-09T23:47:44.245Z WARN  chromiumoxide::handler] WS Invalid message: data did not match any variant of untagged enum Message
{"level":30,"time":1788997664251,"pid":161849,"hostname":"vps-15cf2c41","reqId":"req-4t","req":{"method":"GET","url":"/api/v1/filesystems","host":"127.0.0.1:6440","remoteAddress":"127.0.0.1","remotePort":49660},"msg":"incoming request"}
{"level":30,"time":1788997664254,"pid":161849,"hostname":"vps-15cf2c41","reqId":"req-4t","res":{"statusCode":200},"responseTime":2.7192619999987073,"msg":"request completed"}
{"level":30,"time":1788997664256,"pid":161849,"hostname":"vps-15cf2c41","reqId":"req-4u","req":{"method":"PUT","url":"/api/v1/ui/state","host":"127.0.0.1:6440","remoteAddress":"127.0.0.1","remotePort":49672},"msg":"incoming request"}
{"level":30,"time":1788997664257,"pid":161849,"hostname":"vps-15cf2c41","reqId":"req-4u","res":{"statusCode":204},"responseTime":0.8552099999797065,"msg":"request completed"}
{"level":30,"time":1788997664259,"pid":161849,"hostname":"vps-15cf2c41","reqId":"req-4v","req":{"method":"GET","url":"/api/v1/tree?path=.","host":"127.0.0.1:6440","remoteAddress":"127.0.0.1","remotePort":49676},"msg":"incoming request"}
{"level":30,"time":1788997664265,"pid":161849,"hostname":"vps-15cf2c41","reqId":"req-4v","res":{"statusCode":200},"responseTime":5.978459999983897,"msg":"request completed"}
[2026-09-09T23:47:44.347Z WARN  chromiumoxide::handler] WS Invalid message: data did not match any variant of untagged enum Message
[2026-09-09T23:47:44.353Z WARN  chromiumoxide::handler] WS Invalid message: data did not match any variant of untagged enum Message
[2026-09-09T23:47:44.354Z WARN  chromiumoxide::handler] WS Invalid message: data did not match any variant of untagged enum Message
{"level":30,"time":1788997664354,"pid":161849,"hostname":"vps-15cf2c41","reqId":"req-4w","req":{"method":"GET","url":"/api/v1/fs/events?workspaceId=workspace","host":"127.0.0.1:6440","remoteAddress":"127.0.0.1","remotePort":49680},"msg":"incoming request"}
[2026-09-09T23:47:44.354Z WARN  chromiumoxide::handler] WS Invalid message: data did not match any variant of untagged enum Message
[2026-09-09T23:47:44.355Z WARN  chromiumoxide::handler] WS Invalid message: data did not match any variant of untagged enum Message
[2026-09-09T23:47:44.356Z WARN  chromiumoxide::handler] WS Invalid message: data did not match any variant of untagged enum Message
{"level":30,"time":1788997664361,"pid":161849,"hostname":"vps-15cf2c41","reqId":"req-4x","req":{"method":"GET","url":"/api/v1/ui/commands/next?workspaceId=workspace","host":"127.0.0.1:6440","remoteAddress":"127.0.0.1","remotePort":49692},"msg":"incoming request"}
{"level":30,"time":1788997664368,"pid":161849,"hostname":"vps-15cf2c41","reqId":"req-4y","req":{"method":"GET","url":"/api/v1/ui/state","host":"127.0.0.1:6440","remoteAddress":"127.0.0.1","remotePort":49704},"msg":"incoming request"}
{"level":30,"time":1788997664368,"pid":161849,"hostname":"vps-15cf2c41","reqId":"req-4y","res":{"statusCode":200},"responseTime":0.4319530000211671,"msg":"request completed"}
{"level":30,"time":1788997664370,"pid":161849,"hostname":"vps-15cf2c41","reqId":"req-4z","req":{"method":"GET","url":"/api/v1/agents/alpha/sessions?limit=50&archived=active","host":"127.0.0.1:6440","remoteAddress":"127.0.0.1","remotePort":49720},"msg":"incoming request"}
{"level":30,"time":1788997664375,"pid":161849,"hostname":"vps-15cf2c41","reqId":"req-50","req":{"method":"GET","url":"/api/v1/agents/alpha/ready-status","host":"127.0.0.1:6440","remoteAddress":"127.0.0.1","remotePort":49734},"msg":"incoming request"}
{"level":30,"time":1788997664378,"pid":161849,"hostname":"vps-15cf2c41","reqId":"req-51","req":{"method":"GET","url":"/api/v1/tree?path=.","host":"127.0.0.1:6440","remoteAddress":"127.0.0.1","remotePort":49744},"msg":"incoming request"}
{"level":30,"time":1788997664388,"pid":161849,"hostname":"vps-15cf2c41","reqId":"req-51","res":{"statusCode":200},"responseTime":9.414550000015879,"msg":"request completed"}
{"level":30,"time":1788997664401,"pid":161849,"hostname":"vps-15cf2c41","reqId":"req-52","req":{"method":"GET","url":"/api/v1/tree?path=.","host":"127.0.0.1:6440","remoteAddress":"127.0.0.1","remotePort":49748},"msg":"incoming request"}
{"level":30,"time":1788997664407,"pid":161849,"hostname":"vps-15cf2c41","reqId":"req-52","res":{"statusCode":200},"responseTime":6.1303009999974165,"msg":"request completed"}
[2026-09-09T23:47:44.409Z WARN  chromiumoxide::handler] WS Invalid message: data did not match any variant of untagged enum Message
{"level":30,"time":1788997664418,"pid":161849,"hostname":"vps-15cf2c41","reqId":"req-4z","res":{"statusCode":200},"responseTime":47.692832000000635,"msg":"request completed"}
[2026-09-09T23:47:44.423Z WARN  chromiumoxide::handler] WS Invalid message: data did not match any variant of untagged enum Message
{"level":30,"time":1788997664423,"pid":161849,"hostname":"vps-15cf2c41","reqId":"req-50","res":{"statusCode":200},"responseTime":47.68637700000545,"msg":"request completed"}
[2026-09-09T23:47:44.427Z WARN  chromiumoxide::handler] WS Invalid message: data did not match any variant of untagged enum Message
{"level":30,"time":1788997664430,"pid":161849,"hostname":"vps-15cf2c41","reqId":"req-53","req":{"method":"GET","url":"/api/v1/agents/alpha/sessions?limit=50&archived=active","host":"127.0.0.1:6440","remoteAddress":"127.0.0.1","remotePort":49752},"msg":"incoming request"}
{"level":30,"time":1788997664434,"pid":161849,"hostname":"vps-15cf2c41","reqId":"req-54","req":{"method":"GET","url":"/api/v1/agents/alpha/ready-status","host":"127.0.0.1:6440","remoteAddress":"127.0.0.1","remotePort":49764},"msg":"incoming request"}
{"level":30,"time":1788997664448,"pid":161849,"hostname":"vps-15cf2c41","reqId":"req-54","res":{"statusCode":200},"responseTime":13.92798100001528,"msg":"request completed"}
{"level":30,"time":1788997664450,"pid":161849,"hostname":"vps-15cf2c41","reqId":"req-53","res":{"statusCode":200},"responseTime":19.100052000023425,"msg":"request completed"}
00:00.450 Clicking <button> (x: 28.0, y: 30.0)
[2026-09-09T23:47:44.534Z WARN  chromiumoxide::handler] WS Invalid message: data did not match any variant of untagged enum Message
{"level":30,"time":1788997664536,"pid":161849,"hostname":"vps-15cf2c41","reqId":"req-55","req":{"method":"GET","url":"/api/v1/ui/state","host":"127.0.0.1:6440","remoteAddress":"127.0.0.1","remotePort":49770},"msg":"incoming request"}
{"level":30,"time":1788997664537,"pid":161849,"hostname":"vps-15cf2c41","reqId":"req-55","res":{"statusCode":200},"responseTime":0.651534000004176,"msg":"request completed"}
[2026-09-09T23:47:44.765Z WARN  chromiumoxide::handler] WS Invalid message: data did not match any variant of untagged enum Message
[2026-09-09T23:47:44.765Z WARN  chromiumoxide::handler] WS Invalid message: data did not match any variant of untagged enum Message
{"level":30,"time":1788997664767,"pid":161849,"hostname":"vps-15cf2c41","reqId":"req-56","req":{"method":"POST","url":"/api/v1/workspace-bridge/call","host":"127.0.0.1:6440","remoteAddress":"127.0.0.1","remotePort":49778},"msg":"incoming request"}
[2026-09-09T23:47:44.773Z WARN  chromiumoxide::handler] WS Invalid message: data did not match any variant of untagged enum Message
{"level":30,"time":1788997664772,"pid":161849,"hostname":"vps-15cf2c41","reqId":"req-56","res":{"statusCode":200},"responseTime":4.763034999981755,"msg":"request completed"}
{"level":30,"time":1788997664774,"pid":161849,"hostname":"vps-15cf2c41","reqId":"req-57","req":{"method":"GET","url":"/api/v1/agents/session-activity/events?workspaceId=workspace","host":"127.0.0.1:6440","remoteAddress":"127.0.0.1","remotePort":49782},"msg":"incoming request"}
[2026-09-09T23:47:44.855Z WARN  chromiumoxide::handler] WS Invalid message: data did not match any variant of untagged enum Message
{"level":30,"time":1788997664856,"pid":161849,"hostname":"vps-15cf2c41","reqId":"req-58","req":{"method":"GET","url":"/api/v1/agents/alpha/sessions?limit=50&archived=archived","host":"127.0.0.1:6440","remoteAddress":"127.0.0.1","remotePort":49788},"msg":"incoming request"}
{"level":30,"time":1788997664867,"pid":161849,"hostname":"vps-15cf2c41","reqId":"req-58","res":{"statusCode":200},"responseTime":10.072461999981897,"msg":"request completed"}
00:01.061 Clicking <button> (x: 166.7, y: 82.0, content: "Search⌘K")

Reproduction finished!

Inspect the test results using:

  bombadil browser inspect /dev/shm/cpr-dd3/boring-ui-review-run.9eatbI/replay-mobile.j2wWeq

verified Bombadil replay final state: cpr-04:workspace-command-palette:candidate:mobile:explore-0004-dialog-popover:31e49a82afe5
[WebServer] (!) Your Vite config uses features that are unsupported by `configLoader: 'native'`, which is planned to become the default in a future major version of Vite:
[WebServer]   - `__dirname` (vite.config.ts:9:59). Use `import.meta.dirname` instead
[WebServer]   - import "./src/server/dev" without a file extension (vite.config.ts:6:66). Add the file extension
[WebServer]   - import "./src/release-candidate-dist" without a file extension (vite.config.ts:7:50). Add the file extension
[WebServer]   - import "./testing/scriptedPiHarness" without a file extension (src/server/dev.ts:7:110). Add the file extension
[WebServer]   - import "../shared/showcaseSession" without a file extension (src/server/dev.ts:8:51). Add the file extension
[WebServer]   - import "./testing/twoAgentFleet" without a file extension (src/server/dev.ts:14:8). Add the file extension
[WebServer]   - import "./factoryAgents" without a file extension (src/server/dev.ts:17:41). Add the file extension
[WebServer]   - import "./playgroundAgentMode" without a file extension (src/server/dev.ts:18:44). Add the file extension
[WebServer]   - import "../shared/playgroundAgents" without a file extension (src/server/dev.ts:19:53). Add the file extension
[WebServer]   - import "../../shared/playgroundAgents" without a file extension (src/server/testing/twoAgentFleet.ts:2:48). Add the file extension
[WebServer] Set `VITE_CONFIG_NATIVE_IGNORE_WARNING=true` to suppress this warning.
[WebServer] 11:47:59 PM [vite] warning: `esbuild` option was specified by "vite:react-babel" plugin. This option is deprecated, please use `oxc` instead.
[WebServer] `optimizeDeps.rollupOptions` / `ssr.optimizeDeps.rollupOptions` is deprecated. Use `optimizeDeps.rolldownOptions` instead. Note that this option may be set by a plugin. Set VITE_DEPRECATION_TRACE=1 to see where it is called.
[WebServer] [vite:react-babel] We recommend switching to `@vitejs/plugin-react-oxc` for improved performance. More information at https://vite.dev/rolldown
[WebServer] (node:167253) ExperimentalWarning: SQLite is an experimental feature and might change at any time
[WebServer] (Use `node --trace-warnings ...` to show where the warning was created)
[WebServer] (node:167253) [BORING_WORKSPACE_BRIDGE_INSECURE_AUTH] Warning: createWorkspaceAgentServer is using createLocalCliBridgeAuthPolicy for WorkspaceBridge browser calls. This policy is unauthenticated, grants registered bridge capabilities to the fixed local principal, and is intended only for local/dev CLI usage. Provide workspaceBridge.browserAuthPolicy before exposing this server.

Running 1 test using 1 worker

  ✓  1 [chromium] › e2e/review.spec.ts:54:3 › UI review › captures and reviews workspace-command-palette (25.8s)

  1 passed (36.6s)
