
> @hachej/boring-ui-review-tools@0.0.1 ui:review <sandbox-root>/tools/ui-review
> tsx scripts/run-ui-review.mjs -- review workspace-command-palette --critic=fixture


> workspace-playground@0.0.1 build:deps <sandbox-root>/apps/workspace-playground
> pnpm --filter @hachej/boring-ui-kit build && pnpm --filter @hachej/boring-ui-plugin-cli build && pnpm --filter @hachej/boring-sandbox build && pnpm --filter @hachej/boring-bash build && pnpm --filter @hachej/boring-agent build && pnpm --filter @hachej/boring-pi build && pnpm --filter @hachej/boring-workspace build && pnpm --filter @hachej/boring-core build && pnpm --filter @hachej/boring-deck build && pnpm --filter @hachej/boring-ask-user build && pnpm --filter @hachej/boring-tasks build && pnpm --filter @hachej/boring-diagram build && pnpm --filter @hachej/boring-data-explorer build && pnpm --filter @hachej/boring-data-catalog build


> @hachej/boring-ui-kit@0.1.109 build <sandbox-root>/packages/ui
> tsup && node scripts/build-styles.mjs

CLI Building entry: {"index":"src/index.ts"}
CLI Using tsconfig: tsconfig.json
CLI tsup v8.5.1
CLI Using tsup config: <sandbox-root>/packages/ui/tsup.config.ts
CLI Target: es2022
CLI Cleaning output folder
ESM Build start
ESM dist/index.js 96.25 KB
ESM ⚡️ Build success in 120ms
DTS Build start
DTS ⚡️ Build success in 6271ms
DTS dist/index.d.ts 34.51 KB

> @hachej/boring-ui-plugin-cli@0.1.109 build <sandbox-root>/packages/plugin-cli
> tsup

CLI Building entry: {"index":"src/index.ts","bin":"src/bin.ts","plugin-sources":"src/server/pluginSources.ts"}
CLI Using tsconfig: tsconfig.json
CLI tsup v8.5.1
CLI Using tsup config: <sandbox-root>/packages/plugin-cli/tsup.config.ts
CLI Target: node20
CLI Cleaning output folder
ESM Build start
ESM dist/index.js          901.00 B
ESM dist/plugin-sources.js 497.00 B
ESM dist/chunk-KTILPA2U.js 26.73 KB
ESM dist/bin.js            265.00 B
ESM dist/chunk-YUAML3DZ.js 43.52 KB
ESM ⚡️ Build success in 55ms
DTS Build start
DTS ⚡️ Build success in 6171ms
DTS dist/bin.d.ts            20.00 B
DTS dist/plugin-sources.d.ts 3.60 KB
DTS dist/index.d.ts          4.45 KB

> @hachej/boring-sandbox@0.1.109 build <sandbox-root>/packages/boring-sandbox
> tsup

CLI Building entry: {"index":"src/index.ts","shared/index":"src/shared/index.ts","providers/index":"src/providers/index.ts","providers/direct/index":"src/providers/direct/index.ts","providers/bwrap/index":"src/providers/bwrap/index.ts","providers/node-workspace/index":"src/providers/node-workspace/index.ts","providers/blaxel/index":"src/providers/blaxel/index.ts","providers/vercel-sandbox/index":"src/providers/vercel-sandbox/index.ts","providers/runsc/index":"src/providers/runsc/index.ts","providers/remote-worker/index":"src/providers/remote-worker/index.ts"}
CLI Using tsconfig: tsconfig.json
CLI tsup v8.5.1
CLI Using tsup config: <sandbox-root>/packages/boring-sandbox/tsup.config.ts
CLI Target: es2022
CLI Cleaning output folder
ESM Build start
ESM dist/index.js                          19.35 KB
ESM dist/providers/direct/index.js         25.22 KB
ESM dist/providers/bwrap/index.js          36.60 KB
ESM dist/shared/index.js                   19.35 KB
ESM dist/providers/node-workspace/index.js 18.50 KB
ESM dist/providers/remote-worker/index.js  65.56 KB
ESM dist/providers/index.js                241.49 KB
ESM dist/providers/runsc/index.js          113.12 KB
ESM dist/providers/vercel-sandbox/index.js 101.45 KB
ESM dist/providers/blaxel/index.js         74.90 KB
ESM ⚡️ Build success in 218ms
DTS Build start
DTS ⚡️ Build success in 96148ms
DTS dist/providers/index.d.ts                      2.52 KB
DTS dist/providers/remote-worker/index.d.ts        5.26 KB
DTS dist/providers/blaxel/index.d.ts               2.04 KB
DTS dist/providers/node-workspace/index.d.ts       4.41 KB
DTS dist/providers/vercel-sandbox/index.d.ts       7.93 KB
DTS dist/providers/runsc/index.d.ts                23.47 KB
DTS dist/providers/bwrap/index.d.ts                2.10 KB
DTS dist/providers/direct/index.d.ts               666.00 B
DTS dist/shared/index.d.ts                         5.14 KB
DTS dist/index.d.ts                                4.32 KB
DTS dist/remoteWorkerProtocolV1-NU-MaJcz.d.ts      52.64 KB
DTS dist/qualificationBundle-BpxgRXzG.d.ts         16.09 KB
DTS dist/createBlaxelSandboxProvider-DNky2Rbo.d.ts 3.32 KB
DTS dist/providerV1-t-uEtu-o.d.ts                  11.26 KB
DTS dist/createRemoteWorkerProvider-G3u8nPAe.d.ts  4.67 KB
DTS dist/createVercelSandboxProvider-Bg12qM0D.d.ts 3.94 KB

> @hachej/boring-bash@0.1.109 build <sandbox-root>/packages/boring-bash
> tsup

CLI Building entry: {"index":"src/index.ts","agent/index":"src/agent/index.ts","shared/index":"src/shared/index.ts","server/index":"src/server/index.ts"}
CLI Using tsconfig: tsconfig.json
CLI tsup v8.5.1
CLI Using tsup config: <sandbox-root>/packages/boring-bash/tsup.config.ts
CLI Target: es2022
CLI Cleaning output folder
ESM Build start
ESM dist/index.js        2.49 KB
ESM dist/shared/index.js 3.41 KB
ESM dist/agent/index.js  66.13 KB
ESM dist/server/index.js 110.82 KB
ESM ⚡️ Build success in 212ms
DTS Build start
DTS ⚡️ Build success in 36439ms
DTS dist/agent/index.d.ts    7.65 KB
DTS dist/server/index.d.ts   24.76 KB
DTS dist/shared/index.d.ts   4.63 KB
DTS dist/index.d.ts          539.00 B
DTS dist/types-HnMSUqBc.d.ts 6.62 KB

> @hachej/boring-agent@0.1.109 build <sandbox-root>/packages/agent
> tsup && pnpm run build:assert

CLI Building entry: {"shared/index":"src/shared/index.ts","core/index":"src/core/index.ts","server/index":"src/server/index.ts","server/pi-session-readability":"src/server/harness/pi-coding-agent/sessionReadability.ts","server/agent-host/testing/gatewayConformance":"src/server/agent-host/testing/gatewayConformance.ts","server/agent-host/testing/compositionRouteProof":"src/server/agent-host/testing/compositionRouteProof.ts","server/worker/index":"src/server/worker/index.ts","front/index":"src/front/index.ts","front/artifacts":"src/front/artifacts.ts","eval/index":"src/eval/index.ts"}
CLI Using tsconfig: tsconfig.json
CLI tsup v8.5.1
CLI Using tsup config: <sandbox-root>/packages/agent/tsup.config.ts
CLI Target: es2022
CLI Cleaning output folder
ESM Build start
ESM dist/createHarness-WVOVOOJJ.js                          445.00 B
ESM dist/server/index.js                                    6.19 KB
ESM dist/DebugDrawer-JNA43SVR.js                            139.00 B
ESM dist/server/pi-session-readability.js                   940.00 B
ESM dist/front/index.js                                     495.27 KB
ESM dist/chunk-6OANSUEI.js                                  47.63 KB
ESM dist/chunk-EDI7C4MR.js                                  112.07 KB
ESM dist/chunk-7XAOVFSN.js                                  664.00 B
ESM dist/chunk-N6THTH7P.js                                  2.78 KB
ESM dist/chunk-4XOW57KJ.js                                  14.25 KB
ESM dist/chunk-YTUZFKB3.js                                  2.91 KB
ESM dist/chunk-2BGLZZ7T.js                                  174.00 B
ESM dist/chunk-YGRQ4Q5P.js                                  685.00 B
ESM dist/chunk-3JFPS2O6.js                                  5.57 KB
ESM dist/chunk-MVKXLMH3.js                                  13.98 KB
ESM dist/server/agent-host/testing/gatewayConformance.js    32.73 KB
ESM dist/chunk-DGIHXIFQ.js                                  580.48 KB
ESM dist/core/index.js                                      21.44 KB
ESM dist/server/worker/index.js                             13.49 KB
ESM dist/eval/index.js                                      16.12 KB
ESM dist/shared/index.js                                    6.54 KB
ESM dist/front/artifacts.js                                 381.00 B
ESM dist/server/agent-host/testing/compositionRouteProof.js 3.65 KB
ESM ⚡️ Build success in 848ms
DTS Build start
"buildBwrapArgs" and "createBwrapSandboxProvider" are imported from external module "@hachej/boring-sandbox/providers/bwrap" but never used in "host/sandbox.ts".
"createNodeWorkspace", "getBoringAgentPathEntries", "getBoringAgentRuntimeEnv" and "getBoringAgentRuntimePaths" are imported from external module "@hachej/boring-sandbox/providers/node-workspace" but never used in "host/sandbox.ts".
"createBlaxelSandboxProvider" and "BLAXEL_WORKSPACE_ROOT" are imported from external module "@hachej/boring-sandbox/providers/blaxel" but never used in "host/sandbox.ts".
"createDirectSandboxProvider" is imported from external module "@hachej/boring-sandbox/providers/direct" but never used in "host/sandbox.ts".
DTS ⚡️ Build success in 119129ms
DTS dist/core/index.d.ts                                      1.86 KB
DTS dist/server/agent-host/testing/compositionRouteProof.d.ts 312.00 B
DTS dist/server/agent-host/testing/gatewayConformance.d.ts    1.98 KB
DTS dist/server/pi-session-readability.d.ts                   501.00 B
DTS dist/eval/index.d.ts                                      8.97 KB
DTS dist/server/worker/index.d.ts                             3.05 KB
DTS dist/shared/index.d.ts                                    151.80 KB
DTS dist/front/index.d.ts                                     41.65 KB
DTS dist/server/index.d.ts                                    72.91 KB
DTS dist/front/artifacts.d.ts                                 1.83 KB
DTS dist/middleware-CaAEXpi5.d.ts                             3.17 KB
DTS dist/piChatSessionService-nvroRAVk.d.ts                   4.41 KB
DTS dist/file-search-C8G9Ca8V.d.ts                            4.19 KB
DTS dist/errors-CEU4iujR.d.ts                                 12.02 KB
DTS dist/sandbox-BMhut3kh.d.ts                                13.29 KB
DTS dist/harness-Ct0e4RWc.d.ts                                10.58 KB
DTS dist/piChatEvent-BUWIzw5l.d.ts                            63.86 KB
DTS dist/lease-nASWv2tU.d.ts                                  18.77 KB
DTS dist/types-fwlLd-cS.d.ts                                  41.86 KB

> @hachej/boring-agent@0.1.109 build:assert <sandbox-root>/packages/agent
> node ./scripts/assert-build-artifacts.mjs

build-artifacts: OK

> @hachej/boring-pi@0.1.13 build <sandbox-root>/packages/pi
> node scripts/assert-package.mjs

boring-pi package resources: OK

> @hachej/boring-workspace@0.1.109 build <sandbox-root>/packages/workspace
> tsup && vite build && node ./scripts/build-workspace-css.mjs && node ./scripts/assert-build-artifacts.mjs

CLI Building entry: {"app-server":"src/app/server/index.ts","server":"src/server/index.ts","runtime-server":"src/server/runtimeBackend/defineRuntimeServerPlugin.ts","shared":"src/shared/index.ts","bridge-client":"src/bridge-client/index.ts","events":"src/front/events/index.ts","plugin":"src/plugin.ts"}
CLI Using tsconfig: tsconfig.tsup.json
CLI tsup v8.5.1
CLI Using tsup config: <sandbox-root>/packages/workspace/tsup.config.ts
CLI Target: es2022
CLI Cleaning output folder
ESM Build start
ESM dist/app-server.js     287.79 KB
ESM dist/shared.js         10.70 KB
ESM dist/bridge-client.js  14.60 KB
ESM dist/server.js         215.54 KB
ESM dist/runtime-server.js 1.12 KB
ESM dist/events.js         2.96 KB
ESM dist/plugin.js         21.25 KB
ESM ⚡️ Build success in 239ms
DTS Build start
DTS ⚡️ Build success in 26824ms
DTS dist/app-server.d.ts                    22.10 KB
DTS dist/bridge-client.d.ts                 3.20 KB
DTS dist/events.d.ts                        7.32 KB
DTS dist/plugin.d.ts                        15.36 KB
DTS dist/server.d.ts                        38.49 KB
DTS dist/runtime-server.d.ts                2.12 KB
DTS dist/shared.d.ts                        11.84 KB
DTS dist/types-B1hDNDJf.d.ts                146.00 B
DTS dist/runtimeEnv-B8_Y4fhX.d.ts           20.92 KB
DTS dist/manifest-B3IoRf9m.d.ts             2.88 KB
DTS dist/surface-BppFFmNz.d.ts              5.29 KB
DTS dist/urlPane-D5wJ6ItF.d.ts              2.75 KB
DTS dist/agent-tool-Clfxoyef.d.ts           1.26 KB
DTS dist/workspace-bridge-rpc-BHsOJMlW.d.ts 5.41 KB
DTS dist/ui-bridge-DzjfAFqa.d.ts            2.36 KB
DTS dist/filesystem-BIUerwPV.d.ts           1.13 KB
(!) Your Vite config uses features that are unsupported by `configLoader: 'native'`, which is planned to become the default in a future major version of Vite:
  - `__dirname` (vite.config.ts:14:24). Use `import.meta.dirname` instead
Set `VITE_CONFIG_NATIVE_IGNORE_WARNING=true` to suppress this warning.
11:54:32 PM [vite] warning: `esbuild` option was specified by "vite:react-babel" plugin. This option is deprecated, please use `oxc` instead.
`optimizeDeps.rollupOptions` / `ssr.optimizeDeps.rollupOptions` is deprecated. Use `optimizeDeps.rolldownOptions` instead. Note that this option may be set by a plugin. Set VITE_DEPRECATION_TRACE=1 to see where it is called.
[vite:react-babel] We recommend switching to `@vitejs/plugin-react-oxc` for improved performance. More information at https://vite.dev/rolldown
vite v8.2.1 building client environment for production...
[2K
transforming...✓ 416 modules transformed.
rendering chunks...

[unplugin:dts] Start generate declaration files...
[unplugin:dts] Start bundling declaration files...

[unplugin:dts] Failed to load '@microsoft/api-extractor', have you installed it?


[unplugin:dts] Error occurred, skip bundle declaration files.

[unplugin:dts] Declaration files built in 48495ms.

computing gzip size...
dist/boring-workspace.css                    8.93 kB │ gzip:  1.90 kB
dist/loading.js                              0.10 kB │ gzip:  0.09 kB
dist/reloadEvent-Dm9lkxge.js                 0.12 kB │ gzip:  0.12 kB
dist/utils-BRcxFdrz.js                       0.18 kB │ gzip:  0.15 kB
dist/panel-C3f-tnSJ.js                       0.27 kB │ gzip:  0.16 kB
dist/filesystemErrorRedaction-DNGYs3Sy.js    0.29 kB │ gzip:  0.22 kB
dist/getFileIcon-DjXq4MdF.js                 0.67 kB │ gzip:  0.35 kB
dist/uiCommandBus-DxuPkZNB.js                0.67 kB │ gzip:  0.39 kB
dist/rolldown-runtime-B0aSnxlc.js            0.95 kB │ gzip:  0.52 kB
dist/toast-BPlCG87n.js                       1.10 kB │ gzip:  0.56 kB
dist/paneCollapseButton-DsP_eWje.js          1.20 kB │ gzip:  0.67 kB
dist/ControlTooltip-Cl5Pya1L.js              1.31 kB │ gzip:  0.60 kB
dist/testing-e2e.js                          1.43 kB │ gzip:  0.79 kB
dist/MarkdownEditorPane-gp9XoMOu.js          1.59 kB │ gzip:  0.86 kB
dist/selectors-BfOn6gAj.js                   1.73 kB │ gzip:  0.69 kB
dist/cornerChrome-j82P5DiE.js                1.80 kB │ gzip:  0.92 kB
dist/events-C96ZDGkP.js                      1.80 kB │ gzip:  0.85 kB
dist/ManagementOverlaySurface-HwS_FMff.js    2.53 kB │ gzip:  0.97 kB
dist/hooks-Cy20Vjde.js                       4.14 kB │ gzip:  1.51 kB
dist/ChatPaneStage-D92ed41x.js               4.46 kB │ gzip:  1.72 kB
dist/useWorkspacePluginClient-DHk44NlO.js    4.81 kB │ gzip:  1.93 kB
dist/agentCapabilities-BmNe6PR0.js           5.75 kB │ gzip:  1.76 kB
dist/charts.js                               5.78 kB │ gzip:  2.01 kB
dist/MediaViewerPane-DLQEBklF.js             7.03 kB │ gzip:  2.30 kB
dist/FileTreePane-BkRb0P33.js                7.21 kB │ gzip:  2.34 kB
dist/HtmlViewerPane-B8KFuws7.js              9.24 kB │ gzip:  3.17 kB
dist/FileTree-zfO6xxo7.js                   10.71 kB │ gzip:  3.79 kB
dist/CodeEditorPane-DhCwsMRj.js             11.73 kB │ gzip:  3.96 kB
dist/PluginErrorBoundary-2eyNGuY-.js        11.97 kB │ gzip:  3.00 kB
dist/PluginsOverlay-CQfyTj--.js             12.08 kB │ gzip:  3.09 kB
dist/WorkspaceLoadingState-ClBFADv3.js      12.70 kB │ gzip:  1.98 kB
dist/FilePaneShell-BR1O5kNh.js              13.18 kB │ gzip:  4.13 kB
dist/AgentPage-B92mmxFw.js                  16.16 kB │ gzip:  3.69 kB
dist/DataProvider-D4Tg07kS.js               16.19 kB │ gzip:  5.32 kB
dist/WorkbenchLeftPane-BG6Apq5Z.js          16.80 kB │ gzip:  4.64 kB
dist/ChatPaneStageDock-DBHK-vv4.js          19.77 kB │ gzip:  5.45 kB
dist/AgentDetailsOverlay-DikjQgJ4.js        21.08 kB │ gzip:  4.83 kB
dist/MarkdownEditor-1CEKX8lg.js             31.74 kB │ gzip:  8.93 kB
dist/FileTreeView-DbSVAapu.js               41.19 kB │ gzip: 11.06 kB
dist/workspace.js                           41.61 kB │ gzip: 11.42 kB
dist/SurfaceShell-Dw8vis0-.js               48.50 kB │ gzip: 13.39 kB
dist/TopBar-CxO1SibN.js                     51.35 kB │ gzip: 12.26 kB
dist/WorkspaceProvider-ncuFtdwF.js         154.23 kB │ gzip: 39.08 kB
dist/app-front.js                          205.70 kB │ gzip: 48.11 kB
dist/testing.js                            255.27 kB │ gzip: 44.65 kB

✓ built in 49.75s
[33m[PLUGIN_TIMINGS] [0mYour build spent 98% of 49.7s inside plugin hooks (48.8s).
Measured inside the callback, so queue time is excluded and time the callback itself awaited is not:
  - unplugin-dts buildStart (90%, 44.6s, 1 call)
  - unplugin-dts writeBundle (5%, 2.3s, 1 call)
  - unplugin-dts transform (3%, 1.6s, 416 calls)
See https://rolldown.rs/reference/InputOptions.checks#plugintimings for more details.

assert-build-artifacts: all 21 artifacts present

> @hachej/boring-core@0.1.109 build <sandbox-root>/packages/core
> tsup && pnpm run build:assert

CLI Building entry: {"server/index":"src/server/index.ts","server/db/index":"src/server/db/index.ts","app/server/index":"src/app/server/index.ts","app/front/index":"src/app/front/index.ts","app/vite/index":"src/app/vite/index.ts","front/index":"src/front/index.ts","front/top-bar-slot":"src/front/components/TopBarSlot.tsx","shared/index":"src/shared/index.ts"}
CLI Using tsconfig: tsconfig.json
CLI tsup v8.5.1
CLI Using tsup config: <sandbox-root>/packages/core/tsup.config.ts
CLI Target: es2022
CLI Cleaning output folder
ESM Build start
ESM dist/shared/index.js       857.00 B
ESM dist/chunk-XKKVA3WR.js     121.22 KB
ESM dist/chunk-EEMKIN55.js     183.59 KB
ESM dist/chunk-HYNKZSTF.js     437.00 B
ESM dist/chunk-YMWFQN6F.js     338.00 B
ESM dist/chunk-AQBXNPMD.js     254.00 B
ESM dist/chunk-H5XK7CBJ.js     150.28 KB
ESM dist/chunk-I4PGL4ZD.js     488.00 B
ESM dist/chunk-XFTE4MLH.js     155.00 B
ESM dist/chunk-WYRJV2HL.js     2.68 KB
ESM dist/chunk-MLKGABMK.js     191.00 B
ESM dist/server/db/index.js    739.00 B
ESM dist/app/front/index.js    73.87 KB
ESM dist/front/index.js        2.53 KB
ESM dist/app/vite/index.js     786.00 B
ESM dist/app/server/index.js   87.70 KB
ESM dist/front/top-bar-slot.js 159.00 B
ESM dist/server/index.js       77.65 KB
ESM ⚡️ Build success in 187ms
DTS Build start
"magicLinkClient" is imported from external module "better-auth/client/plugins" but never used in "src/front/auth/authClient.ts".
DTS ⚡️ Build success in 121276ms
DTS dist/app/front/index.d.ts                   15.13 KB
DTS dist/app/server/index.d.ts                  14.07 KB
DTS dist/app/vite/index.d.ts                    1.35 KB
DTS dist/front/index.d.ts                       22.03 KB
DTS dist/front/top-bar-slot.d.ts                295.00 B
DTS dist/server/db/index.d.ts                   13.88 KB
DTS dist/server/index.d.ts                      48.40 KB
DTS dist/shared/index.d.ts                      3.38 KB
DTS dist/CoreFront-DB1OfNJU.d.ts                2.42 KB
DTS dist/loadConfig-J4PFyqIL.d.ts               6.80 KB
DTS dist/PostgresModelBudgetStore-CDH684E7.d.ts 16.58 KB
DTS dist/types-uiSO8ppZ.d.ts                    10.78 KB
DTS dist/telemetry-DR18MeI0.d.ts                466.00 B
DTS dist/types-brYS1KDl.d.ts                    10.69 KB

> @hachej/boring-core@0.1.109 build:assert <sandbox-root>/packages/core
> node ./scripts/assert-build-artifacts.mjs

assert-build-artifacts: all 10 exported artifact(s) present, 4 stylesheet(s) with resolvable @imports

> @hachej/boring-deck@0.1.109 build <sandbox-root>/plugins/deck
> tsup

CLI Building entry: {"front/index":"src/front/index.tsx","shared/index":"src/shared/index.ts"}
CLI Using tsconfig: tsconfig.json
CLI tsup v8.5.1
CLI Using tsup config: <sandbox-root>/plugins/deck/tsup.config.ts
CLI Target: es2022
CLI Cleaning output folder
ESM Build start
ESM dist/front/index.js  38.25 KB
ESM dist/shared/index.js 8.25 KB
ESM ⚡️ Build success in 53ms
DTS Build start
DTS ⚡️ Build success in 25222ms
DTS dist/front/index.d.ts    1.76 KB
DTS dist/shared/index.d.ts   961.00 B
DTS dist/types-Dt_A9RNg.d.ts 1.57 KB

> @hachej/boring-ask-user@0.1.109 build <sandbox-root>/plugins/ask-user
> tsup

CLI Building entry: {"front/index":"src/front/index.tsx","server/index":"src/server/index.ts","shared/index":"src/shared/index.ts"}
CLI Using tsconfig: tsconfig.json
CLI tsup v8.5.1
CLI Using tsup config: <sandbox-root>/plugins/ask-user/tsup.config.ts
CLI Target: es2022
CLI Cleaning output folder
ESM Build start
ESM dist/shared/index.js 15.86 KB
ESM dist/server/index.js 81.55 KB
ESM dist/front/index.js  116.68 KB
ESM ⚡️ Build success in 96ms
DTS Build start
DTS ⚡️ Build success in 42213ms
DTS dist/front/index.d.ts    854.00 B
DTS dist/server/index.d.ts   14.18 KB
DTS dist/shared/index.d.ts   121.45 KB
DTS dist/types-x1DmGJF4.d.ts 6.52 KB

> @hachej/boring-tasks@0.1.109 build <sandbox-root>/plugins/tasks
> tsup --config tsup.config.ts && tsup --config tsup.descriptor.config.ts && node scripts/assert-declarations.mjs

CLI Building entry: {"front/index":"src/front/index.tsx","server/index":"src/server/index.ts","shared/index":"src/shared/index.ts"}
CLI Using tsconfig: tsconfig.json
CLI tsup v8.5.1
CLI Using tsup config: <sandbox-root>/plugins/tasks/tsup.config.ts
CLI Target: es2022
CLI Cleaning output folder
ESM Build start
ESM dist/shared/index.js 4.89 KB
ESM dist/front/index.js  143.51 KB
ESM dist/server/index.js 102.42 KB
ESM ⚡️ Build success in 135ms
DTS Build start
DTS ⚡️ Build success in 56604ms
DTS dist/front/index.d.ts  2.63 KB
DTS dist/server/index.d.ts 11.43 KB
DTS dist/shared/index.d.ts 7.77 KB
CLI Building entry: {"front/descriptor":"src/front/descriptor.tsx"}
CLI Using tsconfig: tsconfig.json
CLI tsup v8.5.1
CLI Using tsup config: <sandbox-root>/plugins/tasks/tsup.descriptor.config.ts
CLI Target: es2022
ESM Build start
ESM dist/front/descriptor.js      3.89 KB
ESM dist/TasksOverlay-ILOTZDWQ.js 128.39 KB
ESM ⚡️ Build success in 207ms
DTS Build start
DTS ⚡️ Build success in 35471ms
DTS dist/front/descriptor.d.ts 172.00 B
tasks declarations: root, front, and front/descriptor types resolve through emitted/public paths

> @hachej/boring-diagram@0.1.109 build <sandbox-root>/plugins/diagram
> tsup

CLI Building entry: {"front/index":"src/front/index.tsx","server/index":"src/server/index.ts","shared/index":"src/shared/index.ts"}
CLI Using tsconfig: tsconfig.json
CLI tsup v8.5.1
CLI Using tsup config: <sandbox-root>/plugins/diagram/tsup.config.ts
CLI Target: es2022
CLI Cleaning output folder
ESM Build start
ESM dist/front/index.js  47.05 KB
ESM dist/server/index.js 12.08 KB
ESM dist/shared/index.js 845.00 B
ESM ⚡️ Build success in 200ms
DTS Build start
DTS ⚡️ Build success in 61926ms
DTS dist/front/index.d.ts  185.00 B
DTS dist/server/index.d.ts 384.00 B
DTS dist/shared/index.d.ts 424.00 B

> @hachej/boring-data-explorer@0.1.109 build <sandbox-root>/plugins/data-explorer
> tsup

CLI Building entry: {"front/index":"src/front/index.ts","shared/index":"src/shared/index.ts","testing/index":"src/testing/index.ts"}
CLI Using tsconfig: tsconfig.json
CLI tsup v8.5.1
CLI Using tsup config: <sandbox-root>/plugins/data-explorer/tsup.config.ts
CLI Target: es2022
CLI Cleaning output folder
ESM Build start
ESM dist/shared/index.js  0 B
ESM dist/testing/index.js 4.81 KB
ESM dist/front/index.js   25.36 KB
ESM ⚡️ Build success in 50ms
DTS Build start
DTS ⚡️ Build success in 8249ms
DTS dist/testing/index.d.ts 248.00 B
DTS dist/front/index.d.ts   3.88 KB
DTS dist/shared/index.d.ts  2.19 KB

> @hachej/boring-data-catalog@0.1.109 build <sandbox-root>/plugins/data-catalog
> tsup

CLI Building entry: {"front/index":"src/front/index.tsx","server/index":"src/server/index.ts","shared/index":"src/shared/index.ts"}
CLI Using tsconfig: tsconfig.json
CLI tsup v8.5.1
CLI Using tsup config: <sandbox-root>/plugins/data-catalog/tsup.config.ts
CLI Target: es2022
CLI Cleaning output folder
ESM Build start
ESM dist/server/index.js 4.67 KB
ESM dist/shared/index.js 296.00 B
ESM dist/front/index.js  10.63 KB
ESM ⚡️ Build success in 36ms
DTS Build start
DTS ⚡️ Build success in 51258ms
DTS dist/server/index.d.ts 1.29 KB
DTS dist/front/index.d.ts  5.59 KB
DTS dist/shared/index.d.ts 294.00 B
(!) Your Vite config uses features that are unsupported by `configLoader: 'native'`, which is planned to become the default in a future major version of Vite:
  - `__dirname` (vite.config.ts:9:59). Use `import.meta.dirname` instead
  - import "./src/server/dev" without a file extension (vite.config.ts:6:66). Add the file extension
  - import "./src/release-candidate-dist" without a file extension (vite.config.ts:7:50). Add the file extension
  - import "./testing/scriptedPiHarness" without a file extension (src/server/dev.ts:7:110). Add the file extension
  - import "../shared/showcaseSession" without a file extension (src/server/dev.ts:8:51). Add the file extension
  - import "./testing/twoAgentFleet" without a file extension (src/server/dev.ts:14:8). Add the file extension
  - import "./factoryAgents" without a file extension (src/server/dev.ts:17:41). Add the file extension
  - import "./playgroundAgentMode" without a file extension (src/server/dev.ts:18:44). Add the file extension
  - import "../shared/playgroundAgents" without a file extension (src/server/dev.ts:19:53). Add the file extension
  - import "../../shared/playgroundAgents" without a file extension (src/server/testing/twoAgentFleet.ts:2:48). Add the file extension
Set `VITE_CONFIG_NATIVE_IGNORE_WARNING=true` to suppress this warning.
12:02:44 AM [vite] warning: `esbuild` option was specified by "vite:react-babel" plugin. This option is deprecated, please use `oxc` instead.
`optimizeDeps.rollupOptions` / `ssr.optimizeDeps.rollupOptions` is deprecated. Use `optimizeDeps.rolldownOptions` instead. Note that this option may be set by a plugin. Set VITE_DEPRECATION_TRACE=1 to see where it is called.
[vite:react-babel] We recommend switching to `@vitejs/plugin-react-oxc` for improved performance. More information at https://vite.dev/rolldown
[workspace-playground] workspace root: /dev/shm/cpr-991/boring-ui-review-run.cyV2oF/isolation/workspace
[workspace-playground] runtime mode: local
(node:197821) ExperimentalWarning: SQLite is an experimental feature and might change at any time
(Use `node --trace-warnings ...` to show where the warning was created)
(node:197821) [BORING_WORKSPACE_BRIDGE_INSECURE_AUTH] Warning: createWorkspaceAgentServer is using createLocalCliBridgeAuthPolicy for WorkspaceBridge browser calls. This policy is unauthenticated, grants registered bridge capabilities to the fixed local principal, and is intended only for local/dev CLI usage. Provide workspaceBridge.browserAuthPolicy before exposing this server.
{"level":30,"time":1788998567926,"pid":197821,"hostname":"vps-15cf2c41","msg":"Server listening at http://127.0.0.1:6540"}

  VITE v8.2.1  ready in 10303 ms

  ➜  Local:   http://127.0.0.1:6530/
[33mWarning: Invalid input options (1 issue found)
- For the "jsx". Invalid key: Expected never but received "jsx". [0m
[33mWarning: Invalid input options (1 issue found)
- For the "jsx". Invalid key: Expected never but received "jsx". [0m
[33mWarning: Invalid input options (1 issue found)
- For the "jsx". Invalid key: Expected never but received "jsx". [0m
12:02:50 AM [vite] (client) [optimizer] bundling dependencies...
[33mWarning: Invalid input options (1 issue found)
- For the "jsx". Invalid key: Expected never but received "jsx". [0m
12:02:51 AM [vite] (client) dependency optimized: react-dom/client
12:02:52 AM [vite] (client) [optimizer] bundling dependencies...
[33mWarning: Invalid input options (1 issue found)
- For the "jsx". Invalid key: Expected never but received "jsx". [0m
12:02:57 AM [vite] (client) [optimizer] bundling dependencies...
12:03:03 AM [vite] (client) dependencies optimized: @codemirror/commands, @codemirror/lang-javascript, @codemirror/lang-json, @codemirror/lang-markdown, @codemirror/lang-python, @codemirror/lang-sql, @codemirror/lang-yaml, @codemirror/language, @codemirror/search, @codemirror/state, @codemirror/view, @excalidraw/excalidraw, @lezer/highlight, @radix-ui/react-alert-dialog, @radix-ui/react-checkbox, @radix-ui/react-collapsible, @radix-ui/react-dialog, @radix-ui/react-dropdown-menu, @radix-ui/react-hover-card, @radix-ui/react-label, @radix-ui/react-popover, @radix-ui/react-scroll-area, @radix-ui/react-select, @radix-ui/react-separator, @radix-ui/react-slot, @radix-ui/react-tabs, @radix-ui/react-tooltip, @radix-ui/react-use-controllable-state, @streamdown/cjk, @streamdown/code, @streamdown/math, @streamdown/mermaid, @tanstack/react-query, @tiptap/extension-code-block-lowlight, @tiptap/extension-highlight, @tiptap/extension-image, @tiptap/extension-link, @tiptap/extension-placeholder, @tiptap/extension-table-cell, @tiptap/extension-table-header, @tiptap/extension-table-row, @tiptap/extension-table, @tiptap/extension-task-item, @tiptap/extension-task-list, @tiptap/extension-text-align, @tiptap/extension-underline, @tiptap/markdown, @tiptap/react, @tiptap/starter-kit, class-variance-authority, clsx, cmdk, diff, dnd-core, dockview-react, lowlight, lucide-react, motion/react, nanoid, react-arborist, react-dnd-html5-backend, react-markdown, remark-gfm, shiki, streamdown, tailwind-merge, use-stick-to-bottom, zod, zustand, zustand/middleware
12:03:03 AM [vite] (client) optimized dependencies changed. reloading
{"level":30,"time":1788998609717,"pid":197821,"hostname":"vps-15cf2c41","reqId":"req-1","req":{"method":"GET","url":"/api/v1/workspace/meta","host":"127.0.0.1:6540","remoteAddress":"127.0.0.1","remotePort":51916},"msg":"incoming request"}
{"level":40,"time":1788998609719,"pid":197821,"hostname":"vps-15cf2c41","reqId":"req-1","msg":"No auth token set — running in dev mode"}
{"level":30,"time":1788998609725,"pid":197821,"hostname":"vps-15cf2c41","reqId":"req-1","res":{"statusCode":200},"responseTime":6.21127400000114,"msg":"request completed"}
{"level":30,"time":1788998609738,"pid":197821,"hostname":"vps-15cf2c41","reqId":"req-2","req":{"method":"GET","url":"/api/v1/workspace/meta","host":"127.0.0.1:6540","remoteAddress":"127.0.0.1","remotePort":51920},"msg":"incoming request"}
{"level":30,"time":1788998609739,"pid":197821,"hostname":"vps-15cf2c41","reqId":"req-2","res":{"statusCode":200},"responseTime":0.8277909999960684,"msg":"request completed"}
{"level":30,"time":1788998609913,"pid":197821,"hostname":"vps-15cf2c41","reqId":"req-3","req":{"method":"GET","url":"/api/v1/tree?path=.","host":"127.0.0.1:6540","remoteAddress":"127.0.0.1","remotePort":51932},"msg":"incoming request"}
{"level":30,"time":1788998609929,"pid":197821,"hostname":"vps-15cf2c41","reqId":"req-4","req":{"method":"PUT","url":"/api/v1/ui/state","host":"127.0.0.1:6540","remoteAddress":"127.0.0.1","remotePort":51944},"msg":"incoming request"}
{"level":30,"time":1788998609940,"pid":197821,"hostname":"vps-15cf2c41","reqId":"req-4","res":{"statusCode":204},"responseTime":10.576772999993409,"msg":"request completed"}
{"level":30,"time":1788998610062,"pid":197821,"hostname":"vps-15cf2c41","reqId":"req-5","req":{"method":"GET","url":"/api/v1/filesystems","host":"127.0.0.1:6540","remoteAddress":"127.0.0.1","remotePort":51948},"msg":"incoming request"}
{"level":30,"time":1788998610522,"pid":197821,"hostname":"vps-15cf2c41","reqId":"req-6","req":{"method":"GET","url":"/api/v1/agents","host":"127.0.0.1:6540","remoteAddress":"127.0.0.1","remotePort":51964},"msg":"incoming request"}
{"level":30,"time":1788998610526,"pid":197821,"hostname":"vps-15cf2c41","reqId":"req-6","res":{"statusCode":200},"responseTime":2.987961999999243,"msg":"request completed"}
{"level":30,"time":1788998610532,"pid":197821,"hostname":"vps-15cf2c41","reqId":"req-7","req":{"method":"PUT","url":"/api/v1/ui/state","host":"127.0.0.1:6540","remoteAddress":"127.0.0.1","remotePort":51970},"msg":"incoming request"}
{"level":30,"time":1788998610535,"pid":197821,"hostname":"vps-15cf2c41","reqId":"req-7","res":{"statusCode":204},"responseTime":2.8722109999944223,"msg":"request completed"}
{"level":30,"time":1788998610541,"pid":197821,"hostname":"vps-15cf2c41","reqId":"req-8","req":{"method":"GET","url":"/api/v1/filesystems","host":"127.0.0.1:6540","remoteAddress":"127.0.0.1","remotePort":51986},"msg":"incoming request"}
{"level":30,"time":1788998610547,"pid":197821,"hostname":"vps-15cf2c41","reqId":"req-9","req":{"method":"GET","url":"/api/v1/fs/events?workspaceId=workspace","host":"127.0.0.1:6540","remoteAddress":"127.0.0.1","remotePort":51992},"msg":"incoming request"}
{"level":30,"time":1788998610552,"pid":197821,"hostname":"vps-15cf2c41","reqId":"req-a","req":{"method":"GET","url":"/api/v1/ui/state","host":"127.0.0.1:6540","remoteAddress":"127.0.0.1","remotePort":52002},"msg":"incoming request"}
{"level":30,"time":1788998610554,"pid":197821,"hostname":"vps-15cf2c41","reqId":"req-a","res":{"statusCode":200},"responseTime":0.9768410000033327,"msg":"request completed"}
{"level":30,"time":1788998610556,"pid":197821,"hostname":"vps-15cf2c41","reqId":"req-b","req":{"method":"GET","url":"/api/v1/ui/commands/next?workspaceId=workspace","host":"127.0.0.1:6540","remoteAddress":"127.0.0.1","remotePort":52014},"msg":"incoming request"}
{"level":30,"time":1788998610562,"pid":197821,"hostname":"vps-15cf2c41","reqId":"req-c","req":{"method":"GET","url":"/api/v1/tree?path=.","host":"127.0.0.1:6540","remoteAddress":"127.0.0.1","remotePort":52020},"msg":"incoming request"}
{"level":30,"time":1788998610593,"pid":197821,"hostname":"vps-15cf2c41","reqId":"req-8","res":{"statusCode":200},"responseTime":50.46626999999717,"msg":"request completed"}
{"level":30,"time":1788998610619,"pid":197821,"hostname":"vps-15cf2c41","reqId":"req-c","res":{"statusCode":200},"responseTime":56.22572100000252,"msg":"request completed"}
{"level":30,"time":1788998610636,"pid":197821,"hostname":"vps-15cf2c41","reqId":"req-d","req":{"method":"GET","url":"/api/v1/agents/alpha/sessions?limit=50&archived=active","host":"127.0.0.1:6540","remoteAddress":"127.0.0.1","remotePort":52032},"msg":"incoming request"}
{"level":30,"time":1788998610656,"pid":197821,"hostname":"vps-15cf2c41","reqId":"req-e","req":{"method":"GET","url":"/api/v1/agents/alpha/ready-status","host":"127.0.0.1:6540","remoteAddress":"127.0.0.1","remotePort":52038},"msg":"incoming request"}
{"level":30,"time":1788998610664,"pid":197821,"hostname":"vps-15cf2c41","reqId":"req-f","req":{"method":"GET","url":"/api/v1/tree?path=.","host":"127.0.0.1:6540","remoteAddress":"127.0.0.1","remotePort":52040},"msg":"incoming request"}
{"level":30,"time":1788998610677,"pid":197821,"hostname":"vps-15cf2c41","reqId":"req-f","res":{"statusCode":200},"responseTime":12.629664000000048,"msg":"request completed"}
{"level":30,"time":1788998610689,"pid":197821,"hostname":"vps-15cf2c41","reqId":"req-g","req":{"method":"GET","url":"/api/v1/tree?path=.","host":"127.0.0.1:6540","remoteAddress":"127.0.0.1","remotePort":52046},"msg":"incoming request"}
{"level":30,"time":1788998610692,"pid":197821,"hostname":"vps-15cf2c41","reqId":"req-h","req":{"method":"GET","url":"/api/v1/agents/alpha/ready-status","host":"127.0.0.1:6540","remoteAddress":"127.0.0.1","remotePort":52050},"msg":"incoming request"}
{"level":30,"time":1788998610700,"pid":197821,"hostname":"vps-15cf2c41","reqId":"req-i","req":{"method":"GET","url":"/api/v1/ui/state","host":"127.0.0.1:6540","remoteAddress":"127.0.0.1","remotePort":52054},"msg":"incoming request"}
{"level":30,"time":1788998610712,"pid":197821,"hostname":"vps-15cf2c41","reqId":"req-i","res":{"statusCode":200},"responseTime":11.863338999995904,"msg":"request completed"}
{"level":30,"time":1788998610720,"pid":197821,"hostname":"vps-15cf2c41","reqId":"req-g","res":{"statusCode":200},"responseTime":30.280226000002585,"msg":"request completed"}
{"level":30,"time":1788998610736,"pid":197821,"hostname":"vps-15cf2c41","reqId":"req-d","res":{"statusCode":200},"responseTime":99.20427399999608,"msg":"request completed"}
{"level":30,"time":1788998610750,"pid":197821,"hostname":"vps-15cf2c41","reqId":"req-j","req":{"method":"POST","url":"/api/v1/workspace-bridge/call","host":"127.0.0.1:6540","remoteAddress":"127.0.0.1","remotePort":52056},"msg":"incoming request"}
{"level":30,"time":1788998610755,"pid":197821,"hostname":"vps-15cf2c41","reqId":"req-j","res":{"statusCode":200},"responseTime":5.279246999998577,"msg":"request completed"}
{"level":30,"time":1788998610766,"pid":197821,"hostname":"vps-15cf2c41","reqId":"req-h","res":{"statusCode":200},"responseTime":74.09100300000136,"msg":"request completed"}
{"level":30,"time":1788998610777,"pid":197821,"hostname":"vps-15cf2c41","reqId":"req-k","req":{"method":"GET","url":"/api/v1/agents/alpha/sessions?limit=50&archived=active","host":"127.0.0.1:6540","remoteAddress":"127.0.0.1","remotePort":52060},"msg":"incoming request"}
{"level":30,"time":1788998610801,"pid":197821,"hostname":"vps-15cf2c41","reqId":"req-k","res":{"statusCode":200},"responseTime":24.178957999996783,"msg":"request completed"}
{"level":30,"time":1788998610873,"pid":197821,"hostname":"vps-15cf2c41","reqId":"req-l","req":{"method":"GET","url":"/api/v1/agents/alpha/sessions?limit=50&archived=archived","host":"127.0.0.1:6540","remoteAddress":"127.0.0.1","remotePort":52066},"msg":"incoming request"}
{"level":30,"time":1788998610878,"pid":197821,"hostname":"vps-15cf2c41","reqId":"req-m","req":{"method":"GET","url":"/api/v1/agents/session-activity/events?workspaceId=workspace","host":"127.0.0.1:6540","remoteAddress":"127.0.0.1","remotePort":52076},"msg":"incoming request"}
{"level":30,"time":1788998610889,"pid":197821,"hostname":"vps-15cf2c41","reqId":"req-l","res":{"statusCode":200},"responseTime":15.694609999998647,"msg":"request completed"}
{"level":30,"time":1788998612931,"pid":197821,"hostname":"vps-15cf2c41","reqId":"req-n","req":{"method":"POST","url":"/api/v1/agents/alpha/sessions","host":"127.0.0.1:6540","remoteAddress":"127.0.0.1","remotePort":52092},"msg":"incoming request"}
{"level":30,"time":1788998612969,"pid":197821,"hostname":"vps-15cf2c41","reqId":"req-n","res":{"statusCode":201},"responseTime":37.771047000002,"msg":"request completed"}
{"level":30,"time":1788998613015,"pid":197821,"hostname":"vps-15cf2c41","reqId":"req-o","req":{"method":"GET","url":"/api/v1/agents/alpha/sessions?limit=50&archived=active","host":"127.0.0.1:6540","remoteAddress":"127.0.0.1","remotePort":52104},"msg":"incoming request"}
{"level":30,"time":1788998613069,"pid":197821,"hostname":"vps-15cf2c41","reqId":"req-p","req":{"method":"GET","url":"/api/v1/ui/state","host":"127.0.0.1:6540","remoteAddress":"127.0.0.1","remotePort":52114},"msg":"incoming request"}
{"level":30,"time":1788998613072,"pid":197821,"hostname":"vps-15cf2c41","reqId":"req-p","res":{"statusCode":200},"responseTime":1.162121000001207,"msg":"request completed"}
{"level":30,"time":1788998613108,"pid":197821,"hostname":"vps-15cf2c41","reqId":"req-q","req":{"method":"POST","url":"/api/v1/workspace-bridge/call","host":"127.0.0.1:6540","remoteAddress":"127.0.0.1","remotePort":52124},"msg":"incoming request"}
{"level":30,"time":1788998613111,"pid":197821,"hostname":"vps-15cf2c41","reqId":"req-q","res":{"statusCode":200},"responseTime":2.392883000000438,"msg":"request completed"}
{"level":30,"time":1788998613130,"pid":197821,"hostname":"vps-15cf2c41","reqId":"req-o","res":{"statusCode":200},"responseTime":114.004918000006,"msg":"request completed"}
{"level":30,"time":1788998613175,"pid":197821,"hostname":"vps-15cf2c41","reqId":"req-r","req":{"method":"GET","url":"/api/v1/agents/alpha/sessions?limit=50&archived=archived","host":"127.0.0.1:6540","remoteAddress":"127.0.0.1","remotePort":52128},"msg":"incoming request"}
{"level":30,"time":1788998613193,"pid":197821,"hostname":"vps-15cf2c41","reqId":"req-r","res":{"statusCode":200},"responseTime":17.910069999998086,"msg":"request completed"}
{"level":30,"time":1788998613296,"pid":197821,"hostname":"vps-15cf2c41","reqId":"req-s","req":{"method":"GET","url":"/api/v1/agents/session-activity/events?workspaceId=workspace","host":"127.0.0.1:6540","remoteAddress":"127.0.0.1","remotePort":52138},"msg":"incoming request"}
{"level":30,"time":1788998613896,"pid":197821,"hostname":"vps-15cf2c41","reqId":"req-t","req":{"method":"PUT","url":"/api/v1/ui/state","host":"127.0.0.1:6540","remoteAddress":"127.0.0.1","remotePort":52154},"msg":"incoming request"}
{"level":30,"time":1788998613898,"pid":197821,"hostname":"vps-15cf2c41","reqId":"req-t","res":{"statusCode":204},"responseTime":1.5701019999978598,"msg":"request completed"}
{"level":30,"time":1788998614145,"pid":197821,"hostname":"vps-15cf2c41","reqId":"req-u","req":{"method":"GET","url":"/api/v1/agents/alpha/models","host":"127.0.0.1:6540","remoteAddress":"127.0.0.1","remotePort":52160},"msg":"incoming request"}
{"level":30,"time":1788998614175,"pid":197821,"hostname":"vps-15cf2c41","reqId":"req-u","res":{"statusCode":200},"responseTime":29.6102699999974,"msg":"request completed"}
{"level":30,"time":1788998614178,"pid":197821,"hostname":"vps-15cf2c41","reqId":"req-v","req":{"method":"GET","url":"/api/v1/agents/alpha/commands?sessionId=scripted-main","host":"127.0.0.1:6540","remoteAddress":"127.0.0.1","remotePort":52168},"msg":"incoming request"}
{"level":30,"time":1788998614187,"pid":197821,"hostname":"vps-15cf2c41","reqId":"req-w","req":{"method":"GET","url":"/api/v1/workspace/meta","host":"127.0.0.1:6540","remoteAddress":"127.0.0.1","remotePort":52184},"msg":"incoming request"}
{"level":30,"time":1788998614189,"pid":197821,"hostname":"vps-15cf2c41","reqId":"req-w","res":{"statusCode":200},"responseTime":0.9967539999997825,"msg":"request completed"}
{"level":30,"time":1788998614194,"pid":197821,"hostname":"vps-15cf2c41","reqId":"req-x","req":{"method":"GET","url":"/api/v1/agents/alpha/models","host":"127.0.0.1:6540","remoteAddress":"127.0.0.1","remotePort":52196},"msg":"incoming request"}
{"level":30,"time":1788998614200,"pid":197821,"hostname":"vps-15cf2c41","reqId":"req-y","req":{"method":"GET","url":"/api/v1/workspace/meta","host":"127.0.0.1:6540","remoteAddress":"127.0.0.1","remotePort":52204},"msg":"incoming request"}
{"level":30,"time":1788998614201,"pid":197821,"hostname":"vps-15cf2c41","reqId":"req-y","res":{"statusCode":200},"responseTime":0.7558490000010352,"msg":"request completed"}
{"level":30,"time":1788998614237,"pid":197821,"hostname":"vps-15cf2c41","reqId":"req-x","res":{"statusCode":200},"responseTime":42.55372100000386,"msg":"request completed"}
{"level":30,"time":1788998614245,"pid":197821,"hostname":"vps-15cf2c41","reqId":"req-v","res":{"statusCode":200},"responseTime":67.06051699999807,"msg":"request completed"}
{"level":30,"time":1788998614252,"pid":197821,"hostname":"vps-15cf2c41","reqId":"req-z","req":{"method":"GET","url":"/api/v1/agents/alpha/sessions/scripted-main/state","host":"127.0.0.1:6540","remoteAddress":"127.0.0.1","remotePort":52216},"msg":"incoming request"}
{"level":30,"time":1788998614256,"pid":197821,"hostname":"vps-15cf2c41","reqId":"req-10","req":{"method":"GET","url":"/api/v1/agents/alpha/commands?sessionId=scripted-main","host":"127.0.0.1:6540","remoteAddress":"127.0.0.1","remotePort":52228},"msg":"incoming request"}
{"level":30,"time":1788998614273,"pid":197821,"hostname":"vps-15cf2c41","reqId":"req-z","res":{"statusCode":200},"responseTime":21.57098099999712,"msg":"request completed"}
{"level":30,"time":1788998614274,"pid":197821,"hostname":"vps-15cf2c41","reqId":"req-10","res":{"statusCode":200},"responseTime":17.616530999999668,"msg":"request completed"}
{"level":30,"time":1788998614389,"pid":197821,"hostname":"vps-15cf2c41","reqId":"req-11","req":{"method":"GET","url":"/api/v1/agents/alpha/models","host":"127.0.0.1:6540","remoteAddress":"127.0.0.1","remotePort":52240},"msg":"incoming request"}
{"level":30,"time":1788998614391,"pid":197821,"hostname":"vps-15cf2c41","reqId":"req-12","req":{"method":"GET","url":"/api/v1/agents/alpha/sessions/scripted-main/events?cursor=0","host":"127.0.0.1:6540","remoteAddress":"127.0.0.1","remotePort":52252},"msg":"incoming request"}
{"level":30,"time":1788998614408,"pid":197821,"hostname":"vps-15cf2c41","reqId":"req-11","res":{"statusCode":200},"responseTime":18.523536000000604,"msg":"request completed"}
{"level":30,"time":1788998619325,"pid":197821,"hostname":"vps-15cf2c41","reqId":"req-12","res":{"statusCode":200},"msg":"stream closed prematurely"}
{"level":30,"time":1788998622647,"pid":197821,"hostname":"vps-15cf2c41","reqId":"req-13","req":{"method":"GET","url":"/api/v1/workspace/meta","host":"127.0.0.1:6540","remoteAddress":"127.0.0.1","remotePort":46242},"msg":"incoming request"}
{"level":30,"time":1788998622647,"pid":197821,"hostname":"vps-15cf2c41","reqId":"req-13","res":{"statusCode":200},"responseTime":0.558257999997295,"msg":"request completed"}
{"level":30,"time":1788998622653,"pid":197821,"hostname":"vps-15cf2c41","reqId":"req-14","req":{"method":"GET","url":"/api/v1/workspace/meta","host":"127.0.0.1:6540","remoteAddress":"127.0.0.1","remotePort":46254},"msg":"incoming request"}
{"level":30,"time":1788998622654,"pid":197821,"hostname":"vps-15cf2c41","reqId":"req-14","res":{"statusCode":200},"responseTime":0.3479060000026948,"msg":"request completed"}
{"level":30,"time":1788998622827,"pid":197821,"hostname":"vps-15cf2c41","reqId":"req-15","req":{"method":"GET","url":"/api/v1/tree?path=.","host":"127.0.0.1:6540","remoteAddress":"127.0.0.1","remotePort":46268},"msg":"incoming request"}
{"level":30,"time":1788998622834,"pid":197821,"hostname":"vps-15cf2c41","reqId":"req-16","req":{"method":"PUT","url":"/api/v1/ui/state","host":"127.0.0.1:6540","remoteAddress":"127.0.0.1","remotePort":46270},"msg":"incoming request"}
{"level":30,"time":1788998622835,"pid":197821,"hostname":"vps-15cf2c41","reqId":"req-16","res":{"statusCode":204},"responseTime":1.5439110000006622,"msg":"request completed"}
{"level":30,"time":1788998622842,"pid":197821,"hostname":"vps-15cf2c41","reqId":"req-17","req":{"method":"GET","url":"/api/v1/filesystems","host":"127.0.0.1:6540","remoteAddress":"127.0.0.1","remotePort":46286},"msg":"incoming request"}
{"level":30,"time":1788998622844,"pid":197821,"hostname":"vps-15cf2c41","reqId":"req-17","res":{"statusCode":200},"responseTime":1.6812530000024708,"msg":"request completed"}
{"level":30,"time":1788998622854,"pid":197821,"hostname":"vps-15cf2c41","reqId":"req-15","res":{"statusCode":200},"responseTime":26.617017999997188,"msg":"request completed"}
{"level":30,"time":1788998622899,"pid":197821,"hostname":"vps-15cf2c41","reqId":"req-18","req":{"method":"GET","url":"/api/v1/agents","host":"127.0.0.1:6540","remoteAddress":"127.0.0.1","remotePort":46298},"msg":"incoming request"}
{"level":30,"time":1788998622900,"pid":197821,"hostname":"vps-15cf2c41","reqId":"req-18","res":{"statusCode":200},"responseTime":0.8560880000004545,"msg":"request completed"}
{"level":30,"time":1788998622919,"pid":197821,"hostname":"vps-15cf2c41","reqId":"req-19","req":{"method":"GET","url":"/api/v1/tree?path=.","host":"127.0.0.1:6540","remoteAddress":"127.0.0.1","remotePort":46314},"msg":"incoming request"}
{"level":30,"time":1788998622921,"pid":197821,"hostname":"vps-15cf2c41","reqId":"req-1a","req":{"method":"PUT","url":"/api/v1/ui/state","host":"127.0.0.1:6540","remoteAddress":"127.0.0.1","remotePort":46324},"msg":"incoming request"}
{"level":30,"time":1788998622922,"pid":197821,"hostname":"vps-15cf2c41","reqId":"req-1a","res":{"statusCode":204},"responseTime":0.8030880000005709,"msg":"request completed"}
{"level":30,"time":1788998622925,"pid":197821,"hostname":"vps-15cf2c41","reqId":"req-1b","req":{"method":"GET","url":"/api/v1/filesystems","host":"127.0.0.1:6540","remoteAddress":"127.0.0.1","remotePort":46338},"msg":"incoming request"}
{"level":30,"time":1788998622926,"pid":197821,"hostname":"vps-15cf2c41","reqId":"req-1b","res":{"statusCode":200},"responseTime":0.6444639999972424,"msg":"request completed"}
{"level":30,"time":1788998622930,"pid":197821,"hostname":"vps-15cf2c41","reqId":"req-19","res":{"statusCode":200},"responseTime":10.499759000005724,"msg":"request completed"}
{"level":30,"time":1788998623000,"pid":197821,"hostname":"vps-15cf2c41","reqId":"req-1c","req":{"method":"GET","url":"/api/v1/fs/events?workspaceId=workspace","host":"127.0.0.1:6540","remoteAddress":"127.0.0.1","remotePort":46346},"msg":"incoming request"}
{"level":30,"time":1788998623016,"pid":197821,"hostname":"vps-15cf2c41","reqId":"req-1d","req":{"method":"GET","url":"/api/v1/ui/state","host":"127.0.0.1:6540","remoteAddress":"127.0.0.1","remotePort":46350},"msg":"incoming request"}
{"level":30,"time":1788998623017,"pid":197821,"hostname":"vps-15cf2c41","reqId":"req-1d","res":{"statusCode":200},"responseTime":0.6627609999995911,"msg":"request completed"}
{"level":30,"time":1788998623018,"pid":197821,"hostname":"vps-15cf2c41","reqId":"req-1e","req":{"method":"GET","url":"/api/v1/ui/commands/next?workspaceId=workspace","host":"127.0.0.1:6540","remoteAddress":"127.0.0.1","remotePort":46352},"msg":"incoming request"}
{"level":30,"time":1788998623095,"pid":197821,"hostname":"vps-15cf2c41","reqId":"req-1f","req":{"method":"GET","url":"/api/v1/agents/alpha/sessions?limit=50&archived=active","host":"127.0.0.1:6540","remoteAddress":"127.0.0.1","remotePort":46354},"msg":"incoming request"}
{"level":30,"time":1788998623101,"pid":197821,"hostname":"vps-15cf2c41","reqId":"req-1g","req":{"method":"GET","url":"/api/v1/tree?path=.","host":"127.0.0.1:6540","remoteAddress":"127.0.0.1","remotePort":46366},"msg":"incoming request"}
{"level":30,"time":1788998623103,"pid":197821,"hostname":"vps-15cf2c41","reqId":"req-1h","req":{"method":"GET","url":"/api/v1/agents/alpha/ready-status","host":"127.0.0.1:6540","remoteAddress":"127.0.0.1","remotePort":46378},"msg":"incoming request"}
{"level":30,"time":1788998623114,"pid":197821,"hostname":"vps-15cf2c41","reqId":"req-1g","res":{"statusCode":200},"responseTime":12.265188999997918,"msg":"request completed"}
{"level":30,"time":1788998623121,"pid":197821,"hostname":"vps-15cf2c41","reqId":"req-1i","req":{"method":"GET","url":"/api/v1/tree?path=.","host":"127.0.0.1:6540","remoteAddress":"127.0.0.1","remotePort":46388},"msg":"incoming request"}
{"level":30,"time":1788998623128,"pid":197821,"hostname":"vps-15cf2c41","reqId":"req-1i","res":{"statusCode":200},"responseTime":6.361376000000746,"msg":"request completed"}
{"level":30,"time":1788998623141,"pid":197821,"hostname":"vps-15cf2c41","reqId":"req-1f","res":{"statusCode":200},"responseTime":46.01713899999595,"msg":"request completed"}
{"level":30,"time":1788998623146,"pid":197821,"hostname":"vps-15cf2c41","reqId":"req-1h","res":{"statusCode":200},"responseTime":43.03598900000361,"msg":"request completed"}
{"level":30,"time":1788998623168,"pid":197821,"hostname":"vps-15cf2c41","reqId":"req-1j","req":{"method":"GET","url":"/api/v1/agents/alpha/sessions?limit=50&archived=active","host":"127.0.0.1:6540","remoteAddress":"127.0.0.1","remotePort":46400},"msg":"incoming request"}
{"level":30,"time":1788998623171,"pid":197821,"hostname":"vps-15cf2c41","reqId":"req-1k","req":{"method":"GET","url":"/api/v1/agents/alpha/ready-status","host":"127.0.0.1:6540","remoteAddress":"127.0.0.1","remotePort":46416},"msg":"incoming request"}
{"level":30,"time":1788998623192,"pid":197821,"hostname":"vps-15cf2c41","reqId":"req-1k","res":{"statusCode":200},"responseTime":20.497260999996797,"msg":"request completed"}
{"level":30,"time":1788998623193,"pid":197821,"hostname":"vps-15cf2c41","reqId":"req-1j","res":{"statusCode":200},"responseTime":24.981575999998313,"msg":"request completed"}
{"level":30,"time":1788998623204,"pid":197821,"hostname":"vps-15cf2c41","reqId":"req-1l","req":{"method":"GET","url":"/api/v1/ui/state","host":"127.0.0.1:6540","remoteAddress":"127.0.0.1","remotePort":46418},"msg":"incoming request"}
{"level":30,"time":1788998623206,"pid":197821,"hostname":"vps-15cf2c41","reqId":"req-1l","res":{"statusCode":200},"responseTime":0.8243280000024242,"msg":"request completed"}
{"level":30,"time":1788998623311,"pid":197821,"hostname":"vps-15cf2c41","reqId":"req-1m","req":{"method":"POST","url":"/api/v1/workspace-bridge/call","host":"127.0.0.1:6540","remoteAddress":"127.0.0.1","remotePort":46434},"msg":"incoming request"}
{"level":30,"time":1788998623316,"pid":197821,"hostname":"vps-15cf2c41","reqId":"req-1m","res":{"statusCode":200},"responseTime":5.265113000001293,"msg":"request completed"}
{"level":30,"time":1788998623401,"pid":197821,"hostname":"vps-15cf2c41","reqId":"req-1n","req":{"method":"GET","url":"/api/v1/agents/alpha/sessions?limit=50&archived=archived","host":"127.0.0.1:6540","remoteAddress":"127.0.0.1","remotePort":46446},"msg":"incoming request"}
{"level":30,"time":1788998623416,"pid":197821,"hostname":"vps-15cf2c41","reqId":"req-1o","req":{"method":"GET","url":"/api/v1/agents/session-activity/events?workspaceId=workspace","host":"127.0.0.1:6540","remoteAddress":"127.0.0.1","remotePort":46454},"msg":"incoming request"}
{"level":30,"time":1788998623431,"pid":197821,"hostname":"vps-15cf2c41","reqId":"req-1n","res":{"statusCode":200},"responseTime":29.48292599999695,"msg":"request completed"}
{"level":30,"time":1788998625430,"pid":197821,"hostname":"vps-15cf2c41","reqId":"req-1p","req":{"method":"POST","url":"/api/v1/agents/alpha/sessions","host":"127.0.0.1:6540","remoteAddress":"127.0.0.1","remotePort":46462},"msg":"incoming request"}
{"level":30,"time":1788998625448,"pid":197821,"hostname":"vps-15cf2c41","reqId":"req-1p","res":{"statusCode":201},"responseTime":17.074236000000383,"msg":"request completed"}
{"level":30,"time":1788998625466,"pid":197821,"hostname":"vps-15cf2c41","reqId":"req-1q","req":{"method":"GET","url":"/api/v1/agents/alpha/sessions?limit=50&archived=active","host":"127.0.0.1:6540","remoteAddress":"127.0.0.1","remotePort":46476},"msg":"incoming request"}
{"level":30,"time":1788998625486,"pid":197821,"hostname":"vps-15cf2c41","reqId":"req-1q","res":{"statusCode":200},"responseTime":20.09530800000357,"msg":"request completed"}
{"level":30,"time":1788998625497,"pid":197821,"hostname":"vps-15cf2c41","reqId":"req-1r","req":{"method":"GET","url":"/api/v1/ui/state","host":"127.0.0.1:6540","remoteAddress":"127.0.0.1","remotePort":46478},"msg":"incoming request"}
{"level":30,"time":1788998625498,"pid":197821,"hostname":"vps-15cf2c41","reqId":"req-1r","res":{"statusCode":200},"responseTime":0.6934309999924153,"msg":"request completed"}
{"level":30,"time":1788998625508,"pid":197821,"hostname":"vps-15cf2c41","reqId":"req-1s","req":{"method":"GET","url":"/api/v1/agents/alpha/sessions?limit=50&archived=archived","host":"127.0.0.1:6540","remoteAddress":"127.0.0.1","remotePort":46486},"msg":"incoming request"}
{"level":30,"time":1788998625513,"pid":197821,"hostname":"vps-15cf2c41","reqId":"req-1t","req":{"method":"POST","url":"/api/v1/workspace-bridge/call","host":"127.0.0.1:6540","remoteAddress":"127.0.0.1","remotePort":46488},"msg":"incoming request"}
{"level":30,"time":1788998625515,"pid":197821,"hostname":"vps-15cf2c41","reqId":"req-1t","res":{"statusCode":200},"responseTime":1.8150690000038594,"msg":"request completed"}
{"level":30,"time":1788998625531,"pid":197821,"hostname":"vps-15cf2c41","reqId":"req-1s","res":{"statusCode":200},"responseTime":22.947948000000906,"msg":"request completed"}
{"level":30,"time":1788998625604,"pid":197821,"hostname":"vps-15cf2c41","reqId":"req-1u","req":{"method":"GET","url":"/api/v1/agents/session-activity/events?workspaceId=workspace","host":"127.0.0.1:6540","remoteAddress":"127.0.0.1","remotePort":46498},"msg":"incoming request"}
[2026-09-10T00:03:47.776Z WARN  chromiumoxide::handler] WS Invalid message: data did not match any variant of untagged enum Message
[2026-09-10T00:03:47.799Z WARN  chromiumoxide::handler] WS Invalid message: data did not match any variant of untagged enum Message
[2026-09-10T00:03:47.803Z WARN  chromiumoxide::handler] WS Invalid message: data did not match any variant of untagged enum Message
[2026-09-10T00:03:47.835Z WARN  chromiumoxide::handler] WS Invalid message: data did not match any variant of untagged enum Message
[2026-09-10T00:03:47.905Z WARN  chromiumoxide::handler] WS Invalid message: data did not match any variant of untagged enum Message
[2026-09-10T00:03:47.915Z WARN  chromiumoxide::handler] WS Invalid message: data did not match any variant of untagged enum Message
[2026-09-10T00:03:47.915Z WARN  chromiumoxide::handler] WS Invalid message: data did not match any variant of untagged enum Message
[2026-09-10T00:03:47.915Z WARN  chromiumoxide::handler] WS Invalid message: data did not match any variant of untagged enum Message
[2026-09-10T00:03:47.934Z WARN  chromiumoxide::handler] WS Invalid message: data did not match any variant of untagged enum Message
[2026-09-10T00:03:47.934Z WARN  chromiumoxide::handler] WS Invalid message: data did not match any variant of untagged enum Message
[2026-09-10T00:03:47.934Z WARN  chromiumoxide::handler] WS Invalid message: data did not match any variant of untagged enum Message
[2026-09-10T00:03:47.935Z WARN  chromiumoxide::handler] WS Invalid message: data did not match any variant of untagged enum Message
[2026-09-10T00:03:47.998Z WARN  chromiumoxide::handler] WS Invalid message: data did not match any variant of untagged enum Message
[2026-09-10T00:03:48.387Z WARN  chromiumoxide::handler] WS Invalid message: data did not match any variant of untagged enum Message
[2026-09-10T00:03:48.387Z WARN  chromiumoxide::handler] WS Invalid message: data did not match any variant of untagged enum Message
[2026-09-10T00:03:48.387Z WARN  chromiumoxide::handler] WS Invalid message: data did not match any variant of untagged enum Message
[2026-09-10T00:03:48.387Z WARN  chromiumoxide::handler] WS Invalid message: data did not match any variant of untagged enum Message
[2026-09-10T00:03:48.387Z WARN  chromiumoxide::handler] WS Invalid message: data did not match any variant of untagged enum Message
[2026-09-10T00:03:48.387Z WARN  chromiumoxide::handler] WS Invalid message: data did not match any variant of untagged enum Message
[2026-09-10T00:03:48.393Z WARN  chromiumoxide::handler] WS Invalid message: data did not match any variant of untagged enum Message
[2026-09-10T00:03:48.417Z WARN  chromiumoxide::handler] WS Invalid message: data did not match any variant of untagged enum Message
[2026-09-10T00:03:48.642Z WARN  chromiumoxide::handler] WS Invalid message: data did not match any variant of untagged enum Message
[2026-09-10T00:03:48.642Z WARN  chromiumoxide::handler] WS Invalid message: data did not match any variant of untagged enum Message
[2026-09-10T00:03:48.642Z WARN  chromiumoxide::handler] WS Invalid message: data did not match any variant of untagged enum Message
[2026-09-10T00:03:48.720Z WARN  chromiumoxide::handler] WS Invalid message: data did not match any variant of untagged enum Message
[2026-09-10T00:03:48.720Z WARN  chromiumoxide::handler] WS Invalid message: data did not match any variant of untagged enum Message
[2026-09-10T00:03:48.720Z WARN  chromiumoxide::handler] WS Invalid message: data did not match any variant of untagged enum Message
[2026-09-10T00:03:48.721Z WARN  chromiumoxide::handler] WS Invalid message: data did not match any variant of untagged enum Message
[2026-09-10T00:03:48.769Z WARN  chromiumoxide::handler] WS Invalid message: data did not match any variant of untagged enum Message
[2026-09-10T00:03:48.769Z WARN  chromiumoxide::handler] WS Invalid message: data did not match any variant of untagged enum Message
[2026-09-10T00:03:48.814Z WARN  chromiumoxide::handler] WS Invalid message: data did not match any variant of untagged enum Message
[2026-09-10T00:03:48.861Z WARN  chromiumoxide::handler] WS Invalid message: data did not match any variant of untagged enum Message
[2026-09-10T00:03:48.864Z WARN  chromiumoxide::handler] WS Invalid message: data did not match any variant of untagged enum Message
[2026-09-10T00:03:48.864Z WARN  chromiumoxide::handler] WS Invalid message: data did not match any variant of untagged enum Message
[2026-09-10T00:03:48.864Z WARN  chromiumoxide::handler] WS Invalid message: data did not match any variant of untagged enum Message
[2026-09-10T00:03:48.969Z WARN  chromiumoxide::handler] WS Invalid message: data did not match any variant of untagged enum Message
[2026-09-10T00:03:48.969Z WARN  chromiumoxide::handler] WS Invalid message: data did not match any variant of untagged enum Message
[2026-09-10T00:03:48.969Z WARN  chromiumoxide::handler] WS Invalid message: data did not match any variant of untagged enum Message
[2026-09-10T00:03:48.969Z WARN  chromiumoxide::handler] WS Invalid message: data did not match any variant of untagged enum Message
[2026-09-10T00:03:48.969Z WARN  chromiumoxide::handler] WS Invalid message: data did not match any variant of untagged enum Message
[2026-09-10T00:03:48.971Z WARN  chromiumoxide::handler] WS Invalid message: data did not match any variant of untagged enum Message
[2026-09-10T00:03:49.001Z WARN  chromiumoxide::handler] WS Invalid message: data did not match any variant of untagged enum Message
[2026-09-10T00:03:49.001Z WARN  chromiumoxide::handler] WS Invalid message: data did not match any variant of untagged enum Message
[2026-09-10T00:03:49.023Z WARN  chromiumoxide::handler] WS Invalid message: data did not match any variant of untagged enum Message
[2026-09-10T00:03:49.053Z WARN  chromiumoxide::handler] WS Invalid message: data did not match any variant of untagged enum Message
[2026-09-10T00:03:49.057Z WARN  chromiumoxide::handler] WS Invalid message: data did not match any variant of untagged enum Message
[2026-09-10T00:03:49.057Z WARN  chromiumoxide::handler] WS Invalid message: data did not match any variant of untagged enum Message
[2026-09-10T00:03:49.057Z WARN  chromiumoxide::handler] WS Invalid message: data did not match any variant of untagged enum Message
[2026-09-10T00:03:49.057Z WARN  chromiumoxide::handler] WS Invalid message: data did not match any variant of untagged enum Message
[2026-09-10T00:03:49.071Z WARN  chromiumoxide::handler] WS Invalid message: data did not match any variant of untagged enum Message
[2026-09-10T00:03:49.089Z WARN  chromiumoxide::handler] WS Invalid message: data did not match any variant of untagged enum Message
[2026-09-10T00:03:49.091Z WARN  chromiumoxide::handler] WS Invalid message: data did not match any variant of untagged enum Message
[2026-09-10T00:03:49.160Z WARN  chromiumoxide::handler] WS Invalid message: data did not match any variant of untagged enum Message
[2026-09-10T00:03:49.162Z WARN  chromiumoxide::handler] WS Invalid message: data did not match any variant of untagged enum Message
[2026-09-10T00:03:49.162Z WARN  chromiumoxide::handler] WS Invalid message: data did not match any variant of untagged enum Message
[2026-09-10T00:03:49.172Z WARN  chromiumoxide::handler] WS Invalid message: data did not match any variant of untagged enum Message
[2026-09-10T00:03:49.173Z WARN  chromiumoxide::handler] WS Invalid message: data did not match any variant of untagged enum Message
[2026-09-10T00:03:49.395Z WARN  chromiumoxide::handler] WS Invalid message: data did not match any variant of untagged enum Message
[2026-09-10T00:03:49.395Z WARN  chromiumoxide::handler] WS Invalid message: data did not match any variant of untagged enum Message
[2026-09-10T00:03:49.927Z WARN  chromiumoxide::handler] WS Invalid message: data did not match any variant of untagged enum Message
[2026-09-10T00:03:49.927Z WARN  chromiumoxide::handler] WS Invalid message: data did not match any variant of untagged enum Message
[2026-09-10T00:03:49.927Z WARN  chromiumoxide::handler] WS Invalid message: data did not match any variant of untagged enum Message
[2026-09-10T00:03:49.927Z WARN  chromiumoxide::handler] WS Invalid message: data did not match any variant of untagged enum Message
[2026-09-10T00:03:49.927Z WARN  chromiumoxide::handler] WS Invalid message: data did not match any variant of untagged enum Message
[2026-09-10T00:03:49.927Z WARN  chromiumoxide::handler] WS Invalid message: data did not match any variant of untagged enum Message
[2026-09-10T00:03:49.945Z WARN  chromiumoxide::handler] WS Invalid message: data did not match any variant of untagged enum Message
[2026-09-10T00:03:49.945Z WARN  chromiumoxide::handler] WS Invalid message: data did not match any variant of untagged enum Message
[2026-09-10T00:03:49.945Z WARN  chromiumoxide::handler] WS Invalid message: data did not match any variant of untagged enum Message
[2026-09-10T00:03:49.946Z WARN  chromiumoxide::handler] WS Invalid message: data did not match any variant of untagged enum Message
[2026-09-10T00:03:49.946Z WARN  chromiumoxide::handler] WS Invalid message: data did not match any variant of untagged enum Message
[2026-09-10T00:03:49.946Z WARN  chromiumoxide::handler] WS Invalid message: data did not match any variant of untagged enum Message
[2026-09-10T00:03:49.988Z WARN  chromiumoxide::handler] WS Invalid message: data did not match any variant of untagged enum Message
[2026-09-10T00:03:49.989Z WARN  chromiumoxide::handler] WS Invalid message: data did not match any variant of untagged enum Message
[2026-09-10T00:03:49.989Z WARN  chromiumoxide::handler] WS Invalid message: data did not match any variant of untagged enum Message
[2026-09-10T00:03:49.989Z WARN  chromiumoxide::handler] WS Invalid message: data did not match any variant of untagged enum Message
[2026-09-10T00:03:49.989Z WARN  chromiumoxide::handler] WS Invalid message: data did not match any variant of untagged enum Message
[2026-09-10T00:03:50.003Z WARN  chromiumoxide::handler] WS Invalid message: data did not match any variant of untagged enum Message
[2026-09-10T00:03:50.033Z WARN  chromiumoxide::handler] WS Invalid message: data did not match any variant of untagged enum Message
[2026-09-10T00:03:50.033Z WARN  chromiumoxide::handler] WS Invalid message: data did not match any variant of untagged enum Message
[2026-09-10T00:03:50.033Z WARN  chromiumoxide::handler] WS Invalid message: data did not match any variant of untagged enum Message
[2026-09-10T00:03:50.033Z WARN  chromiumoxide::handler] WS Invalid message: data did not match any variant of untagged enum Message
[2026-09-10T00:03:50.129Z WARN  chromiumoxide::handler] WS Invalid message: data did not match any variant of untagged enum Message
[2026-09-10T00:03:50.151Z WARN  chromiumoxide::handler] WS Invalid message: data did not match any variant of untagged enum Message
[2026-09-10T00:03:50.152Z WARN  chromiumoxide::handler] WS Invalid message: data did not match any variant of untagged enum Message
[2026-09-10T00:03:50.191Z WARN  chromiumoxide::handler] WS Invalid message: data did not match any variant of untagged enum Message
[2026-09-10T00:03:50.191Z WARN  chromiumoxide::handler] WS Invalid message: data did not match any variant of untagged enum Message
[2026-09-10T00:03:50.269Z WARN  chromiumoxide::handler] WS Invalid message: data did not match any variant of untagged enum Message
[2026-09-10T00:03:50.292Z WARN  chromiumoxide::handler] WS Invalid message: data did not match any variant of untagged enum Message
[2026-09-10T00:03:50.292Z WARN  chromiumoxide::handler] WS Invalid message: data did not match any variant of untagged enum Message
[2026-09-10T00:03:50.292Z WARN  chromiumoxide::handler] WS Invalid message: data did not match any variant of untagged enum Message
[2026-09-10T00:03:50.293Z WARN  chromiumoxide::handler] WS Invalid message: data did not match any variant of untagged enum Message
[2026-09-10T00:03:50.293Z WARN  chromiumoxide::handler] WS Invalid message: data did not match any variant of untagged enum Message
[2026-09-10T00:03:50.296Z WARN  chromiumoxide::handler] WS Invalid message: data did not match any variant of untagged enum Message
[2026-09-10T00:03:50.301Z WARN  chromiumoxide::handler] WS Invalid message: data did not match any variant of untagged enum Message
[2026-09-10T00:03:50.332Z WARN  chromiumoxide::handler] WS Invalid message: data did not match any variant of untagged enum Message
[2026-09-10T00:03:50.332Z WARN  chromiumoxide::handler] WS Invalid message: data did not match any variant of untagged enum Message
[2026-09-10T00:03:50.386Z WARN  chromiumoxide::handler] WS Invalid message: data did not match any variant of untagged enum Message
[2026-09-10T00:03:50.386Z WARN  chromiumoxide::handler] WS Invalid message: data did not match any variant of untagged enum Message
[2026-09-10T00:03:50.386Z WARN  chromiumoxide::handler] WS Invalid message: data did not match any variant of untagged enum Message
[2026-09-10T00:03:50.386Z WARN  chromiumoxide::handler] WS Invalid message: data did not match any variant of untagged enum Message
[2026-09-10T00:03:50.394Z WARN  chromiumoxide::handler] WS Invalid message: data did not match any variant of untagged enum Message
[2026-09-10T00:03:50.399Z WARN  chromiumoxide::handler] WS Invalid message: data did not match any variant of untagged enum Message
[2026-09-10T00:03:50.400Z WARN  chromiumoxide::handler] WS Invalid message: data did not match any variant of untagged enum Message
[2026-09-10T00:03:50.402Z WARN  chromiumoxide::handler] WS Invalid message: data did not match any variant of untagged enum Message
[2026-09-10T00:03:50.421Z WARN  chromiumoxide::handler] WS Invalid message: data did not match any variant of untagged enum Message
[2026-09-10T00:03:50.454Z WARN  chromiumoxide::handler] WS Invalid message: data did not match any variant of untagged enum Message
[2026-09-10T00:03:50.459Z WARN  chromiumoxide::handler] WS Invalid message: data did not match any variant of untagged enum Message
[2026-09-10T00:03:50.517Z WARN  chromiumoxide::handler] WS Invalid message: data did not match any variant of untagged enum Message
[2026-09-10T00:03:50.517Z WARN  chromiumoxide::handler] WS Invalid message: data did not match any variant of untagged enum Message
[2026-09-10T00:03:50.579Z WARN  chromiumoxide::handler] WS Invalid message: data did not match any variant of untagged enum Message
[2026-09-10T00:03:50.579Z WARN  chromiumoxide::handler] WS Invalid message: data did not match any variant of untagged enum Message
[2026-09-10T00:03:50.579Z WARN  chromiumoxide::handler] WS Invalid message: data did not match any variant of untagged enum Message
[2026-09-10T00:03:50.580Z WARN  chromiumoxide::handler] WS Invalid message: data did not match any variant of untagged enum Message
[2026-09-10T00:03:50.580Z WARN  chromiumoxide::handler] WS Invalid message: data did not match any variant of untagged enum Message
[2026-09-10T00:03:50.580Z WARN  chromiumoxide::handler] WS Invalid message: data did not match any variant of untagged enum Message
[2026-09-10T00:03:50.594Z WARN  chromiumoxide::handler] WS Invalid message: data did not match any variant of untagged enum Message
[2026-09-10T00:03:50.595Z WARN  chromiumoxide::handler] WS Invalid message: data did not match any variant of untagged enum Message
[2026-09-10T00:03:50.618Z WARN  chromiumoxide::handler] WS Invalid message: data did not match any variant of untagged enum Message
[2026-09-10T00:03:50.618Z WARN  chromiumoxide::handler] WS Invalid message: data did not match any variant of untagged enum Message
[2026-09-10T00:03:50.618Z WARN  chromiumoxide::handler] WS Invalid message: data did not match any variant of untagged enum Message
[2026-09-10T00:03:50.618Z WARN  chromiumoxide::handler] WS Invalid message: data did not match any variant of untagged enum Message
[2026-09-10T00:03:50.670Z WARN  chromiumoxide::handler] WS Invalid message: data did not match any variant of untagged enum Message
[2026-09-10T00:03:50.670Z WARN  chromiumoxide::handler] WS Invalid message: data did not match any variant of untagged enum Message
[2026-09-10T00:03:51.123Z WARN  chromiumoxide::handler] WS Invalid message: data did not match any variant of untagged enum Message
[2026-09-10T00:03:51.123Z WARN  chromiumoxide::handler] WS Invalid message: data did not match any variant of untagged enum Message
[2026-09-10T00:03:51.123Z WARN  chromiumoxide::handler] WS Invalid message: data did not match any variant of untagged enum Message
[2026-09-10T00:03:51.123Z WARN  chromiumoxide::handler] WS Invalid message: data did not match any variant of untagged enum Message
[2026-09-10T00:03:51.123Z WARN  chromiumoxide::handler] WS Invalid message: data did not match any variant of untagged enum Message
[2026-09-10T00:03:51.124Z WARN  chromiumoxide::handler] WS Invalid message: data did not match any variant of untagged enum Message
[2026-09-10T00:03:51.124Z WARN  chromiumoxide::handler] WS Invalid message: data did not match any variant of untagged enum Message
[2026-09-10T00:03:51.124Z WARN  chromiumoxide::handler] WS Invalid message: data did not match any variant of untagged enum Message
[2026-09-10T00:03:51.124Z WARN  chromiumoxide::handler] WS Invalid message: data did not match any variant of untagged enum Message
[2026-09-10T00:03:51.124Z WARN  chromiumoxide::handler] WS Invalid message: data did not match any variant of untagged enum Message
[2026-09-10T00:03:51.124Z WARN  chromiumoxide::handler] WS Invalid message: data did not match any variant of untagged enum Message
[2026-09-10T00:03:51.124Z WARN  chromiumoxide::handler] WS Invalid message: data did not match any variant of untagged enum Message
[2026-09-10T00:03:51.392Z WARN  chromiumoxide::handler] WS Invalid message: data did not match any variant of untagged enum Message
[2026-09-10T00:03:51.414Z WARN  chromiumoxide::handler] WS Invalid message: data did not match any variant of untagged enum Message
[2026-09-10T00:03:51.414Z WARN  chromiumoxide::handler] WS Invalid message: data did not match any variant of untagged enum Message
[2026-09-10T00:03:51.415Z WARN  chromiumoxide::handler] WS Invalid message: data did not match any variant of untagged enum Message
[2026-09-10T00:03:51.415Z WARN  chromiumoxide::handler] WS Invalid message: data did not match any variant of untagged enum Message
[2026-09-10T00:03:51.421Z WARN  chromiumoxide::handler] WS Invalid message: data did not match any variant of untagged enum Message
[2026-09-10T00:03:51.427Z WARN  chromiumoxide::handler] WS Invalid message: data did not match any variant of untagged enum Message
[2026-09-10T00:03:51.427Z WARN  chromiumoxide::handler] WS Invalid message: data did not match any variant of untagged enum Message
[2026-09-10T00:03:51.428Z WARN  chromiumoxide::handler] WS Invalid message: data did not match any variant of untagged enum Message
[2026-09-10T00:03:51.443Z WARN  chromiumoxide::handler] WS Invalid message: data did not match any variant of untagged enum Message
[2026-09-10T00:03:51.444Z WARN  chromiumoxide::handler] WS Invalid message: data did not match any variant of untagged enum Message
[2026-09-10T00:03:51.444Z WARN  chromiumoxide::handler] WS Invalid message: data did not match any variant of untagged enum Message
[2026-09-10T00:03:51.444Z WARN  chromiumoxide::handler] WS Invalid message: data did not match any variant of untagged enum Message
[2026-09-10T00:03:51.446Z WARN  chromiumoxide::handler] WS Invalid message: data did not match any variant of untagged enum Message
[2026-09-10T00:03:51.449Z WARN  chromiumoxide::handler] WS Invalid message: data did not match any variant of untagged enum Message
[2026-09-10T00:03:51.549Z WARN  chromiumoxide::handler] WS Invalid message: data did not match any variant of untagged enum Message
[2026-09-10T00:03:51.554Z WARN  chromiumoxide::handler] WS Invalid message: data did not match any variant of untagged enum Message
[2026-09-10T00:03:51.555Z WARN  chromiumoxide::handler] WS Invalid message: data did not match any variant of untagged enum Message
[2026-09-10T00:03:51.570Z WARN  chromiumoxide::handler] WS Invalid message: data did not match any variant of untagged enum Message
[2026-09-10T00:03:51.574Z WARN  chromiumoxide::handler] WS Invalid message: data did not match any variant of untagged enum Message
[2026-09-10T00:03:51.574Z WARN  chromiumoxide::handler] WS Invalid message: data did not match any variant of untagged enum Message
[2026-09-10T00:03:51.578Z WARN  chromiumoxide::handler] WS Invalid message: data did not match any variant of untagged enum Message
[2026-09-10T00:03:51.578Z WARN  chromiumoxide::handler] WS Invalid message: data did not match any variant of untagged enum Message
[2026-09-10T00:03:51.592Z WARN  chromiumoxide::handler] WS Invalid message: data did not match any variant of untagged enum Message
[2026-09-10T00:03:51.723Z WARN  chromiumoxide::handler] WS Invalid message: data did not match any variant of untagged enum Message
[2026-09-10T00:03:51.745Z WARN  chromiumoxide::handler] WS Invalid message: data did not match any variant of untagged enum Message
[2026-09-10T00:03:51.745Z WARN  chromiumoxide::handler] WS Invalid message: data did not match any variant of untagged enum Message
[2026-09-10T00:03:51.745Z WARN  chromiumoxide::handler] WS Invalid message: data did not match any variant of untagged enum Message
[2026-09-10T00:03:51.745Z WARN  chromiumoxide::handler] WS Invalid message: data did not match any variant of untagged enum Message
[2026-09-10T00:03:51.775Z WARN  chromiumoxide::handler] WS Invalid message: data did not match any variant of untagged enum Message
[2026-09-10T00:03:51.776Z WARN  chromiumoxide::handler] WS Invalid message: data did not match any variant of untagged enum Message
[2026-09-10T00:03:51.887Z WARN  chromiumoxide::handler] WS Invalid message: data did not match any variant of untagged enum Message
[2026-09-10T00:03:51.888Z WARN  chromiumoxide::handler] WS Invalid message: data did not match any variant of untagged enum Message
[2026-09-10T00:03:51.897Z WARN  chromiumoxide::handler] WS Invalid message: data did not match any variant of untagged enum Message
[2026-09-10T00:03:51.898Z WARN  chromiumoxide::handler] WS Invalid message: data did not match any variant of untagged enum Message
[2026-09-10T00:03:51.898Z WARN  chromiumoxide::handler] WS Invalid message: data did not match any variant of untagged enum Message
[2026-09-10T00:03:51.898Z WARN  chromiumoxide::handler] WS Invalid message: data did not match any variant of untagged enum Message
[2026-09-10T00:03:51.918Z WARN  chromiumoxide::handler] WS Invalid message: data did not match any variant of untagged enum Message
[2026-09-10T00:03:52.469Z WARN  chromiumoxide::handler] WS Invalid message: data did not match any variant of untagged enum Message
[2026-09-10T00:03:52.469Z WARN  chromiumoxide::handler] WS Invalid message: data did not match any variant of untagged enum Message
[2026-09-10T00:03:52.595Z WARN  chromiumoxide::handler] WS Invalid message: data did not match any variant of untagged enum Message
[2026-09-10T00:03:52.621Z WARN  chromiumoxide::handler] WS Invalid message: data did not match any variant of untagged enum Message
[2026-09-10T00:03:52.641Z WARN  chromiumoxide::handler] WS Invalid message: data did not match any variant of untagged enum Message
[2026-09-10T00:03:52.664Z WARN  chromiumoxide::handler] WS Invalid message: data did not match any variant of untagged enum Message
[2026-09-10T00:03:52.664Z WARN  chromiumoxide::handler] WS Invalid message: data did not match any variant of untagged enum Message
[2026-09-10T00:03:52.678Z WARN  chromiumoxide::handler] WS Invalid message: data did not match any variant of untagged enum Message
[2026-09-10T00:03:52.714Z WARN  chromiumoxide::handler] WS Invalid message: data did not match any variant of untagged enum Message
[2026-09-10T00:03:53.451Z WARN  chromiumoxide::handler] WS Invalid message: data did not match any variant of untagged enum Message
[2026-09-10T00:03:54.451Z WARN  chromiumoxide::handler] WS Invalid message: data did not match any variant of untagged enum Message
[2026-09-10T00:03:54.990Z WARN  chromiumoxide::handler] WS Invalid message: data did not match any variant of untagged enum Message
[2026-09-10T00:03:54.990Z WARN  chromiumoxide::handler] WS Invalid message: data did not match any variant of untagged enum Message
[2026-09-10T00:03:56.915Z WARN  chromiumoxide::handler] WS Invalid message: data did not match any variant of untagged enum Message
[2026-09-10T00:03:56.915Z WARN  chromiumoxide::handler] WS Invalid message: data did not match any variant of untagged enum Message
[2026-09-10T00:03:56.915Z WARN  chromiumoxide::handler] WS Invalid message: data did not match any variant of untagged enum Message
[2026-09-10T00:03:56.915Z WARN  chromiumoxide::handler] WS Invalid message: data did not match any variant of untagged enum Message
[2026-09-10T00:03:57.092Z WARN  chromiumoxide::handler] WS Invalid message: data did not match any variant of untagged enum Message
[2026-09-10T00:03:57.092Z WARN  chromiumoxide::handler] WS Invalid message: data did not match any variant of untagged enum Message
{"level":30,"time":1788998637108,"pid":197821,"hostname":"vps-15cf2c41","reqId":"req-1v","req":{"method":"GET","url":"/api/v1/workspace/meta","host":"127.0.0.1:6540","remoteAddress":"127.0.0.1","remotePort":55920},"msg":"incoming request"}
[2026-09-10T00:03:57.110Z WARN  chromiumoxide::handler] WS Invalid message: data did not match any variant of untagged enum Message
{"level":30,"time":1788998637112,"pid":197821,"hostname":"vps-15cf2c41","reqId":"req-1v","res":{"statusCode":200},"responseTime":1.2702040000003763,"msg":"request completed"}
[2026-09-10T00:03:57.121Z WARN  chromiumoxide::handler] WS Invalid message: data did not match any variant of untagged enum Message
{"level":30,"time":1788998637123,"pid":197821,"hostname":"vps-15cf2c41","reqId":"req-1w","req":{"method":"GET","url":"/api/v1/workspace/meta","host":"127.0.0.1:6540","remoteAddress":"127.0.0.1","remotePort":55934},"msg":"incoming request"}
{"level":30,"time":1788998637124,"pid":197821,"hostname":"vps-15cf2c41","reqId":"req-1w","res":{"statusCode":200},"responseTime":0.6838810000044759,"msg":"request completed"}
{"level":30,"time":1788998637233,"pid":197821,"hostname":"vps-15cf2c41","reqId":"req-1x","req":{"method":"GET","url":"/api/v1/tree?path=.","host":"127.0.0.1:6540","remoteAddress":"127.0.0.1","remotePort":59128},"msg":"incoming request"}
[2026-09-10T00:03:57.234Z WARN  chromiumoxide::handler] WS Invalid message: data did not match any variant of untagged enum Message
[2026-09-10T00:03:57.239Z WARN  chromiumoxide::handler] WS Invalid message: data did not match any variant of untagged enum Message
{"level":30,"time":1788998637245,"pid":197821,"hostname":"vps-15cf2c41","reqId":"req-1y","req":{"method":"PUT","url":"/api/v1/ui/state","host":"127.0.0.1:6540","remoteAddress":"127.0.0.1","remotePort":59140},"msg":"incoming request"}
{"level":30,"time":1788998637247,"pid":197821,"hostname":"vps-15cf2c41","reqId":"req-1y","res":{"statusCode":204},"responseTime":1.7766080000001239,"msg":"request completed"}
{"level":30,"time":1788998637250,"pid":197821,"hostname":"vps-15cf2c41","reqId":"req-1x","res":{"statusCode":200},"responseTime":16.25305300000764,"msg":"request completed"}
[2026-09-10T00:03:57.253Z WARN  chromiumoxide::handler] WS Invalid message: data did not match any variant of untagged enum Message
{"level":30,"time":1788998637256,"pid":197821,"hostname":"vps-15cf2c41","reqId":"req-1z","req":{"method":"GET","url":"/api/v1/filesystems","host":"127.0.0.1:6540","remoteAddress":"127.0.0.1","remotePort":59156},"msg":"incoming request"}
{"level":30,"time":1788998637257,"pid":197821,"hostname":"vps-15cf2c41","reqId":"req-1z","res":{"statusCode":200},"responseTime":1.0865279999998165,"msg":"request completed"}
{"level":30,"time":1788998637301,"pid":197821,"hostname":"vps-15cf2c41","reqId":"req-20","req":{"method":"GET","url":"/api/v1/agents","host":"127.0.0.1:6540","remoteAddress":"127.0.0.1","remotePort":59162},"msg":"incoming request"}
{"level":30,"time":1788998637302,"pid":197821,"hostname":"vps-15cf2c41","reqId":"req-20","res":{"statusCode":200},"responseTime":0.6533539999945788,"msg":"request completed"}
[2026-09-10T00:03:57.303Z WARN  chromiumoxide::handler] WS Invalid message: data did not match any variant of untagged enum Message
{"level":30,"time":1788998637317,"pid":197821,"hostname":"vps-15cf2c41","reqId":"req-21","req":{"method":"GET","url":"/api/v1/tree?path=.","host":"127.0.0.1:6540","remoteAddress":"127.0.0.1","remotePort":59166},"msg":"incoming request"}
[2026-09-10T00:03:57.318Z WARN  chromiumoxide::handler] WS Invalid message: data did not match any variant of untagged enum Message
[2026-09-10T00:03:57.320Z WARN  chromiumoxide::handler] WS Invalid message: data did not match any variant of untagged enum Message
[2026-09-10T00:03:57.320Z WARN  chromiumoxide::handler] WS Invalid message: data did not match any variant of untagged enum Message
{"level":30,"time":1788998637324,"pid":197821,"hostname":"vps-15cf2c41","reqId":"req-22","req":{"method":"PUT","url":"/api/v1/ui/state","host":"127.0.0.1:6540","remoteAddress":"127.0.0.1","remotePort":59172},"msg":"incoming request"}
{"level":30,"time":1788998637325,"pid":197821,"hostname":"vps-15cf2c41","reqId":"req-22","res":{"statusCode":204},"responseTime":0.9966039999999339,"msg":"request completed"}
{"level":30,"time":1788998637327,"pid":197821,"hostname":"vps-15cf2c41","reqId":"req-23","req":{"method":"GET","url":"/api/v1/filesystems","host":"127.0.0.1:6540","remoteAddress":"127.0.0.1","remotePort":59182},"msg":"incoming request"}
{"level":30,"time":1788998637328,"pid":197821,"hostname":"vps-15cf2c41","reqId":"req-23","res":{"statusCode":200},"responseTime":0.5702510000119219,"msg":"request completed"}
{"level":30,"time":1788998637335,"pid":197821,"hostname":"vps-15cf2c41","reqId":"req-21","res":{"statusCode":200},"responseTime":18.215213999996195,"msg":"request completed"}
[2026-09-10T00:03:57.422Z WARN  chromiumoxide::handler] WS Invalid message: data did not match any variant of untagged enum Message
00:00.000 Waiting
{"level":30,"time":1788998637505,"pid":197821,"hostname":"vps-15cf2c41","reqId":"req-24","req":{"method":"GET","url":"/api/v1/fs/events?workspaceId=workspace","host":"127.0.0.1:6540","remoteAddress":"127.0.0.1","remotePort":59184},"msg":"incoming request"}
{"level":30,"time":1788998637507,"pid":197821,"hostname":"vps-15cf2c41","reqId":"req-25","req":{"method":"GET","url":"/api/v1/ui/commands/next?workspaceId=workspace","host":"127.0.0.1:6540","remoteAddress":"127.0.0.1","remotePort":59186},"msg":"incoming request"}
[2026-09-10T00:03:57.509Z WARN  chromiumoxide::handler] WS Invalid message: data did not match any variant of untagged enum Message
[2026-09-10T00:03:57.510Z WARN  chromiumoxide::handler] WS Invalid message: data did not match any variant of untagged enum Message
[2026-09-10T00:03:57.510Z WARN  chromiumoxide::handler] WS Invalid message: data did not match any variant of untagged enum Message
{"level":30,"time":1788998637514,"pid":197821,"hostname":"vps-15cf2c41","reqId":"req-26","req":{"method":"GET","url":"/api/v1/ui/state","host":"127.0.0.1:6540","remoteAddress":"127.0.0.1","remotePort":59202},"msg":"incoming request"}
{"level":30,"time":1788998637518,"pid":197821,"hostname":"vps-15cf2c41","reqId":"req-26","res":{"statusCode":200},"responseTime":1.1451760000054492,"msg":"request completed"}
[2026-09-10T00:03:57.591Z WARN  chromiumoxide::handler] WS Invalid message: data did not match any variant of untagged enum Message
[2026-09-10T00:03:57.591Z WARN  chromiumoxide::handler] WS Invalid message: data did not match any variant of untagged enum Message
[2026-09-10T00:03:57.591Z WARN  chromiumoxide::handler] WS Invalid message: data did not match any variant of untagged enum Message
{"level":30,"time":1788998637596,"pid":197821,"hostname":"vps-15cf2c41","reqId":"req-27","req":{"method":"GET","url":"/api/v1/agents/alpha/sessions?limit=50&archived=active","host":"127.0.0.1:6540","remoteAddress":"127.0.0.1","remotePort":59208},"msg":"incoming request"}
{"level":30,"time":1788998637599,"pid":197821,"hostname":"vps-15cf2c41","reqId":"req-28","req":{"method":"GET","url":"/api/v1/tree?path=.","host":"127.0.0.1:6540","remoteAddress":"127.0.0.1","remotePort":59212},"msg":"incoming request"}
{"level":30,"time":1788998637601,"pid":197821,"hostname":"vps-15cf2c41","reqId":"req-29","req":{"method":"GET","url":"/api/v1/agents/alpha/ready-status","host":"127.0.0.1:6540","remoteAddress":"127.0.0.1","remotePort":59222},"msg":"incoming request"}
{"level":30,"time":1788998637611,"pid":197821,"hostname":"vps-15cf2c41","reqId":"req-28","res":{"statusCode":200},"responseTime":11.757899000003817,"msg":"request completed"}
[2026-09-10T00:03:57.618Z WARN  chromiumoxide::handler] WS Invalid message: data did not match any variant of untagged enum Message
{"level":30,"time":1788998637621,"pid":197821,"hostname":"vps-15cf2c41","reqId":"req-2a","req":{"method":"GET","url":"/api/v1/tree?path=.","host":"127.0.0.1:6540","remoteAddress":"127.0.0.1","remotePort":59232},"msg":"incoming request"}
{"level":30,"time":1788998637629,"pid":197821,"hostname":"vps-15cf2c41","reqId":"req-2a","res":{"statusCode":200},"responseTime":8.195787999997265,"msg":"request completed"}
{"level":30,"time":1788998637642,"pid":197821,"hostname":"vps-15cf2c41","reqId":"req-27","res":{"statusCode":200},"responseTime":46.0017530000041,"msg":"request completed"}
{"level":30,"time":1788998637647,"pid":197821,"hostname":"vps-15cf2c41","reqId":"req-29","res":{"statusCode":200},"responseTime":46.597787000006065,"msg":"request completed"}
{"level":30,"time":1788998637662,"pid":197821,"hostname":"vps-15cf2c41","reqId":"req-2b","req":{"method":"GET","url":"/api/v1/agents/alpha/sessions?limit=50&archived=active","host":"127.0.0.1:6540","remoteAddress":"127.0.0.1","remotePort":59240},"msg":"incoming request"}
{"level":30,"time":1788998637666,"pid":197821,"hostname":"vps-15cf2c41","reqId":"req-2c","req":{"method":"GET","url":"/api/v1/agents/alpha/ready-status","host":"127.0.0.1:6540","remoteAddress":"127.0.0.1","remotePort":59250},"msg":"incoming request"}
[2026-09-10T00:03:57.668Z WARN  chromiumoxide::handler] WS Invalid message: data did not match any variant of untagged enum Message
[2026-09-10T00:03:57.668Z WARN  chromiumoxide::handler] WS Invalid message: data did not match any variant of untagged enum Message
[2026-09-10T00:03:57.669Z WARN  chromiumoxide::handler] WS Invalid message: data did not match any variant of untagged enum Message
{"level":30,"time":1788998637671,"pid":197821,"hostname":"vps-15cf2c41","reqId":"req-2d","req":{"method":"GET","url":"/api/v1/ui/state","host":"127.0.0.1:6540","remoteAddress":"127.0.0.1","remotePort":59258},"msg":"incoming request"}
{"level":30,"time":1788998637672,"pid":197821,"hostname":"vps-15cf2c41","reqId":"req-2d","res":{"statusCode":200},"responseTime":0.7098359999945387,"msg":"request completed"}
{"level":30,"time":1788998637687,"pid":197821,"hostname":"vps-15cf2c41","reqId":"req-2c","res":{"statusCode":200},"responseTime":21.454366000005393,"msg":"request completed"}
{"level":30,"time":1788998637697,"pid":197821,"hostname":"vps-15cf2c41","reqId":"req-2b","res":{"statusCode":200},"responseTime":34.55653600000369,"msg":"request completed"}
00:00.256 Waiting
[2026-09-10T00:03:57.766Z WARN  chromiumoxide::handler] WS Invalid message: data did not match any variant of untagged enum Message
{"level":30,"time":1788998637767,"pid":197821,"hostname":"vps-15cf2c41","reqId":"req-2e","req":{"method":"POST","url":"/api/v1/workspace-bridge/call","host":"127.0.0.1:6540","remoteAddress":"127.0.0.1","remotePort":59268},"msg":"incoming request"}
{"level":30,"time":1788998637769,"pid":197821,"hostname":"vps-15cf2c41","reqId":"req-2e","res":{"statusCode":200},"responseTime":1.7271529999998165,"msg":"request completed"}
[2026-09-10T00:03:57.847Z WARN  chromiumoxide::handler] WS Invalid message: data did not match any variant of untagged enum Message
[2026-09-10T00:03:57.847Z WARN  chromiumoxide::handler] WS Invalid message: data did not match any variant of untagged enum Message
{"level":30,"time":1788998637849,"pid":197821,"hostname":"vps-15cf2c41","reqId":"req-2f","req":{"method":"GET","url":"/api/v1/agents/session-activity/events?workspaceId=workspace","host":"127.0.0.1:6540","remoteAddress":"127.0.0.1","remotePort":59274},"msg":"incoming request"}
{"level":30,"time":1788998637850,"pid":197821,"hostname":"vps-15cf2c41","reqId":"req-2g","req":{"method":"GET","url":"/api/v1/agents/alpha/sessions?limit=50&archived=archived","host":"127.0.0.1:6540","remoteAddress":"127.0.0.1","remotePort":59286},"msg":"incoming request"}
{"level":30,"time":1788998637862,"pid":197821,"hostname":"vps-15cf2c41","reqId":"req-2g","res":{"statusCode":200},"responseTime":11.15086500000325,"msg":"request completed"}
00:00.496 Waiting
00:00.778 Waiting
00:00.933 Clicking <button> (x: 137.5, y: 82.0, content: "Search⌘K")
[2026-09-10T00:03:58.622Z WARN  chromiumoxide::handler] WS Invalid message: data did not match any variant of untagged enum Message
00:01.234 Pressing Escape (code: 27)
00:01.483 Clicking <button> (x: 137.5, y: 82.0, content: "Search⌘K")
00:01.791 Typing no-matching-fixture-command (delay: 0ms)
{"level":30,"time":1788998639961,"pid":197821,"hostname":"vps-15cf2c41","reqId":"req-2h","req":{"method":"POST","url":"/api/v1/agents/alpha/sessions","host":"127.0.0.1:6540","remoteAddress":"127.0.0.1","remotePort":59294},"msg":"incoming request"}
[2026-09-10T00:03:59.962Z WARN  chromiumoxide::handler] WS Invalid message: data did not match any variant of untagged enum Message
{"level":30,"time":1788998639987,"pid":197821,"hostname":"vps-15cf2c41","reqId":"req-2h","res":{"statusCode":201},"responseTime":26.058164000001852,"msg":"request completed"}
[2026-09-10T00:04:00.032Z WARN  chromiumoxide::handler] WS Invalid message: data did not match any variant of untagged enum Message
{"level":30,"time":1788998640034,"pid":197821,"hostname":"vps-15cf2c41","reqId":"req-2i","req":{"method":"GET","url":"/api/v1/agents/alpha/sessions?limit=50&archived=active","host":"127.0.0.1:6540","remoteAddress":"127.0.0.1","remotePort":59298},"msg":"incoming request"}
{"level":30,"time":1788998640056,"pid":197821,"hostname":"vps-15cf2c41","reqId":"req-2i","res":{"statusCode":200},"responseTime":22.402413000003435,"msg":"request completed"}
[2026-09-10T00:04:00.142Z WARN  chromiumoxide::handler] WS Invalid message: data did not match any variant of untagged enum Message
[2026-09-10T00:04:00.142Z WARN  chromiumoxide::handler] WS Invalid message: data did not match any variant of untagged enum Message
{"level":30,"time":1788998640143,"pid":197821,"hostname":"vps-15cf2c41","reqId":"req-2j","req":{"method":"GET","url":"/api/v1/ui/state","host":"127.0.0.1:6540","remoteAddress":"127.0.0.1","remotePort":59308},"msg":"incoming request"}
{"level":30,"time":1788998640144,"pid":197821,"hostname":"vps-15cf2c41","reqId":"req-2j","res":{"statusCode":200},"responseTime":0.5288959999888903,"msg":"request completed"}
{"level":30,"time":1788998640145,"pid":197821,"hostname":"vps-15cf2c41","reqId":"req-2k","req":{"method":"GET","url":"/api/v1/agents/alpha/sessions?limit=50&archived=archived","host":"127.0.0.1:6540","remoteAddress":"127.0.0.1","remotePort":59310},"msg":"incoming request"}
{"level":30,"time":1788998640157,"pid":197821,"hostname":"vps-15cf2c41","reqId":"req-2k","res":{"statusCode":200},"responseTime":11.757440000001225,"msg":"request completed"}
[2026-09-10T00:04:00.242Z WARN  chromiumoxide::handler] WS Invalid message: data did not match any variant of untagged enum Message
{"level":30,"time":1788998640244,"pid":197821,"hostname":"vps-15cf2c41","reqId":"req-2l","req":{"method":"POST","url":"/api/v1/workspace-bridge/call","host":"127.0.0.1:6540","remoteAddress":"127.0.0.1","remotePort":59320},"msg":"incoming request"}
{"level":30,"time":1788998640246,"pid":197821,"hostname":"vps-15cf2c41","reqId":"req-2l","res":{"statusCode":200},"responseTime":1.5840709999902174,"msg":"request completed"}
{"level":30,"time":1788998640739,"pid":197821,"hostname":"vps-15cf2c41","reqId":"req-2m","req":{"method":"GET","url":"/api/v1/agents/session-activity/events?workspaceId=workspace","host":"127.0.0.1:6540","remoteAddress":"127.0.0.1","remotePort":59332},"msg":"incoming request"}
[2026-09-10T00:04:00.740Z WARN  chromiumoxide::handler] WS Invalid message: data did not match any variant of untagged enum Message
00:03.480 Typing > (delay: 0ms)
[2026-09-10T00:04:01.280Z WARN  chromiumoxide::handler] WS Invalid message: data did not match any variant of untagged enum Message
{"level":30,"time":1788998641282,"pid":197821,"hostname":"vps-15cf2c41","reqId":"req-2n","req":{"method":"PUT","url":"/api/v1/ui/state","host":"127.0.0.1:6540","remoteAddress":"127.0.0.1","remotePort":59344},"msg":"incoming request"}
{"level":30,"time":1788998641283,"pid":197821,"hostname":"vps-15cf2c41","reqId":"req-2n","res":{"statusCode":204},"responseTime":1.0712299999868264,"msg":"request completed"}
[2026-09-10T00:04:01.298Z WARN  chromiumoxide::handler] WS Invalid message: data did not match any variant of untagged enum Message
{"level":30,"time":1788998641302,"pid":197821,"hostname":"vps-15cf2c41","reqId":"req-2o","req":{"method":"GET","url":"/api/v1/agents/alpha/models","host":"127.0.0.1:6540","remoteAddress":"127.0.0.1","remotePort":59348},"msg":"incoming request"}
[2026-09-10T00:04:01.302Z WARN  chromiumoxide::handler] WS Invalid message: data did not match any variant of untagged enum Message
[2026-09-10T00:04:01.304Z WARN  chromiumoxide::handler] WS Invalid message: data did not match any variant of untagged enum Message
{"level":30,"time":1788998641309,"pid":197821,"hostname":"vps-15cf2c41","reqId":"req-2p","req":{"method":"GET","url":"/api/v1/agents/alpha/commands?sessionId=scripted-2","host":"127.0.0.1:6540","remoteAddress":"127.0.0.1","remotePort":59360},"msg":"incoming request"}
{"level":30,"time":1788998641315,"pid":197821,"hostname":"vps-15cf2c41","reqId":"req-2q","req":{"method":"GET","url":"/api/v1/workspace/meta","host":"127.0.0.1:6540","remoteAddress":"127.0.0.1","remotePort":59372},"msg":"incoming request"}
{"level":30,"time":1788998641317,"pid":197821,"hostname":"vps-15cf2c41","reqId":"req-2q","res":{"statusCode":200},"responseTime":0.8939729999983683,"msg":"request completed"}
{"level":30,"time":1788998641325,"pid":197821,"hostname":"vps-15cf2c41","reqId":"req-2r","req":{"method":"GET","url":"/api/v1/workspace/meta","host":"127.0.0.1:6540","remoteAddress":"127.0.0.1","remotePort":59386},"msg":"incoming request"}
[2026-09-10T00:04:01.325Z WARN  chromiumoxide::handler] WS Invalid message: data did not match any variant of untagged enum Message
{"level":30,"time":1788998641327,"pid":197821,"hostname":"vps-15cf2c41","reqId":"req-2r","res":{"statusCode":200},"responseTime":0.7946950000041397,"msg":"request completed"}
{"level":30,"time":1788998641342,"pid":197821,"hostname":"vps-15cf2c41","reqId":"req-2o","res":{"statusCode":200},"responseTime":40.17143099999521,"msg":"request completed"}
[2026-09-10T00:04:01.352Z WARN  chromiumoxide::handler] WS Invalid message: data did not match any variant of untagged enum Message
{"level":30,"time":1788998641352,"pid":197821,"hostname":"vps-15cf2c41","reqId":"req-2s","req":{"method":"GET","url":"/api/v1/agents/alpha/models","host":"127.0.0.1:6540","remoteAddress":"127.0.0.1","remotePort":59390},"msg":"incoming request"}
{"level":30,"time":1788998641355,"pid":197821,"hostname":"vps-15cf2c41","reqId":"req-2p","res":{"statusCode":200},"responseTime":45.5124560000113,"msg":"request completed"}
[2026-09-10T00:04:01.365Z WARN  chromiumoxide::handler] WS Invalid message: data did not match any variant of untagged enum Message
{"level":30,"time":1788998641368,"pid":197821,"hostname":"vps-15cf2c41","reqId":"req-2t","req":{"method":"GET","url":"/api/v1/agents/alpha/commands?sessionId=scripted-2","host":"127.0.0.1:6540","remoteAddress":"127.0.0.1","remotePort":59402},"msg":"incoming request"}
{"level":30,"time":1788998641380,"pid":197821,"hostname":"vps-15cf2c41","reqId":"req-2s","res":{"statusCode":200},"responseTime":27.60650299998815,"msg":"request completed"}
{"level":30,"time":1788998641390,"pid":197821,"hostname":"vps-15cf2c41","reqId":"req-2t","res":{"statusCode":200},"responseTime":22.388783999995212,"msg":"request completed"}
{"level":30,"time":1788998641449,"pid":197821,"hostname":"vps-15cf2c41","reqId":"req-2u","req":{"method":"GET","url":"/api/v1/agents/alpha/sessions/scripted-2/state","host":"127.0.0.1:6540","remoteAddress":"127.0.0.1","remotePort":59408},"msg":"incoming request"}
[2026-09-10T00:04:01.463Z WARN  chromiumoxide::handler] WS Invalid message: data did not match any variant of untagged enum Message
{"level":30,"time":1788998641480,"pid":197821,"hostname":"vps-15cf2c41","reqId":"req-2u","res":{"statusCode":200},"responseTime":29.886540999999852,"msg":"request completed"}
00:04.075 Typing > (delay: 0ms)
[2026-09-10T00:04:01.611Z WARN  chromiumoxide::handler] WS Invalid message: data did not match any variant of untagged enum Message
[2026-09-10T00:04:01.612Z WARN  chromiumoxide::handler] WS Invalid message: data did not match any variant of untagged enum Message
{"level":30,"time":1788998641614,"pid":197821,"hostname":"vps-15cf2c41","reqId":"req-2v","req":{"method":"GET","url":"/api/v1/agents/alpha/models","host":"127.0.0.1:6540","remoteAddress":"127.0.0.1","remotePort":59420},"msg":"incoming request"}
{"level":30,"time":1788998641617,"pid":197821,"hostname":"vps-15cf2c41","reqId":"req-2w","req":{"method":"GET","url":"/api/v1/agents/alpha/sessions/scripted-2/events?cursor=0","host":"127.0.0.1:6540","remoteAddress":"127.0.0.1","remotePort":59436},"msg":"incoming request"}
{"level":30,"time":1788998641633,"pid":197821,"hostname":"vps-15cf2c41","reqId":"req-2v","res":{"statusCode":200},"responseTime":19.006148999993457,"msg":"request completed"}
00:04.302 Typing no-matching-fixture-command (delay: 0ms)
00:05.772 Pressing Escape (code: 27)
00:06.042 Clicking <button> (x: 137.5, y: 82.0, content: "Search⌘K")
00:06.403 Waiting
00:06.707 Waiting
00:06.901 Pressing Escape (code: 27)
00:07.142 Clicking <button> (x: 137.5, y: 82.0, content: "Search⌘K")
00:07.374 Pressing Escape (code: 27)
00:07.589 Waiting
00:07.708 Clicking <button> (x: 137.5, y: 82.0, content: "Search⌘K")
00:08.054 Typing no-matching-fixture-command (delay: 0ms)
00:09.196 Waiting
00:09.495 Typing > (delay: 0ms)
00:09.705 Pressing Escape (code: 27)
00:09.979 Clicking <button> (x: 137.5, y: 82.0, content: "Search⌘K")
00:10.318 Waiting
00:10.621 Typing no-matching-fixture-command (delay: 0ms)
00:11.786 Typing no-matching-fixture-command (delay: 0ms)
00:12.910 Waiting
00:13.233 Typing no-matching-fixture-command (delay: 0ms)
00:14.372 Typing no-matching-fixture-command (delay: 0ms)
00:15.392 Typing no-matching-fixture-command (delay: 0ms)
00:16.585 Clicking <button> (x: 526.0, y: 377.5, content: "Commands")
00:16.786 Waiting
00:17.017 Typing no-matching-fixture-command (delay: 0ms)
00:18.127 Waiting
00:18.443 Pressing Escape (code: 27)

Test finished after time limit!

Inspect the test results using:

  bombadil browser inspect /dev/shm/cpr-991/boring-ui-review-run.cyV2oF/explore-desktop.zIPTin

Reproduce this test using:

  bombadil browser test http://127.0.0.1:6530/?fresh=1 <sandbox-root>/tools/ui-review/src/review-specs/workspace-command-palette/bombadil.spec.ts --width 1440 --height 900 --headless --no-sandbox --reproduce /dev/shm/cpr-991/boring-ui-review-run.cyV2oF/explore-desktop.zIPTin

{"level":30,"time":1788998656355,"pid":197821,"hostname":"vps-15cf2c41","reqId":"req-2w","res":{"statusCode":200},"msg":"stream closed prematurely"}
[2026-09-10T00:04:25.176Z WARN  chromiumoxide::handler] WS Invalid message: data did not match any variant of untagged enum Message
[2026-09-10T00:04:25.182Z WARN  chromiumoxide::handler] WS Invalid message: data did not match any variant of untagged enum Message
[2026-09-10T00:04:25.183Z WARN  chromiumoxide::handler] WS Invalid message: data did not match any variant of untagged enum Message
[2026-09-10T00:04:25.213Z WARN  chromiumoxide::handler] WS Invalid message: data did not match any variant of untagged enum Message
[2026-09-10T00:04:25.277Z WARN  chromiumoxide::handler] WS Invalid message: data did not match any variant of untagged enum Message
[2026-09-10T00:04:25.307Z WARN  chromiumoxide::handler] WS Invalid message: data did not match any variant of untagged enum Message
[2026-09-10T00:04:25.307Z WARN  chromiumoxide::handler] WS Invalid message: data did not match any variant of untagged enum Message
[2026-09-10T00:04:25.308Z WARN  chromiumoxide::handler] WS Invalid message: data did not match any variant of untagged enum Message
[2026-09-10T00:04:25.314Z WARN  chromiumoxide::handler] WS Invalid message: data did not match any variant of untagged enum Message
[2026-09-10T00:04:25.315Z WARN  chromiumoxide::handler] WS Invalid message: data did not match any variant of untagged enum Message
[2026-09-10T00:04:25.315Z WARN  chromiumoxide::handler] WS Invalid message: data did not match any variant of untagged enum Message
[2026-09-10T00:04:25.317Z WARN  chromiumoxide::handler] WS Invalid message: data did not match any variant of untagged enum Message
[2026-09-10T00:04:25.372Z WARN  chromiumoxide::handler] WS Invalid message: data did not match any variant of untagged enum Message
[2026-09-10T00:04:25.659Z WARN  chromiumoxide::handler] WS Invalid message: data did not match any variant of untagged enum Message
[2026-09-10T00:04:25.659Z WARN  chromiumoxide::handler] WS Invalid message: data did not match any variant of untagged enum Message
[2026-09-10T00:04:25.659Z WARN  chromiumoxide::handler] WS Invalid message: data did not match any variant of untagged enum Message
[2026-09-10T00:04:25.659Z WARN  chromiumoxide::handler] WS Invalid message: data did not match any variant of untagged enum Message
[2026-09-10T00:04:25.659Z WARN  chromiumoxide::handler] WS Invalid message: data did not match any variant of untagged enum Message
[2026-09-10T00:04:25.659Z WARN  chromiumoxide::handler] WS Invalid message: data did not match any variant of untagged enum Message
[2026-09-10T00:04:25.677Z WARN  chromiumoxide::handler] WS Invalid message: data did not match any variant of untagged enum Message
[2026-09-10T00:04:25.729Z WARN  chromiumoxide::handler] WS Invalid message: data did not match any variant of untagged enum Message
[2026-09-10T00:04:25.841Z WARN  chromiumoxide::handler] WS Invalid message: data did not match any variant of untagged enum Message
[2026-09-10T00:04:25.918Z WARN  chromiumoxide::handler] WS Invalid message: data did not match any variant of untagged enum Message
[2026-09-10T00:04:25.933Z WARN  chromiumoxide::handler] WS Invalid message: data did not match any variant of untagged enum Message
[2026-09-10T00:04:26.032Z WARN  chromiumoxide::handler] WS Invalid message: data did not match any variant of untagged enum Message
[2026-09-10T00:04:26.047Z WARN  chromiumoxide::handler] WS Invalid message: data did not match any variant of untagged enum Message
[2026-09-10T00:04:26.050Z WARN  chromiumoxide::handler] WS Invalid message: data did not match any variant of untagged enum Message
[2026-09-10T00:04:26.050Z WARN  chromiumoxide::handler] WS Invalid message: data did not match any variant of untagged enum Message
[2026-09-10T00:04:26.050Z WARN  chromiumoxide::handler] WS Invalid message: data did not match any variant of untagged enum Message
[2026-09-10T00:04:26.050Z WARN  chromiumoxide::handler] WS Invalid message: data did not match any variant of untagged enum Message
[2026-09-10T00:04:26.127Z WARN  chromiumoxide::handler] WS Invalid message: data did not match any variant of untagged enum Message
[2026-09-10T00:04:26.135Z WARN  chromiumoxide::handler] WS Invalid message: data did not match any variant of untagged enum Message
[2026-09-10T00:04:26.135Z WARN  chromiumoxide::handler] WS Invalid message: data did not match any variant of untagged enum Message
[2026-09-10T00:04:26.135Z WARN  chromiumoxide::handler] WS Invalid message: data did not match any variant of untagged enum Message
[2026-09-10T00:04:26.160Z WARN  chromiumoxide::handler] WS Invalid message: data did not match any variant of untagged enum Message
[2026-09-10T00:04:26.219Z WARN  chromiumoxide::handler] WS Invalid message: data did not match any variant of untagged enum Message
[2026-09-10T00:04:26.220Z WARN  chromiumoxide::handler] WS Invalid message: data did not match any variant of untagged enum Message
[2026-09-10T00:04:26.221Z WARN  chromiumoxide::handler] WS Invalid message: data did not match any variant of untagged enum Message
[2026-09-10T00:04:26.221Z WARN  chromiumoxide::handler] WS Invalid message: data did not match any variant of untagged enum Message
[2026-09-10T00:04:26.221Z WARN  chromiumoxide::handler] WS Invalid message: data did not match any variant of untagged enum Message
[2026-09-10T00:04:26.226Z WARN  chromiumoxide::handler] WS Invalid message: data did not match any variant of untagged enum Message
[2026-09-10T00:04:26.227Z WARN  chromiumoxide::handler] WS Invalid message: data did not match any variant of untagged enum Message
[2026-09-10T00:04:26.239Z WARN  chromiumoxide::handler] WS Invalid message: data did not match any variant of untagged enum Message
[2026-09-10T00:04:26.239Z WARN  chromiumoxide::handler] WS Invalid message: data did not match any variant of untagged enum Message
[2026-09-10T00:04:26.239Z WARN  chromiumoxide::handler] WS Invalid message: data did not match any variant of untagged enum Message
[2026-09-10T00:04:26.249Z WARN  chromiumoxide::handler] WS Invalid message: data did not match any variant of untagged enum Message
[2026-09-10T00:04:26.249Z WARN  chromiumoxide::handler] WS Invalid message: data did not match any variant of untagged enum Message
[2026-09-10T00:04:26.249Z WARN  chromiumoxide::handler] WS Invalid message: data did not match any variant of untagged enum Message
[2026-09-10T00:04:26.275Z WARN  chromiumoxide::handler] WS Invalid message: data did not match any variant of untagged enum Message
[2026-09-10T00:04:26.275Z WARN  chromiumoxide::handler] WS Invalid message: data did not match any variant of untagged enum Message
[2026-09-10T00:04:26.275Z WARN  chromiumoxide::handler] WS Invalid message: data did not match any variant of untagged enum Message
[2026-09-10T00:04:26.276Z WARN  chromiumoxide::handler] WS Invalid message: data did not match any variant of untagged enum Message
[2026-09-10T00:04:26.278Z WARN  chromiumoxide::handler] WS Invalid message: data did not match any variant of untagged enum Message
[2026-09-10T00:04:26.278Z WARN  chromiumoxide::handler] WS Invalid message: data did not match any variant of untagged enum Message
[2026-09-10T00:04:26.305Z WARN  chromiumoxide::handler] WS Invalid message: data did not match any variant of untagged enum Message
[2026-09-10T00:04:26.307Z WARN  chromiumoxide::handler] WS Invalid message: data did not match any variant of untagged enum Message
[2026-09-10T00:04:26.310Z WARN  chromiumoxide::handler] WS Invalid message: data did not match any variant of untagged enum Message
[2026-09-10T00:04:26.760Z WARN  chromiumoxide::handler] WS Invalid message: data did not match any variant of untagged enum Message
[2026-09-10T00:04:26.760Z WARN  chromiumoxide::handler] WS Invalid message: data did not match any variant of untagged enum Message
[2026-09-10T00:04:26.763Z WARN  chromiumoxide::handler] WS Invalid message: data did not match any variant of untagged enum Message
[2026-09-10T00:04:26.763Z WARN  chromiumoxide::handler] WS Invalid message: data did not match any variant of untagged enum Message
[2026-09-10T00:04:26.763Z WARN  chromiumoxide::handler] WS Invalid message: data did not match any variant of untagged enum Message
[2026-09-10T00:04:26.832Z WARN  chromiumoxide::handler] WS Invalid message: data did not match any variant of untagged enum Message
[2026-09-10T00:04:26.832Z WARN  chromiumoxide::handler] WS Invalid message: data did not match any variant of untagged enum Message
[2026-09-10T00:04:26.832Z WARN  chromiumoxide::handler] WS Invalid message: data did not match any variant of untagged enum Message
[2026-09-10T00:04:26.832Z WARN  chromiumoxide::handler] WS Invalid message: data did not match any variant of untagged enum Message
[2026-09-10T00:04:26.889Z WARN  chromiumoxide::handler] WS Invalid message: data did not match any variant of untagged enum Message
[2026-09-10T00:04:26.889Z WARN  chromiumoxide::handler] WS Invalid message: data did not match any variant of untagged enum Message
[2026-09-10T00:04:26.889Z WARN  chromiumoxide::handler] WS Invalid message: data did not match any variant of untagged enum Message
[2026-09-10T00:04:26.889Z WARN  chromiumoxide::handler] WS Invalid message: data did not match any variant of untagged enum Message
[2026-09-10T00:04:26.889Z WARN  chromiumoxide::handler] WS Invalid message: data did not match any variant of untagged enum Message
[2026-09-10T00:04:26.889Z WARN  chromiumoxide::handler] WS Invalid message: data did not match any variant of untagged enum Message
[2026-09-10T00:04:26.890Z WARN  chromiumoxide::handler] WS Invalid message: data did not match any variant of untagged enum Message
[2026-09-10T00:04:26.890Z WARN  chromiumoxide::handler] WS Invalid message: data did not match any variant of untagged enum Message
[2026-09-10T00:04:26.890Z WARN  chromiumoxide::handler] WS Invalid message: data did not match any variant of untagged enum Message
[2026-09-10T00:04:26.890Z WARN  chromiumoxide::handler] WS Invalid message: data did not match any variant of untagged enum Message
[2026-09-10T00:04:26.890Z WARN  chromiumoxide::handler] WS Invalid message: data did not match any variant of untagged enum Message
[2026-09-10T00:04:27.122Z WARN  chromiumoxide::handler] WS Invalid message: data did not match any variant of untagged enum Message
[2026-09-10T00:04:27.122Z WARN  chromiumoxide::handler] WS Invalid message: data did not match any variant of untagged enum Message
[2026-09-10T00:04:27.122Z WARN  chromiumoxide::handler] WS Invalid message: data did not match any variant of untagged enum Message
[2026-09-10T00:04:27.122Z WARN  chromiumoxide::handler] WS Invalid message: data did not match any variant of untagged enum Message
[2026-09-10T00:04:27.244Z WARN  chromiumoxide::handler] WS Invalid message: data did not match any variant of untagged enum Message
[2026-09-10T00:04:27.249Z WARN  chromiumoxide::handler] WS Invalid message: data did not match any variant of untagged enum Message
[2026-09-10T00:04:27.249Z WARN  chromiumoxide::handler] WS Invalid message: data did not match any variant of untagged enum Message
[2026-09-10T00:04:27.250Z WARN  chromiumoxide::handler] WS Invalid message: data did not match any variant of untagged enum Message
[2026-09-10T00:04:27.250Z WARN  chromiumoxide::handler] WS Invalid message: data did not match any variant of untagged enum Message
[2026-09-10T00:04:27.250Z WARN  chromiumoxide::handler] WS Invalid message: data did not match any variant of untagged enum Message
[2026-09-10T00:04:27.272Z WARN  chromiumoxide::handler] WS Invalid message: data did not match any variant of untagged enum Message
[2026-09-10T00:04:27.273Z WARN  chromiumoxide::handler] WS Invalid message: data did not match any variant of untagged enum Message
[2026-09-10T00:04:27.273Z WARN  chromiumoxide::handler] WS Invalid message: data did not match any variant of untagged enum Message
[2026-09-10T00:04:27.273Z WARN  chromiumoxide::handler] WS Invalid message: data did not match any variant of untagged enum Message
[2026-09-10T00:04:27.281Z WARN  chromiumoxide::handler] WS Invalid message: data did not match any variant of untagged enum Message
[2026-09-10T00:04:27.281Z WARN  chromiumoxide::handler] WS Invalid message: data did not match any variant of untagged enum Message
[2026-09-10T00:04:27.292Z WARN  chromiumoxide::handler] WS Invalid message: data did not match any variant of untagged enum Message
[2026-09-10T00:04:27.293Z WARN  chromiumoxide::handler] WS Invalid message: data did not match any variant of untagged enum Message
[2026-09-10T00:04:27.293Z WARN  chromiumoxide::handler] WS Invalid message: data did not match any variant of untagged enum Message
[2026-09-10T00:04:27.293Z WARN  chromiumoxide::handler] WS Invalid message: data did not match any variant of untagged enum Message
[2026-09-10T00:04:27.301Z WARN  chromiumoxide::handler] WS Invalid message: data did not match any variant of untagged enum Message
[2026-09-10T00:04:27.303Z WARN  chromiumoxide::handler] WS Invalid message: data did not match any variant of untagged enum Message
[2026-09-10T00:04:27.310Z WARN  chromiumoxide::handler] WS Invalid message: data did not match any variant of untagged enum Message
[2026-09-10T00:04:27.310Z WARN  chromiumoxide::handler] WS Invalid message: data did not match any variant of untagged enum Message
[2026-09-10T00:04:27.311Z WARN  chromiumoxide::handler] WS Invalid message: data did not match any variant of untagged enum Message
[2026-09-10T00:04:27.311Z WARN  chromiumoxide::handler] WS Invalid message: data did not match any variant of untagged enum Message
[2026-09-10T00:04:27.312Z WARN  chromiumoxide::handler] WS Invalid message: data did not match any variant of untagged enum Message
[2026-09-10T00:04:27.324Z WARN  chromiumoxide::handler] WS Invalid message: data did not match any variant of untagged enum Message
[2026-09-10T00:04:27.392Z WARN  chromiumoxide::handler] WS Invalid message: data did not match any variant of untagged enum Message
[2026-09-10T00:04:27.434Z WARN  chromiumoxide::handler] WS Invalid message: data did not match any variant of untagged enum Message
[2026-09-10T00:04:27.435Z WARN  chromiumoxide::handler] WS Invalid message: data did not match any variant of untagged enum Message
[2026-09-10T00:04:27.436Z WARN  chromiumoxide::handler] WS Invalid message: data did not match any variant of untagged enum Message
[2026-09-10T00:04:27.436Z WARN  chromiumoxide::handler] WS Invalid message: data did not match any variant of untagged enum Message
[2026-09-10T00:04:27.444Z WARN  chromiumoxide::handler] WS Invalid message: data did not match any variant of untagged enum Message
[2026-09-10T00:04:27.445Z WARN  chromiumoxide::handler] WS Invalid message: data did not match any variant of untagged enum Message
[2026-09-10T00:04:27.456Z WARN  chromiumoxide::handler] WS Invalid message: data did not match any variant of untagged enum Message
[2026-09-10T00:04:27.456Z WARN  chromiumoxide::handler] WS Invalid message: data did not match any variant of untagged enum Message
[2026-09-10T00:04:27.458Z WARN  chromiumoxide::handler] WS Invalid message: data did not match any variant of untagged enum Message
[2026-09-10T00:04:27.458Z WARN  chromiumoxide::handler] WS Invalid message: data did not match any variant of untagged enum Message
[2026-09-10T00:04:27.458Z WARN  chromiumoxide::handler] WS Invalid message: data did not match any variant of untagged enum Message
[2026-09-10T00:04:27.458Z WARN  chromiumoxide::handler] WS Invalid message: data did not match any variant of untagged enum Message
[2026-09-10T00:04:27.465Z WARN  chromiumoxide::handler] WS Invalid message: data did not match any variant of untagged enum Message
[2026-09-10T00:04:27.482Z WARN  chromiumoxide::handler] WS Invalid message: data did not match any variant of untagged enum Message
[2026-09-10T00:04:27.482Z WARN  chromiumoxide::handler] WS Invalid message: data did not match any variant of untagged enum Message
[2026-09-10T00:04:27.599Z WARN  chromiumoxide::handler] WS Invalid message: data did not match any variant of untagged enum Message
[2026-09-10T00:04:27.599Z WARN  chromiumoxide::handler] WS Invalid message: data did not match any variant of untagged enum Message
[2026-09-10T00:04:27.889Z WARN  chromiumoxide::handler] WS Invalid message: data did not match any variant of untagged enum Message
[2026-09-10T00:04:27.890Z WARN  chromiumoxide::handler] WS Invalid message: data did not match any variant of untagged enum Message
[2026-09-10T00:04:27.890Z WARN  chromiumoxide::handler] WS Invalid message: data did not match any variant of untagged enum Message
[2026-09-10T00:04:27.890Z WARN  chromiumoxide::handler] WS Invalid message: data did not match any variant of untagged enum Message
[2026-09-10T00:04:27.890Z WARN  chromiumoxide::handler] WS Invalid message: data did not match any variant of untagged enum Message
[2026-09-10T00:04:27.890Z WARN  chromiumoxide::handler] WS Invalid message: data did not match any variant of untagged enum Message
[2026-09-10T00:04:27.890Z WARN  chromiumoxide::handler] WS Invalid message: data did not match any variant of untagged enum Message
[2026-09-10T00:04:27.890Z WARN  chromiumoxide::handler] WS Invalid message: data did not match any variant of untagged enum Message
[2026-09-10T00:04:27.890Z WARN  chromiumoxide::handler] WS Invalid message: data did not match any variant of untagged enum Message
[2026-09-10T00:04:27.890Z WARN  chromiumoxide::handler] WS Invalid message: data did not match any variant of untagged enum Message
[2026-09-10T00:04:27.890Z WARN  chromiumoxide::handler] WS Invalid message: data did not match any variant of untagged enum Message
[2026-09-10T00:04:27.891Z WARN  chromiumoxide::handler] WS Invalid message: data did not match any variant of untagged enum Message
[2026-09-10T00:04:28.183Z WARN  chromiumoxide::handler] WS Invalid message: data did not match any variant of untagged enum Message
[2026-09-10T00:04:28.218Z WARN  chromiumoxide::handler] WS Invalid message: data did not match any variant of untagged enum Message
[2026-09-10T00:04:28.218Z WARN  chromiumoxide::handler] WS Invalid message: data did not match any variant of untagged enum Message
[2026-09-10T00:04:28.219Z WARN  chromiumoxide::handler] WS Invalid message: data did not match any variant of untagged enum Message
[2026-09-10T00:04:28.228Z WARN  chromiumoxide::handler] WS Invalid message: data did not match any variant of untagged enum Message
[2026-09-10T00:04:28.240Z WARN  chromiumoxide::handler] WS Invalid message: data did not match any variant of untagged enum Message
[2026-09-10T00:04:28.240Z WARN  chromiumoxide::handler] WS Invalid message: data did not match any variant of untagged enum Message
[2026-09-10T00:04:28.310Z WARN  chromiumoxide::handler] WS Invalid message: data did not match any variant of untagged enum Message
[2026-09-10T00:04:28.310Z WARN  chromiumoxide::handler] WS Invalid message: data did not match any variant of untagged enum Message
[2026-09-10T00:04:28.310Z WARN  chromiumoxide::handler] WS Invalid message: data did not match any variant of untagged enum Message
[2026-09-10T00:04:28.316Z WARN  chromiumoxide::handler] WS Invalid message: data did not match any variant of untagged enum Message
[2026-09-10T00:04:28.328Z WARN  chromiumoxide::handler] WS Invalid message: data did not match any variant of untagged enum Message
[2026-09-10T00:04:28.331Z WARN  chromiumoxide::handler] WS Invalid message: data did not match any variant of untagged enum Message
[2026-09-10T00:04:28.331Z WARN  chromiumoxide::handler] WS Invalid message: data did not match any variant of untagged enum Message
[2026-09-10T00:04:28.331Z WARN  chromiumoxide::handler] WS Invalid message: data did not match any variant of untagged enum Message
[2026-09-10T00:04:28.394Z WARN  chromiumoxide::handler] WS Invalid message: data did not match any variant of untagged enum Message
[2026-09-10T00:04:28.413Z WARN  chromiumoxide::handler] WS Invalid message: data did not match any variant of untagged enum Message
[2026-09-10T00:04:28.413Z WARN  chromiumoxide::handler] WS Invalid message: data did not match any variant of untagged enum Message
[2026-09-10T00:04:28.413Z WARN  chromiumoxide::handler] WS Invalid message: data did not match any variant of untagged enum Message
[2026-09-10T00:04:28.413Z WARN  chromiumoxide::handler] WS Invalid message: data did not match any variant of untagged enum Message
[2026-09-10T00:04:28.413Z WARN  chromiumoxide::handler] WS Invalid message: data did not match any variant of untagged enum Message
[2026-09-10T00:04:28.423Z WARN  chromiumoxide::handler] WS Invalid message: data did not match any variant of untagged enum Message
[2026-09-10T00:04:28.423Z WARN  chromiumoxide::handler] WS Invalid message: data did not match any variant of untagged enum Message
[2026-09-10T00:04:28.423Z WARN  chromiumoxide::handler] WS Invalid message: data did not match any variant of untagged enum Message
[2026-09-10T00:04:28.565Z WARN  chromiumoxide::handler] WS Invalid message: data did not match any variant of untagged enum Message
[2026-09-10T00:04:28.582Z WARN  chromiumoxide::handler] WS Invalid message: data did not match any variant of untagged enum Message
[2026-09-10T00:04:28.583Z WARN  chromiumoxide::handler] WS Invalid message: data did not match any variant of untagged enum Message
[2026-09-10T00:04:28.583Z WARN  chromiumoxide::handler] WS Invalid message: data did not match any variant of untagged enum Message
[2026-09-10T00:04:28.583Z WARN  chromiumoxide::handler] WS Invalid message: data did not match any variant of untagged enum Message
[2026-09-10T00:04:28.619Z WARN  chromiumoxide::handler] WS Invalid message: data did not match any variant of untagged enum Message
[2026-09-10T00:04:28.619Z WARN  chromiumoxide::handler] WS Invalid message: data did not match any variant of untagged enum Message
[2026-09-10T00:04:28.653Z WARN  chromiumoxide::handler] WS Invalid message: data did not match any variant of untagged enum Message
[2026-09-10T00:04:28.653Z WARN  chromiumoxide::handler] WS Invalid message: data did not match any variant of untagged enum Message
[2026-09-10T00:04:28.659Z WARN  chromiumoxide::handler] WS Invalid message: data did not match any variant of untagged enum Message
[2026-09-10T00:04:28.662Z WARN  chromiumoxide::handler] WS Invalid message: data did not match any variant of untagged enum Message
[2026-09-10T00:04:28.662Z WARN  chromiumoxide::handler] WS Invalid message: data did not match any variant of untagged enum Message
[2026-09-10T00:04:28.662Z WARN  chromiumoxide::handler] WS Invalid message: data did not match any variant of untagged enum Message
[2026-09-10T00:04:28.707Z WARN  chromiumoxide::handler] WS Invalid message: data did not match any variant of untagged enum Message
[2026-09-10T00:04:29.079Z WARN  chromiumoxide::handler] WS Invalid message: data did not match any variant of untagged enum Message
[2026-09-10T00:04:29.105Z WARN  chromiumoxide::handler] WS Invalid message: data did not match any variant of untagged enum Message
[2026-09-10T00:04:29.186Z WARN  chromiumoxide::handler] WS Invalid message: data did not match any variant of untagged enum Message
[2026-09-10T00:04:29.188Z WARN  chromiumoxide::handler] WS Invalid message: data did not match any variant of untagged enum Message
[2026-09-10T00:04:29.243Z WARN  chromiumoxide::handler] WS Invalid message: data did not match any variant of untagged enum Message
[2026-09-10T00:04:29.250Z WARN  chromiumoxide::handler] WS Invalid message: data did not match any variant of untagged enum Message
[2026-09-10T00:04:29.265Z WARN  chromiumoxide::handler] WS Invalid message: data did not match any variant of untagged enum Message
[2026-09-10T00:04:29.265Z WARN  chromiumoxide::handler] WS Invalid message: data did not match any variant of untagged enum Message
[2026-09-10T00:04:29.434Z WARN  chromiumoxide::handler] WS Invalid message: data did not match any variant of untagged enum Message
[2026-09-10T00:04:29.936Z WARN  chromiumoxide::handler] WS Invalid message: data did not match any variant of untagged enum Message
[2026-09-10T00:04:31.141Z WARN  chromiumoxide::handler] WS Invalid message: data did not match any variant of untagged enum Message
[2026-09-10T00:04:31.743Z WARN  chromiumoxide::handler] WS Invalid message: data did not match any variant of untagged enum Message
[2026-09-10T00:04:31.748Z WARN  chromiumoxide::handler] WS Invalid message: data did not match any variant of untagged enum Message
[2026-09-10T00:04:33.619Z WARN  chromiumoxide::handler] WS Invalid message: data did not match any variant of untagged enum Message
[2026-09-10T00:04:33.619Z WARN  chromiumoxide::handler] WS Invalid message: data did not match any variant of untagged enum Message
[2026-09-10T00:04:33.619Z WARN  chromiumoxide::handler] WS Invalid message: data did not match any variant of untagged enum Message
[2026-09-10T00:04:33.769Z WARN  chromiumoxide::handler] WS Invalid message: data did not match any variant of untagged enum Message
[2026-09-10T00:04:33.772Z WARN  chromiumoxide::handler] WS Invalid message: data did not match any variant of untagged enum Message
{"level":30,"time":1788998673774,"pid":197821,"hostname":"vps-15cf2c41","reqId":"req-2x","req":{"method":"GET","url":"/api/v1/workspace/meta","host":"127.0.0.1:6540","remoteAddress":"127.0.0.1","remotePort":43354},"msg":"incoming request"}
{"level":30,"time":1788998673775,"pid":197821,"hostname":"vps-15cf2c41","reqId":"req-2x","res":{"statusCode":200},"responseTime":1.1366910000069765,"msg":"request completed"}
{"level":30,"time":1788998673786,"pid":197821,"hostname":"vps-15cf2c41","reqId":"req-2y","req":{"method":"GET","url":"/api/v1/workspace/meta","host":"127.0.0.1:6540","remoteAddress":"127.0.0.1","remotePort":43366},"msg":"incoming request"}
{"level":30,"time":1788998673787,"pid":197821,"hostname":"vps-15cf2c41","reqId":"req-2y","res":{"statusCode":200},"responseTime":0.5231239999993704,"msg":"request completed"}
[2026-09-10T00:04:33.790Z WARN  chromiumoxide::handler] WS Invalid message: data did not match any variant of untagged enum Message
[2026-09-10T00:04:33.791Z WARN  chromiumoxide::handler] WS Invalid message: data did not match any variant of untagged enum Message
00:00.000 Waiting
[2026-09-10T00:04:33.980Z WARN  chromiumoxide::handler] WS Invalid message: data did not match any variant of untagged enum Message
{"level":30,"time":1788998673982,"pid":197821,"hostname":"vps-15cf2c41","reqId":"req-2z","req":{"method":"GET","url":"/api/v1/tree?path=.","host":"127.0.0.1:6540","remoteAddress":"127.0.0.1","remotePort":43376},"msg":"incoming request"}
{"level":30,"time":1788998673989,"pid":197821,"hostname":"vps-15cf2c41","reqId":"req-2z","res":{"statusCode":200},"responseTime":6.212956000003032,"msg":"request completed"}
{"level":30,"time":1788998674001,"pid":197821,"hostname":"vps-15cf2c41","reqId":"req-30","req":{"method":"PUT","url":"/api/v1/ui/state","host":"127.0.0.1:6540","remoteAddress":"127.0.0.1","remotePort":43392},"msg":"incoming request"}
[2026-09-10T00:04:34.004Z WARN  chromiumoxide::handler] WS Invalid message: data did not match any variant of untagged enum Message
{"level":30,"time":1788998674003,"pid":197821,"hostname":"vps-15cf2c41","reqId":"req-30","res":{"statusCode":204},"responseTime":2.2309110000060173,"msg":"request completed"}
{"level":30,"time":1788998674021,"pid":197821,"hostname":"vps-15cf2c41","reqId":"req-31","req":{"method":"GET","url":"/api/v1/filesystems","host":"127.0.0.1:6540","remoteAddress":"127.0.0.1","remotePort":43404},"msg":"incoming request"}
{"level":30,"time":1788998674022,"pid":197821,"hostname":"vps-15cf2c41","reqId":"req-31","res":{"statusCode":200},"responseTime":1.1499179999955231,"msg":"request completed"}
{"level":30,"time":1788998674024,"pid":197821,"hostname":"vps-15cf2c41","reqId":"req-32","req":{"method":"GET","url":"/api/v1/agents","host":"127.0.0.1:6540","remoteAddress":"127.0.0.1","remotePort":43412},"msg":"incoming request"}
{"level":30,"time":1788998674025,"pid":197821,"hostname":"vps-15cf2c41","reqId":"req-32","res":{"statusCode":200},"responseTime":0.8618690000002971,"msg":"request completed"}
[2026-09-10T00:04:34.026Z WARN  chromiumoxide::handler] WS Invalid message: data did not match any variant of untagged enum Message
[2026-09-10T00:04:34.028Z WARN  chromiumoxide::handler] WS Invalid message: data did not match any variant of untagged enum Message
[2026-09-10T00:04:34.032Z WARN  chromiumoxide::handler] WS Invalid message: data did not match any variant of untagged enum Message
{"level":30,"time":1788998674033,"pid":197821,"hostname":"vps-15cf2c41","reqId":"req-33","req":{"method":"GET","url":"/api/v1/tree?path=.","host":"127.0.0.1:6540","remoteAddress":"127.0.0.1","remotePort":43416},"msg":"incoming request"}
{"level":30,"time":1788998674047,"pid":197821,"hostname":"vps-15cf2c41","reqId":"req-33","res":{"statusCode":200},"responseTime":13.719025999991572,"msg":"request completed"}
[2026-09-10T00:04:34.067Z WARN  chromiumoxide::handler] WS Invalid message: data did not match any variant of untagged enum Message
[2026-09-10T00:04:34.067Z WARN  chromiumoxide::handler] WS Invalid message: data did not match any variant of untagged enum Message
{"level":30,"time":1788998674067,"pid":197821,"hostname":"vps-15cf2c41","reqId":"req-34","req":{"method":"GET","url":"/api/v1/filesystems","host":"127.0.0.1:6540","remoteAddress":"127.0.0.1","remotePort":43420},"msg":"incoming request"}
{"level":30,"time":1788998674069,"pid":197821,"hostname":"vps-15cf2c41","reqId":"req-34","res":{"statusCode":200},"responseTime":1.4537720000080299,"msg":"request completed"}
{"level":30,"time":1788998674070,"pid":197821,"hostname":"vps-15cf2c41","reqId":"req-35","req":{"method":"PUT","url":"/api/v1/ui/state","host":"127.0.0.1:6540","remoteAddress":"127.0.0.1","remotePort":43432},"msg":"incoming request"}
{"level":30,"time":1788998674073,"pid":197821,"hostname":"vps-15cf2c41","reqId":"req-35","res":{"statusCode":204},"responseTime":1.513321000005817,"msg":"request completed"}
[2026-09-10T00:04:34.163Z WARN  chromiumoxide::handler] WS Invalid message: data did not match any variant of untagged enum Message
{"level":30,"time":1788998674166,"pid":197821,"hostname":"vps-15cf2c41","reqId":"req-36","req":{"method":"GET","url":"/api/v1/fs/events?workspaceId=workspace","host":"127.0.0.1:6540","remoteAddress":"127.0.0.1","remotePort":43436},"msg":"incoming request"}
[2026-09-10T00:04:34.165Z WARN  chromiumoxide::handler] WS Invalid message: data did not match any variant of untagged enum Message
[2026-09-10T00:04:34.169Z WARN  chromiumoxide::handler] WS Invalid message: data did not match any variant of untagged enum Message
{"level":30,"time":1788998674170,"pid":197821,"hostname":"vps-15cf2c41","reqId":"req-37","req":{"method":"GET","url":"/api/v1/ui/commands/next?workspaceId=workspace","host":"127.0.0.1:6540","remoteAddress":"127.0.0.1","remotePort":43446},"msg":"incoming request"}
{"level":30,"time":1788998674176,"pid":197821,"hostname":"vps-15cf2c41","reqId":"req-38","req":{"method":"GET","url":"/api/v1/ui/state","host":"127.0.0.1:6540","remoteAddress":"127.0.0.1","remotePort":43462},"msg":"incoming request"}
{"level":30,"time":1788998674177,"pid":197821,"hostname":"vps-15cf2c41","reqId":"req-38","res":{"statusCode":200},"responseTime":0.6387090000062017,"msg":"request completed"}
{"level":30,"time":1788998674215,"pid":197821,"hostname":"vps-15cf2c41","reqId":"req-39","req":{"method":"GET","url":"/api/v1/agents/alpha/sessions?limit=50&archived=active","host":"127.0.0.1:6540","remoteAddress":"127.0.0.1","remotePort":43476},"msg":"incoming request"}
[2026-09-10T00:04:34.221Z WARN  chromiumoxide::handler] WS Invalid message: data did not match any variant of untagged enum Message
[2026-09-10T00:04:34.221Z WARN  chromiumoxide::handler] WS Invalid message: data did not match any variant of untagged enum Message
{"level":30,"time":1788998674223,"pid":197821,"hostname":"vps-15cf2c41","reqId":"req-3a","req":{"method":"GET","url":"/api/v1/tree?path=.","host":"127.0.0.1:6540","remoteAddress":"127.0.0.1","remotePort":43478},"msg":"incoming request"}
[2026-09-10T00:04:34.230Z WARN  chromiumoxide::handler] WS Invalid message: data did not match any variant of untagged enum Message
{"level":30,"time":1788998674242,"pid":197821,"hostname":"vps-15cf2c41","reqId":"req-3b","req":{"method":"GET","url":"/api/v1/agents/alpha/ready-status","host":"127.0.0.1:6540","remoteAddress":"127.0.0.1","remotePort":43488},"msg":"incoming request"}
{"level":30,"time":1788998674245,"pid":197821,"hostname":"vps-15cf2c41","reqId":"req-3a","res":{"statusCode":200},"responseTime":22.077031999986502,"msg":"request completed"}
[2026-09-10T00:04:34.258Z WARN  chromiumoxide::handler] WS Invalid message: data did not match any variant of untagged enum Message
{"level":30,"time":1788998674261,"pid":197821,"hostname":"vps-15cf2c41","reqId":"req-39","res":{"statusCode":200},"responseTime":45.2088139999978,"msg":"request completed"}
{"level":30,"time":1788998674261,"pid":197821,"hostname":"vps-15cf2c41","reqId":"req-3c","req":{"method":"GET","url":"/api/v1/tree?path=.","host":"127.0.0.1:6540","remoteAddress":"127.0.0.1","remotePort":43498},"msg":"incoming request"}
{"level":30,"time":1788998674272,"pid":197821,"hostname":"vps-15cf2c41","reqId":"req-3d","req":{"method":"GET","url":"/api/v1/agents/alpha/sessions?limit=50&archived=active","host":"127.0.0.1:6540","remoteAddress":"127.0.0.1","remotePort":43500},"msg":"incoming request"}
[2026-09-10T00:04:34.276Z WARN  chromiumoxide::handler] WS Invalid message: data did not match any variant of untagged enum Message
{"level":30,"time":1788998674277,"pid":197821,"hostname":"vps-15cf2c41","reqId":"req-3b","res":{"statusCode":200},"responseTime":34.68734000000404,"msg":"request completed"}
{"level":30,"time":1788998674279,"pid":197821,"hostname":"vps-15cf2c41","reqId":"req-3c","res":{"statusCode":200},"responseTime":18.096753999998327,"msg":"request completed"}
[2026-09-10T00:04:34.289Z WARN  chromiumoxide::handler] WS Invalid message: data did not match any variant of untagged enum Message
{"level":30,"time":1788998674289,"pid":197821,"hostname":"vps-15cf2c41","reqId":"req-3e","req":{"method":"GET","url":"/api/v1/agents/alpha/ready-status","host":"127.0.0.1:6540","remoteAddress":"127.0.0.1","remotePort":43508},"msg":"incoming request"}
{"level":30,"time":1788998674295,"pid":197821,"hostname":"vps-15cf2c41","reqId":"req-3d","res":{"statusCode":200},"responseTime":22.506523000003654,"msg":"request completed"}
{"level":30,"time":1788998674309,"pid":197821,"hostname":"vps-15cf2c41","reqId":"req-3e","res":{"statusCode":200},"responseTime":19.329495000012685,"msg":"request completed"}
00:00.497 Waiting
{"level":30,"time":1788998674396,"pid":197821,"hostname":"vps-15cf2c41","reqId":"req-3f","req":{"method":"GET","url":"/api/v1/ui/state","host":"127.0.0.1:6540","remoteAddress":"127.0.0.1","remotePort":43512},"msg":"incoming request"}
[2026-09-10T00:04:34.397Z WARN  chromiumoxide::handler] WS Invalid message: data did not match any variant of untagged enum Message
{"level":30,"time":1788998674397,"pid":197821,"hostname":"vps-15cf2c41","reqId":"req-3f","res":{"statusCode":200},"responseTime":0.39568299999518786,"msg":"request completed"}
00:00.622 Clicking <button> (x: 28.0, y: 30.0)
[2026-09-10T00:04:34.534Z WARN  chromiumoxide::handler] WS Invalid message: data did not match any variant of untagged enum Message
{"level":30,"time":1788998674535,"pid":197821,"hostname":"vps-15cf2c41","reqId":"req-3g","req":{"method":"POST","url":"/api/v1/workspace-bridge/call","host":"127.0.0.1:6540","remoteAddress":"127.0.0.1","remotePort":43520},"msg":"incoming request"}
{"level":30,"time":1788998674537,"pid":197821,"hostname":"vps-15cf2c41","reqId":"req-3g","res":{"statusCode":200},"responseTime":1.809196999995038,"msg":"request completed"}
{"level":30,"time":1788998674541,"pid":197821,"hostname":"vps-15cf2c41","reqId":"req-3h","req":{"method":"GET","url":"/api/v1/agents/session-activity/events?workspaceId=workspace","host":"127.0.0.1:6540","remoteAddress":"127.0.0.1","remotePort":43524},"msg":"incoming request"}
[2026-09-10T00:04:34.539Z WARN  chromiumoxide::handler] WS Invalid message: data did not match any variant of untagged enum Message
[2026-09-10T00:04:34.675Z WARN  chromiumoxide::handler] WS Invalid message: data did not match any variant of untagged enum Message
[2026-09-10T00:04:34.757Z WARN  chromiumoxide::handler] WS Invalid message: data did not match any variant of untagged enum Message
{"level":30,"time":1788998674758,"pid":197821,"hostname":"vps-15cf2c41","reqId":"req-3i","req":{"method":"GET","url":"/api/v1/agents/alpha/sessions?limit=50&archived=archived","host":"127.0.0.1:6540","remoteAddress":"127.0.0.1","remotePort":43530},"msg":"incoming request"}
{"level":30,"time":1788998674772,"pid":197821,"hostname":"vps-15cf2c41","reqId":"req-3i","res":{"statusCode":200},"responseTime":13.603078000000096,"msg":"request completed"}
00:01.112 Clicking <button> (x: 166.7, y: 82.0, content: "Search⌘K")
00:01.465 Pressing Escape (code: 27)
00:01.719 Clicking <button> (x: 28.0, y: 30.0)
00:02.072 Clicking <button> (x: 166.7, y: 82.0, content: "Search⌘K")
00:02.576 Clicking <button> (x: 303.7, y: 99.0, content: "Commands")
{"level":30,"time":1788998676710,"pid":197821,"hostname":"vps-15cf2c41","reqId":"req-3j","req":{"method":"POST","url":"/api/v1/agents/alpha/sessions","host":"127.0.0.1:6540","remoteAddress":"127.0.0.1","remotePort":43538},"msg":"incoming request"}
[2026-09-10T00:04:36.716Z WARN  chromiumoxide::handler] WS Invalid message: data did not match any variant of untagged enum Message
{"level":30,"time":1788998676746,"pid":197821,"hostname":"vps-15cf2c41","reqId":"req-3j","res":{"statusCode":201},"responseTime":35.42385099999956,"msg":"request completed"}
[2026-09-10T00:04:36.761Z WARN  chromiumoxide::handler] WS Invalid message: data did not match any variant of untagged enum Message
{"level":30,"time":1788998676765,"pid":197821,"hostname":"vps-15cf2c41","reqId":"req-3k","req":{"method":"GET","url":"/api/v1/agents/alpha/sessions?limit=50&archived=active","host":"127.0.0.1:6540","remoteAddress":"127.0.0.1","remotePort":43540},"msg":"incoming request"}
{"level":30,"time":1788998676808,"pid":197821,"hostname":"vps-15cf2c41","reqId":"req-3k","res":{"statusCode":200},"responseTime":42.90262399999483,"msg":"request completed"}
[2026-09-10T00:04:36.856Z WARN  chromiumoxide::handler] WS Invalid message: data did not match any variant of untagged enum Message
{"level":30,"time":1788998676859,"pid":197821,"hostname":"vps-15cf2c41","reqId":"req-3l","req":{"method":"GET","url":"/api/v1/ui/state","host":"127.0.0.1:6540","remoteAddress":"127.0.0.1","remotePort":43552},"msg":"incoming request"}
{"level":30,"time":1788998676866,"pid":197821,"hostname":"vps-15cf2c41","reqId":"req-3l","res":{"statusCode":200},"responseTime":1.169739999997546,"msg":"request completed"}
[2026-09-10T00:04:36.878Z WARN  chromiumoxide::handler] WS Invalid message: data did not match any variant of untagged enum Message
{"level":30,"time":1788998676884,"pid":197821,"hostname":"vps-15cf2c41","reqId":"req-3m","req":{"method":"GET","url":"/api/v1/agents/alpha/sessions?limit=50&archived=archived","host":"127.0.0.1:6540","remoteAddress":"127.0.0.1","remotePort":43560},"msg":"incoming request"}
{"level":30,"time":1788998676900,"pid":197821,"hostname":"vps-15cf2c41","reqId":"req-3m","res":{"statusCode":200},"responseTime":15.239707000000635,"msg":"request completed"}
00:03.144 Clicking <button> (x: 303.7, y: 99.0, content: "Commands")
[2026-09-10T00:04:37.077Z WARN  chromiumoxide::handler] WS Invalid message: data did not match any variant of untagged enum Message
{"level":30,"time":1788998677078,"pid":197821,"hostname":"vps-15cf2c41","reqId":"req-3n","req":{"method":"POST","url":"/api/v1/workspace-bridge/call","host":"127.0.0.1:6540","remoteAddress":"127.0.0.1","remotePort":43576},"msg":"incoming request"}
{"level":30,"time":1788998677080,"pid":197821,"hostname":"vps-15cf2c41","reqId":"req-3n","res":{"statusCode":200},"responseTime":1.4919710000103805,"msg":"request completed"}
{"level":30,"time":1788998677157,"pid":197821,"hostname":"vps-15cf2c41","reqId":"req-3o","req":{"method":"GET","url":"/api/v1/agents/session-activity/events?workspaceId=workspace","host":"127.0.0.1:6540","remoteAddress":"127.0.0.1","remotePort":39750},"msg":"incoming request"}
[2026-09-10T00:04:37.157Z WARN  chromiumoxide::handler] WS Invalid message: data did not match any variant of untagged enum Message
[2026-09-10T00:04:37.427Z WARN  chromiumoxide::handler] WS Invalid message: data did not match any variant of untagged enum Message
{"level":30,"time":1788998677430,"pid":197821,"hostname":"vps-15cf2c41","reqId":"req-3p","req":{"method":"GET","url":"/api/v1/agents/alpha/models","host":"127.0.0.1:6540","remoteAddress":"127.0.0.1","remotePort":39762},"msg":"incoming request"}
[2026-09-10T00:04:37.432Z WARN  chromiumoxide::handler] WS Invalid message: data did not match any variant of untagged enum Message
{"level":30,"time":1788998677434,"pid":197821,"hostname":"vps-15cf2c41","reqId":"req-3q","req":{"method":"GET","url":"/api/v1/agents/alpha/commands?sessionId=scripted-3","host":"127.0.0.1:6540","remoteAddress":"127.0.0.1","remotePort":39772},"msg":"incoming request"}
[2026-09-10T00:04:37.438Z WARN  chromiumoxide::handler] WS Invalid message: data did not match any variant of untagged enum Message
{"level":30,"time":1788998677439,"pid":197821,"hostname":"vps-15cf2c41","reqId":"req-3r","req":{"method":"GET","url":"/api/v1/workspace/meta","host":"127.0.0.1:6540","remoteAddress":"127.0.0.1","remotePort":39788},"msg":"incoming request"}
{"level":30,"time":1788998677440,"pid":197821,"hostname":"vps-15cf2c41","reqId":"req-3r","res":{"statusCode":200},"responseTime":0.4996079999982612,"msg":"request completed"}
{"level":30,"time":1788998677460,"pid":197821,"hostname":"vps-15cf2c41","reqId":"req-3p","res":{"statusCode":200},"responseTime":29.983311000003596,"msg":"request completed"}
[2026-09-10T00:04:37.471Z WARN  chromiumoxide::handler] WS Invalid message: data did not match any variant of untagged enum Message
{"level":30,"time":1788998677471,"pid":197821,"hostname":"vps-15cf2c41","reqId":"req-3s","req":{"method":"GET","url":"/api/v1/workspace/meta","host":"127.0.0.1:6540","remoteAddress":"127.0.0.1","remotePort":39798},"msg":"incoming request"}
{"level":30,"time":1788998677472,"pid":197821,"hostname":"vps-15cf2c41","reqId":"req-3s","res":{"statusCode":200},"responseTime":0.6418120000016643,"msg":"request completed"}
[2026-09-10T00:04:37.475Z WARN  chromiumoxide::handler] WS Invalid message: data did not match any variant of untagged enum Message
{"level":30,"time":1788998677480,"pid":197821,"hostname":"vps-15cf2c41","reqId":"req-3q","res":{"statusCode":200},"responseTime":45.27337900000566,"msg":"request completed"}
{"level":30,"time":1788998677480,"pid":197821,"hostname":"vps-15cf2c41","reqId":"req-3t","req":{"method":"GET","url":"/api/v1/agents/alpha/models","host":"127.0.0.1:6540","remoteAddress":"127.0.0.1","remotePort":39810},"msg":"incoming request"}
{"level":30,"time":1788998677494,"pid":197821,"hostname":"vps-15cf2c41","reqId":"req-3u","req":{"method":"GET","url":"/api/v1/agents/alpha/commands?sessionId=scripted-3","host":"127.0.0.1:6540","remoteAddress":"127.0.0.1","remotePort":39820},"msg":"incoming request"}
[2026-09-10T00:04:37.495Z WARN  chromiumoxide::handler] WS Invalid message: data did not match any variant of untagged enum Message
{"level":30,"time":1788998677514,"pid":197821,"hostname":"vps-15cf2c41","reqId":"req-3t","res":{"statusCode":200},"responseTime":33.755674,"msg":"request completed"}
{"level":30,"time":1788998677528,"pid":197821,"hostname":"vps-15cf2c41","reqId":"req-3u","res":{"statusCode":200},"responseTime":33.930598000006285,"msg":"request completed"}
{"level":30,"time":1788998677656,"pid":197821,"hostname":"vps-15cf2c41","reqId":"req-3v","req":{"method":"GET","url":"/api/v1/agents/alpha/commands?sessionId=scripted-3","host":"127.0.0.1:6540","remoteAddress":"127.0.0.1","remotePort":39822},"msg":"incoming request"}
[2026-09-10T00:04:37.664Z WARN  chromiumoxide::handler] WS Invalid message: data did not match any variant of untagged enum Message
{"level":30,"time":1788998677690,"pid":197821,"hostname":"vps-15cf2c41","reqId":"req-3v","res":{"statusCode":200},"responseTime":33.43834400000924,"msg":"request completed"}
[2026-09-10T00:04:37.918Z WARN  chromiumoxide::handler] WS Invalid message: data did not match any variant of untagged enum Message
{"level":30,"time":1788998677923,"pid":197821,"hostname":"vps-15cf2c41","reqId":"req-3w","req":{"method":"GET","url":"/api/v1/agents/alpha/sessions/scripted-3/state","host":"127.0.0.1:6540","remoteAddress":"127.0.0.1","remotePort":39834},"msg":"incoming request"}
{"level":30,"time":1788998677983,"pid":197821,"hostname":"vps-15cf2c41","reqId":"req-3w","res":{"statusCode":200},"responseTime":58.93003800000588,"msg":"request completed"}
00:04.177 Typing > (delay: 0ms)
00:04.379 Clicking <button> (x: 303.7, y: 99.0, content: "Commands")
{"level":30,"time":1788998678373,"pid":197821,"hostname":"vps-15cf2c41","reqId":"req-3x","req":{"method":"GET","url":"/api/v1/agents/alpha/models","host":"127.0.0.1:6540","remoteAddress":"127.0.0.1","remotePort":39842},"msg":"incoming request"}
[2026-09-10T00:04:38.373Z WARN  chromiumoxide::handler] WS Invalid message: data did not match any variant of untagged enum Message
[2026-09-10T00:04:38.373Z WARN  chromiumoxide::handler] WS Invalid message: data did not match any variant of untagged enum Message
{"level":30,"time":1788998678375,"pid":197821,"hostname":"vps-15cf2c41","reqId":"req-3y","req":{"method":"GET","url":"/api/v1/agents/alpha/sessions/scripted-3/events?cursor=0","host":"127.0.0.1:6540","remoteAddress":"127.0.0.1","remotePort":39852},"msg":"incoming request"}
{"level":30,"time":1788998678392,"pid":197821,"hostname":"vps-15cf2c41","reqId":"req-3x","res":{"statusCode":200},"responseTime":19.173423000000184,"msg":"request completed"}
00:04.648 Typing > (delay: 0ms)
[2026-09-10T00:04:38.842Z WARN  chromiumoxide::handler] WS Invalid message: data did not match any variant of untagged enum Message
{"level":30,"time":1788998678844,"pid":197821,"hostname":"vps-15cf2c41","reqId":"req-3z","req":{"method":"PUT","url":"/api/v1/ui/state","host":"127.0.0.1:6540","remoteAddress":"127.0.0.1","remotePort":39858},"msg":"incoming request"}
{"level":30,"time":1788998678845,"pid":197821,"hostname":"vps-15cf2c41","reqId":"req-3z","res":{"statusCode":204},"responseTime":1.1632059999974445,"msg":"request completed"}
[2026-09-10T00:04:38.852Z WARN  chromiumoxide::handler] WS Invalid message: data did not match any variant of untagged enum Message
{"level":30,"time":1788998678854,"pid":197821,"hostname":"vps-15cf2c41","reqId":"req-40","req":{"method":"GET","url":"/api/v1/agents/alpha/commands?sessionId=scripted-3","host":"127.0.0.1:6540","remoteAddress":"127.0.0.1","remotePort":39872},"msg":"incoming request"}
{"level":30,"time":1788998678865,"pid":197821,"hostname":"vps-15cf2c41","reqId":"req-40","res":{"statusCode":200},"responseTime":10.973724999988917,"msg":"request completed"}
00:05.100 Pressing Escape (code: 27)
00:05.297 Clicking <button> (x: 199.4, y: 23.5)
00:05.593 Typing no-matching-fixture-command (delay: 0ms)
00:07.026 Clicking <button> (x: 303.7, y: 99.0, content: "Commands")
00:07.184 Pressing Escape (code: 27)
00:07.423 Clicking <button> (x: 199.4, y: 23.5)
00:07.632 Typing no-matching-fixture-command (delay: 0ms)
00:08.670 Typing > (delay: 0ms)
00:08.807 Typing > (delay: 0ms)
00:08.954 Typing no-matching-fixture-command (delay: 0ms)
00:10.046 Clicking <button> (x: 303.7, y: 99.0, content: "Commands")
00:10.366 Typing > (delay: 0ms)
00:10.547 Waiting
00:10.855 Pressing Escape (code: 27)
00:11.201 Waiting
00:11.520 Waiting
00:11.821 Clicking <button> (x: 199.4, y: 23.5)
00:12.229 Waiting
00:12.548 Waiting
00:12.874 Clicking <button> (x: 303.7, y: 99.0, content: "Commands")
00:13.215 Clicking <button> (x: 303.7, y: 99.0, content: "Commands")
00:13.417 Clicking <button> (x: 303.7, y: 99.0, content: "Commands")
00:13.606 Typing > (delay: 0ms)
00:13.815 Pressing Escape (code: 27)
00:15.214 Clicking <button> (x: 199.4, y: 23.5)
00:15.700 Waiting
00:16.029 Clicking <button> (x: 303.7, y: 99.0, content: "Commands")
00:16.295 Pressing Escape (code: 27)
00:16.709 Waiting
00:17.008 Clicking <button> (x: 199.4, y: 23.5)
00:17.311 Waiting
00:17.660 Typing no-matching-fixture-command (delay: 0ms)
00:18.873 Typing > (delay: 0ms)
00:19.020 Waiting
00:19.348 Pressing Escape (code: 27)
00:19.649 Waiting
00:20.030 Waiting

Test finished after time limit!

Inspect the test results using:

  bombadil browser inspect /dev/shm/cpr-991/boring-ui-review-run.cyV2oF/explore-mobile.5jmLlB

Reproduce this test using:

  bombadil browser test http://127.0.0.1:6530/?fresh=1 <sandbox-root>/tools/ui-review/src/review-specs/workspace-command-palette/bombadil.spec.ts --width 390 --height 844 --headless --no-sandbox --reproduce /dev/shm/cpr-991/boring-ui-review-run.cyV2oF/explore-mobile.5jmLlB

{"level":30,"time":1788998694287,"pid":197821,"hostname":"vps-15cf2c41","reqId":"req-3y","res":{"statusCode":200},"msg":"stream closed prematurely"}
[2026-09-10T00:04:57.374Z WARN  chromiumoxide::handler] WS Invalid message: data did not match any variant of untagged enum Message
[2026-09-10T00:04:57.383Z WARN  chromiumoxide::handler] WS Invalid message: data did not match any variant of untagged enum Message
[2026-09-10T00:04:57.384Z WARN  chromiumoxide::handler] WS Invalid message: data did not match any variant of untagged enum Message
[2026-09-10T00:04:57.404Z WARN  chromiumoxide::handler] WS Invalid message: data did not match any variant of untagged enum Message
[2026-09-10T00:04:57.424Z WARN  chromiumoxide::handler] WS Invalid message: data did not match any variant of untagged enum Message
[2026-09-10T00:04:57.439Z WARN  chromiumoxide::handler] WS Invalid message: data did not match any variant of untagged enum Message
[2026-09-10T00:04:57.439Z WARN  chromiumoxide::handler] WS Invalid message: data did not match any variant of untagged enum Message
[2026-09-10T00:04:57.439Z WARN  chromiumoxide::handler] WS Invalid message: data did not match any variant of untagged enum Message
[2026-09-10T00:04:57.439Z WARN  chromiumoxide::handler] WS Invalid message: data did not match any variant of untagged enum Message
[2026-09-10T00:04:57.439Z WARN  chromiumoxide::handler] WS Invalid message: data did not match any variant of untagged enum Message
[2026-09-10T00:04:57.443Z WARN  chromiumoxide::handler] WS Invalid message: data did not match any variant of untagged enum Message
[2026-09-10T00:04:57.445Z WARN  chromiumoxide::handler] WS Invalid message: data did not match any variant of untagged enum Message
[2026-09-10T00:04:57.516Z WARN  chromiumoxide::handler] WS Invalid message: data did not match any variant of untagged enum Message
[2026-09-10T00:04:57.805Z WARN  chromiumoxide::handler] WS Invalid message: data did not match any variant of untagged enum Message
[2026-09-10T00:04:57.814Z WARN  chromiumoxide::handler] WS Invalid message: data did not match any variant of untagged enum Message
[2026-09-10T00:04:57.814Z WARN  chromiumoxide::handler] WS Invalid message: data did not match any variant of untagged enum Message
[2026-09-10T00:04:57.814Z WARN  chromiumoxide::handler] WS Invalid message: data did not match any variant of untagged enum Message
[2026-09-10T00:04:57.814Z WARN  chromiumoxide::handler] WS Invalid message: data did not match any variant of untagged enum Message
[2026-09-10T00:04:57.814Z WARN  chromiumoxide::handler] WS Invalid message: data did not match any variant of untagged enum Message
[2026-09-10T00:04:57.822Z WARN  chromiumoxide::handler] WS Invalid message: data did not match any variant of untagged enum Message
[2026-09-10T00:04:57.872Z WARN  chromiumoxide::handler] WS Invalid message: data did not match any variant of untagged enum Message
[2026-09-10T00:04:57.945Z WARN  chromiumoxide::handler] WS Invalid message: data did not match any variant of untagged enum Message
[2026-09-10T00:04:57.977Z WARN  chromiumoxide::handler] WS Invalid message: data did not match any variant of untagged enum Message
[2026-09-10T00:04:57.977Z WARN  chromiumoxide::handler] WS Invalid message: data did not match any variant of untagged enum Message
[2026-09-10T00:04:58.044Z WARN  chromiumoxide::handler] WS Invalid message: data did not match any variant of untagged enum Message
[2026-09-10T00:04:58.044Z WARN  chromiumoxide::handler] WS Invalid message: data did not match any variant of untagged enum Message
[2026-09-10T00:04:58.045Z WARN  chromiumoxide::handler] WS Invalid message: data did not match any variant of untagged enum Message
[2026-09-10T00:04:58.045Z WARN  chromiumoxide::handler] WS Invalid message: data did not match any variant of untagged enum Message
[2026-09-10T00:04:58.085Z WARN  chromiumoxide::handler] WS Invalid message: data did not match any variant of untagged enum Message
[2026-09-10T00:04:58.087Z WARN  chromiumoxide::handler] WS Invalid message: data did not match any variant of untagged enum Message
[2026-09-10T00:04:58.112Z WARN  chromiumoxide::handler] WS Invalid message: data did not match any variant of untagged enum Message
[2026-09-10T00:04:58.145Z WARN  chromiumoxide::handler] WS Invalid message: data did not match any variant of untagged enum Message
[2026-09-10T00:04:58.145Z WARN  chromiumoxide::handler] WS Invalid message: data did not match any variant of untagged enum Message
[2026-09-10T00:04:58.145Z WARN  chromiumoxide::handler] WS Invalid message: data did not match any variant of untagged enum Message
[2026-09-10T00:04:58.209Z WARN  chromiumoxide::handler] WS Invalid message: data did not match any variant of untagged enum Message
[2026-09-10T00:04:58.211Z WARN  chromiumoxide::handler] WS Invalid message: data did not match any variant of untagged enum Message
[2026-09-10T00:04:58.213Z WARN  chromiumoxide::handler] WS Invalid message: data did not match any variant of untagged enum Message
[2026-09-10T00:04:58.213Z WARN  chromiumoxide::handler] WS Invalid message: data did not match any variant of untagged enum Message
[2026-09-10T00:04:58.213Z WARN  chromiumoxide::handler] WS Invalid message: data did not match any variant of untagged enum Message
[2026-09-10T00:04:58.227Z WARN  chromiumoxide::handler] WS Invalid message: data did not match any variant of untagged enum Message
[2026-09-10T00:04:58.227Z WARN  chromiumoxide::handler] WS Invalid message: data did not match any variant of untagged enum Message
[2026-09-10T00:04:58.234Z WARN  chromiumoxide::handler] WS Invalid message: data did not match any variant of untagged enum Message
[2026-09-10T00:04:58.265Z WARN  chromiumoxide::handler] WS Invalid message: data did not match any variant of untagged enum Message
[2026-09-10T00:04:58.266Z WARN  chromiumoxide::handler] WS Invalid message: data did not match any variant of untagged enum Message
[2026-09-10T00:04:58.266Z WARN  chromiumoxide::handler] WS Invalid message: data did not match any variant of untagged enum Message
[2026-09-10T00:04:58.266Z WARN  chromiumoxide::handler] WS Invalid message: data did not match any variant of untagged enum Message
[2026-09-10T00:04:58.266Z WARN  chromiumoxide::handler] WS Invalid message: data did not match any variant of untagged enum Message
[2026-09-10T00:04:58.279Z WARN  chromiumoxide::handler] WS Invalid message: data did not match any variant of untagged enum Message
[2026-09-10T00:04:58.425Z WARN  chromiumoxide::handler] WS Invalid message: data did not match any variant of untagged enum Message
[2026-09-10T00:04:58.425Z WARN  chromiumoxide::handler] WS Invalid message: data did not match any variant of untagged enum Message
[2026-09-10T00:04:58.425Z WARN  chromiumoxide::handler] WS Invalid message: data did not match any variant of untagged enum Message
[2026-09-10T00:04:58.425Z WARN  chromiumoxide::handler] WS Invalid message: data did not match any variant of untagged enum Message
[2026-09-10T00:04:58.425Z WARN  chromiumoxide::handler] WS Invalid message: data did not match any variant of untagged enum Message
[2026-09-10T00:04:58.425Z WARN  chromiumoxide::handler] WS Invalid message: data did not match any variant of untagged enum Message
[2026-09-10T00:04:58.425Z WARN  chromiumoxide::handler] WS Invalid message: data did not match any variant of untagged enum Message
[2026-09-10T00:04:58.426Z WARN  chromiumoxide::handler] WS Invalid message: data did not match any variant of untagged enum Message
[2026-09-10T00:04:58.426Z WARN  chromiumoxide::handler] WS Invalid message: data did not match any variant of untagged enum Message
[2026-09-10T00:04:58.427Z WARN  chromiumoxide::handler] WS Invalid message: data did not match any variant of untagged enum Message
[2026-09-10T00:04:58.427Z WARN  chromiumoxide::handler] WS Invalid message: data did not match any variant of untagged enum Message
[2026-09-10T00:04:58.810Z WARN  chromiumoxide::handler] WS Invalid message: data did not match any variant of untagged enum Message
[2026-09-10T00:04:58.810Z WARN  chromiumoxide::handler] WS Invalid message: data did not match any variant of untagged enum Message
[2026-09-10T00:04:58.810Z WARN  chromiumoxide::handler] WS Invalid message: data did not match any variant of untagged enum Message
[2026-09-10T00:04:58.810Z WARN  chromiumoxide::handler] WS Invalid message: data did not match any variant of untagged enum Message
[2026-09-10T00:04:58.810Z WARN  chromiumoxide::handler] WS Invalid message: data did not match any variant of untagged enum Message
[2026-09-10T00:04:58.810Z WARN  chromiumoxide::handler] WS Invalid message: data did not match any variant of untagged enum Message
[2026-09-10T00:04:58.830Z WARN  chromiumoxide::handler] WS Invalid message: data did not match any variant of untagged enum Message
[2026-09-10T00:04:58.830Z WARN  chromiumoxide::handler] WS Invalid message: data did not match any variant of untagged enum Message
[2026-09-10T00:04:58.830Z WARN  chromiumoxide::handler] WS Invalid message: data did not match any variant of untagged enum Message
[2026-09-10T00:04:58.830Z WARN  chromiumoxide::handler] WS Invalid message: data did not match any variant of untagged enum Message
[2026-09-10T00:04:58.830Z WARN  chromiumoxide::handler] WS Invalid message: data did not match any variant of untagged enum Message
[2026-09-10T00:04:58.830Z WARN  chromiumoxide::handler] WS Invalid message: data did not match any variant of untagged enum Message
[2026-09-10T00:04:58.841Z WARN  chromiumoxide::handler] WS Invalid message: data did not match any variant of untagged enum Message
[2026-09-10T00:04:58.862Z WARN  chromiumoxide::handler] WS Invalid message: data did not match any variant of untagged enum Message
[2026-09-10T00:04:58.862Z WARN  chromiumoxide::handler] WS Invalid message: data did not match any variant of untagged enum Message
[2026-09-10T00:04:58.863Z WARN  chromiumoxide::handler] WS Invalid message: data did not match any variant of untagged enum Message
[2026-09-10T00:04:58.876Z WARN  chromiumoxide::handler] WS Invalid message: data did not match any variant of untagged enum Message
[2026-09-10T00:04:58.876Z WARN  chromiumoxide::handler] WS Invalid message: data did not match any variant of untagged enum Message
[2026-09-10T00:04:58.876Z WARN  chromiumoxide::handler] WS Invalid message: data did not match any variant of untagged enum Message
[2026-09-10T00:04:58.876Z WARN  chromiumoxide::handler] WS Invalid message: data did not match any variant of untagged enum Message
[2026-09-10T00:04:58.876Z WARN  chromiumoxide::handler] WS Invalid message: data did not match any variant of untagged enum Message
[2026-09-10T00:04:58.876Z WARN  chromiumoxide::handler] WS Invalid message: data did not match any variant of untagged enum Message
[2026-09-10T00:04:58.905Z WARN  chromiumoxide::handler] WS Invalid message: data did not match any variant of untagged enum Message
[2026-09-10T00:04:58.939Z WARN  chromiumoxide::handler] WS Invalid message: data did not match any variant of untagged enum Message
[2026-09-10T00:04:58.940Z WARN  chromiumoxide::handler] WS Invalid message: data did not match any variant of untagged enum Message
[2026-09-10T00:04:59.007Z WARN  chromiumoxide::handler] WS Invalid message: data did not match any variant of untagged enum Message
[2026-09-10T00:04:59.007Z WARN  chromiumoxide::handler] WS Invalid message: data did not match any variant of untagged enum Message
[2026-09-10T00:04:59.007Z WARN  chromiumoxide::handler] WS Invalid message: data did not match any variant of untagged enum Message
[2026-09-10T00:04:59.007Z WARN  chromiumoxide::handler] WS Invalid message: data did not match any variant of untagged enum Message
[2026-09-10T00:04:59.008Z WARN  chromiumoxide::handler] WS Invalid message: data did not match any variant of untagged enum Message
[2026-09-10T00:04:59.008Z WARN  chromiumoxide::handler] WS Invalid message: data did not match any variant of untagged enum Message
[2026-09-10T00:04:59.024Z WARN  chromiumoxide::handler] WS Invalid message: data did not match any variant of untagged enum Message
[2026-09-10T00:04:59.024Z WARN  chromiumoxide::handler] WS Invalid message: data did not match any variant of untagged enum Message
[2026-09-10T00:04:59.025Z WARN  chromiumoxide::handler] WS Invalid message: data did not match any variant of untagged enum Message
[2026-09-10T00:04:59.025Z WARN  chromiumoxide::handler] WS Invalid message: data did not match any variant of untagged enum Message
[2026-09-10T00:04:59.025Z WARN  chromiumoxide::handler] WS Invalid message: data did not match any variant of untagged enum Message
[2026-09-10T00:04:59.036Z WARN  chromiumoxide::handler] WS Invalid message: data did not match any variant of untagged enum Message
[2026-09-10T00:04:59.039Z WARN  chromiumoxide::handler] WS Invalid message: data did not match any variant of untagged enum Message
[2026-09-10T00:04:59.040Z WARN  chromiumoxide::handler] WS Invalid message: data did not match any variant of untagged enum Message
[2026-09-10T00:04:59.041Z WARN  chromiumoxide::handler] WS Invalid message: data did not match any variant of untagged enum Message
[2026-09-10T00:04:59.041Z WARN  chromiumoxide::handler] WS Invalid message: data did not match any variant of untagged enum Message
[2026-09-10T00:04:59.041Z WARN  chromiumoxide::handler] WS Invalid message: data did not match any variant of untagged enum Message
[2026-09-10T00:04:59.041Z WARN  chromiumoxide::handler] WS Invalid message: data did not match any variant of untagged enum Message
[2026-09-10T00:04:59.149Z WARN  chromiumoxide::handler] WS Invalid message: data did not match any variant of untagged enum Message
[2026-09-10T00:04:59.149Z WARN  chromiumoxide::handler] WS Invalid message: data did not match any variant of untagged enum Message
[2026-09-10T00:04:59.149Z WARN  chromiumoxide::handler] WS Invalid message: data did not match any variant of untagged enum Message
[2026-09-10T00:04:59.150Z WARN  chromiumoxide::handler] WS Invalid message: data did not match any variant of untagged enum Message
[2026-09-10T00:04:59.151Z WARN  chromiumoxide::handler] WS Invalid message: data did not match any variant of untagged enum Message
[2026-09-10T00:04:59.173Z WARN  chromiumoxide::handler] WS Invalid message: data did not match any variant of untagged enum Message
[2026-09-10T00:04:59.175Z WARN  chromiumoxide::handler] WS Invalid message: data did not match any variant of untagged enum Message
[2026-09-10T00:04:59.184Z WARN  chromiumoxide::handler] WS Invalid message: data did not match any variant of untagged enum Message
[2026-09-10T00:04:59.190Z WARN  chromiumoxide::handler] WS Invalid message: data did not match any variant of untagged enum Message
[2026-09-10T00:04:59.196Z WARN  chromiumoxide::handler] WS Invalid message: data did not match any variant of untagged enum Message
[2026-09-10T00:04:59.196Z WARN  chromiumoxide::handler] WS Invalid message: data did not match any variant of untagged enum Message
[2026-09-10T00:04:59.199Z WARN  chromiumoxide::handler] WS Invalid message: data did not match any variant of untagged enum Message
[2026-09-10T00:04:59.199Z WARN  chromiumoxide::handler] WS Invalid message: data did not match any variant of untagged enum Message
[2026-09-10T00:04:59.216Z WARN  chromiumoxide::handler] WS Invalid message: data did not match any variant of untagged enum Message
[2026-09-10T00:04:59.221Z WARN  chromiumoxide::handler] WS Invalid message: data did not match any variant of untagged enum Message
[2026-09-10T00:04:59.223Z WARN  chromiumoxide::handler] WS Invalid message: data did not match any variant of untagged enum Message
[2026-09-10T00:04:59.226Z WARN  chromiumoxide::handler] WS Invalid message: data did not match any variant of untagged enum Message
[2026-09-10T00:04:59.226Z WARN  chromiumoxide::handler] WS Invalid message: data did not match any variant of untagged enum Message
[2026-09-10T00:04:59.246Z WARN  chromiumoxide::handler] WS Invalid message: data did not match any variant of untagged enum Message
[2026-09-10T00:04:59.246Z WARN  chromiumoxide::handler] WS Invalid message: data did not match any variant of untagged enum Message
[2026-09-10T00:04:59.246Z WARN  chromiumoxide::handler] WS Invalid message: data did not match any variant of untagged enum Message
[2026-09-10T00:04:59.311Z WARN  chromiumoxide::handler] WS Invalid message: data did not match any variant of untagged enum Message
[2026-09-10T00:04:59.321Z WARN  chromiumoxide::handler] WS Invalid message: data did not match any variant of untagged enum Message
[2026-09-10T00:04:59.677Z WARN  chromiumoxide::handler] WS Invalid message: data did not match any variant of untagged enum Message
[2026-09-10T00:04:59.677Z WARN  chromiumoxide::handler] WS Invalid message: data did not match any variant of untagged enum Message
[2026-09-10T00:04:59.677Z WARN  chromiumoxide::handler] WS Invalid message: data did not match any variant of untagged enum Message
[2026-09-10T00:04:59.677Z WARN  chromiumoxide::handler] WS Invalid message: data did not match any variant of untagged enum Message
[2026-09-10T00:04:59.677Z WARN  chromiumoxide::handler] WS Invalid message: data did not match any variant of untagged enum Message
[2026-09-10T00:04:59.678Z WARN  chromiumoxide::handler] WS Invalid message: data did not match any variant of untagged enum Message
[2026-09-10T00:04:59.678Z WARN  chromiumoxide::handler] WS Invalid message: data did not match any variant of untagged enum Message
[2026-09-10T00:04:59.678Z WARN  chromiumoxide::handler] WS Invalid message: data did not match any variant of untagged enum Message
[2026-09-10T00:04:59.678Z WARN  chromiumoxide::handler] WS Invalid message: data did not match any variant of untagged enum Message
[2026-09-10T00:04:59.679Z WARN  chromiumoxide::handler] WS Invalid message: data did not match any variant of untagged enum Message
[2026-09-10T00:04:59.900Z WARN  chromiumoxide::handler] WS Invalid message: data did not match any variant of untagged enum Message
[2026-09-10T00:04:59.912Z WARN  chromiumoxide::handler] WS Invalid message: data did not match any variant of untagged enum Message
[2026-09-10T00:04:59.923Z WARN  chromiumoxide::handler] WS Invalid message: data did not match any variant of untagged enum Message
[2026-09-10T00:04:59.931Z WARN  chromiumoxide::handler] WS Invalid message: data did not match any variant of untagged enum Message
[2026-09-10T00:04:59.932Z WARN  chromiumoxide::handler] WS Invalid message: data did not match any variant of untagged enum Message
[2026-09-10T00:04:59.932Z WARN  chromiumoxide::handler] WS Invalid message: data did not match any variant of untagged enum Message
[2026-09-10T00:04:59.932Z WARN  chromiumoxide::handler] WS Invalid message: data did not match any variant of untagged enum Message
[2026-09-10T00:04:59.932Z WARN  chromiumoxide::handler] WS Invalid message: data did not match any variant of untagged enum Message
[2026-09-10T00:04:59.932Z WARN  chromiumoxide::handler] WS Invalid message: data did not match any variant of untagged enum Message
[2026-09-10T00:04:59.967Z WARN  chromiumoxide::handler] WS Invalid message: data did not match any variant of untagged enum Message
[2026-09-10T00:04:59.968Z WARN  chromiumoxide::handler] WS Invalid message: data did not match any variant of untagged enum Message
[2026-09-10T00:04:59.968Z WARN  chromiumoxide::handler] WS Invalid message: data did not match any variant of untagged enum Message
[2026-09-10T00:04:59.968Z WARN  chromiumoxide::handler] WS Invalid message: data did not match any variant of untagged enum Message
[2026-09-10T00:04:59.982Z WARN  chromiumoxide::handler] WS Invalid message: data did not match any variant of untagged enum Message
[2026-09-10T00:04:59.982Z WARN  chromiumoxide::handler] WS Invalid message: data did not match any variant of untagged enum Message
[2026-09-10T00:04:59.985Z WARN  chromiumoxide::handler] WS Invalid message: data did not match any variant of untagged enum Message
[2026-09-10T00:04:59.994Z WARN  chromiumoxide::handler] WS Invalid message: data did not match any variant of untagged enum Message
[2026-09-10T00:04:59.994Z WARN  chromiumoxide::handler] WS Invalid message: data did not match any variant of untagged enum Message
[2026-09-10T00:04:59.995Z WARN  chromiumoxide::handler] WS Invalid message: data did not match any variant of untagged enum Message
[2026-09-10T00:04:59.995Z WARN  chromiumoxide::handler] WS Invalid message: data did not match any variant of untagged enum Message
[2026-09-10T00:05:00.137Z WARN  chromiumoxide::handler] WS Invalid message: data did not match any variant of untagged enum Message
[2026-09-10T00:05:00.137Z WARN  chromiumoxide::handler] WS Invalid message: data did not match any variant of untagged enum Message
[2026-09-10T00:05:00.137Z WARN  chromiumoxide::handler] WS Invalid message: data did not match any variant of untagged enum Message
[2026-09-10T00:05:00.137Z WARN  chromiumoxide::handler] WS Invalid message: data did not match any variant of untagged enum Message
[2026-09-10T00:05:00.240Z WARN  chromiumoxide::handler] WS Invalid message: data did not match any variant of untagged enum Message
[2026-09-10T00:05:00.259Z WARN  chromiumoxide::handler] WS Invalid message: data did not match any variant of untagged enum Message
[2026-09-10T00:05:00.259Z WARN  chromiumoxide::handler] WS Invalid message: data did not match any variant of untagged enum Message
[2026-09-10T00:05:00.259Z WARN  chromiumoxide::handler] WS Invalid message: data did not match any variant of untagged enum Message
[2026-09-10T00:05:00.259Z WARN  chromiumoxide::handler] WS Invalid message: data did not match any variant of untagged enum Message
[2026-09-10T00:05:00.291Z WARN  chromiumoxide::handler] WS Invalid message: data did not match any variant of untagged enum Message
[2026-09-10T00:05:00.291Z WARN  chromiumoxide::handler] WS Invalid message: data did not match any variant of untagged enum Message
[2026-09-10T00:05:00.333Z WARN  chromiumoxide::handler] WS Invalid message: data did not match any variant of untagged enum Message
[2026-09-10T00:05:00.333Z WARN  chromiumoxide::handler] WS Invalid message: data did not match any variant of untagged enum Message
[2026-09-10T00:05:00.346Z WARN  chromiumoxide::handler] WS Invalid message: data did not match any variant of untagged enum Message
[2026-09-10T00:05:00.346Z WARN  chromiumoxide::handler] WS Invalid message: data did not match any variant of untagged enum Message
[2026-09-10T00:05:00.346Z WARN  chromiumoxide::handler] WS Invalid message: data did not match any variant of untagged enum Message
[2026-09-10T00:05:00.346Z WARN  chromiumoxide::handler] WS Invalid message: data did not match any variant of untagged enum Message
[2026-09-10T00:05:00.403Z WARN  chromiumoxide::handler] WS Invalid message: data did not match any variant of untagged enum Message
[2026-09-10T00:05:00.405Z WARN  chromiumoxide::handler] WS Invalid message: data did not match any variant of untagged enum Message
[2026-09-10T00:05:00.788Z WARN  chromiumoxide::handler] WS Invalid message: data did not match any variant of untagged enum Message
[2026-09-10T00:05:00.843Z WARN  chromiumoxide::handler] WS Invalid message: data did not match any variant of untagged enum Message
[2026-09-10T00:05:00.847Z WARN  chromiumoxide::handler] WS Invalid message: data did not match any variant of untagged enum Message
[2026-09-10T00:05:00.857Z WARN  chromiumoxide::handler] WS Invalid message: data did not match any variant of untagged enum Message
[2026-09-10T00:05:00.882Z WARN  chromiumoxide::handler] WS Invalid message: data did not match any variant of untagged enum Message
[2026-09-10T00:05:00.882Z WARN  chromiumoxide::handler] WS Invalid message: data did not match any variant of untagged enum Message
[2026-09-10T00:05:00.883Z WARN  chromiumoxide::handler] WS Invalid message: data did not match any variant of untagged enum Message
[2026-09-10T00:05:01.486Z WARN  chromiumoxide::handler] WS Invalid message: data did not match any variant of untagged enum Message
[2026-09-10T00:05:01.862Z WARN  chromiumoxide::handler] WS Invalid message: data did not match any variant of untagged enum Message
[2026-09-10T00:05:03.279Z WARN  chromiumoxide::handler] WS Invalid message: data did not match any variant of untagged enum Message
[2026-09-10T00:05:03.926Z WARN  chromiumoxide::handler] WS Invalid message: data did not match any variant of untagged enum Message
[2026-09-10T00:05:03.929Z WARN  chromiumoxide::handler] WS Invalid message: data did not match any variant of untagged enum Message
[2026-09-10T00:05:06.151Z WARN  chromiumoxide::handler] WS Invalid message: data did not match any variant of untagged enum Message
[2026-09-10T00:05:06.152Z WARN  chromiumoxide::handler] WS Invalid message: data did not match any variant of untagged enum Message
[2026-09-10T00:05:06.152Z WARN  chromiumoxide::handler] WS Invalid message: data did not match any variant of untagged enum Message
[2026-09-10T00:05:06.152Z WARN  chromiumoxide::handler] WS Invalid message: data did not match any variant of untagged enum Message
[2026-09-10T00:05:06.352Z WARN  chromiumoxide::handler] WS Invalid message: data did not match any variant of untagged enum Message
{"level":30,"time":1788998706357,"pid":197821,"hostname":"vps-15cf2c41","reqId":"req-41","req":{"method":"GET","url":"/api/v1/workspace/meta","host":"127.0.0.1:6540","remoteAddress":"127.0.0.1","remotePort":58728},"msg":"incoming request"}
{"level":30,"time":1788998706358,"pid":197821,"hostname":"vps-15cf2c41","reqId":"req-41","res":{"statusCode":200},"responseTime":0.7699239999928977,"msg":"request completed"}
[2026-09-10T00:05:06.364Z WARN  chromiumoxide::handler] WS Invalid message: data did not match any variant of untagged enum Message
[2026-09-10T00:05:06.373Z WARN  chromiumoxide::handler] WS Invalid message: data did not match any variant of untagged enum Message
[2026-09-10T00:05:06.374Z WARN  chromiumoxide::handler] WS Invalid message: data did not match any variant of untagged enum Message
{"level":30,"time":1788998706377,"pid":197821,"hostname":"vps-15cf2c41","reqId":"req-42","req":{"method":"GET","url":"/api/v1/workspace/meta","host":"127.0.0.1:6540","remoteAddress":"127.0.0.1","remotePort":58736},"msg":"incoming request"}
{"level":30,"time":1788998706378,"pid":197821,"hostname":"vps-15cf2c41","reqId":"req-42","res":{"statusCode":200},"responseTime":0.5889749999914784,"msg":"request completed"}
[2026-09-10T00:05:06.527Z WARN  chromiumoxide::handler] WS Invalid message: data did not match any variant of untagged enum Message
{"level":30,"time":1788998706529,"pid":197821,"hostname":"vps-15cf2c41","reqId":"req-43","req":{"method":"GET","url":"/api/v1/tree?path=.","host":"127.0.0.1:6540","remoteAddress":"127.0.0.1","remotePort":58752},"msg":"incoming request"}
[2026-09-10T00:05:06.534Z WARN  chromiumoxide::handler] WS Invalid message: data did not match any variant of untagged enum Message
{"level":30,"time":1788998706536,"pid":197821,"hostname":"vps-15cf2c41","reqId":"req-44","req":{"method":"PUT","url":"/api/v1/ui/state","host":"127.0.0.1:6540","remoteAddress":"127.0.0.1","remotePort":58754},"msg":"incoming request"}
{"level":30,"time":1788998706537,"pid":197821,"hostname":"vps-15cf2c41","reqId":"req-44","res":{"statusCode":204},"responseTime":0.863232000003336,"msg":"request completed"}
{"level":30,"time":1788998706538,"pid":197821,"hostname":"vps-15cf2c41","reqId":"req-43","res":{"statusCode":200},"responseTime":8.609020000003511,"msg":"request completed"}
[2026-09-10T00:05:06.552Z WARN  chromiumoxide::handler] WS Invalid message: data did not match any variant of untagged enum Message
{"level":30,"time":1788998706554,"pid":197821,"hostname":"vps-15cf2c41","reqId":"req-45","req":{"method":"GET","url":"/api/v1/filesystems","host":"127.0.0.1:6540","remoteAddress":"127.0.0.1","remotePort":58762},"msg":"incoming request"}
{"level":30,"time":1788998706556,"pid":197821,"hostname":"vps-15cf2c41","reqId":"req-45","res":{"statusCode":200},"responseTime":1.9744080000091344,"msg":"request completed"}
[2026-09-10T00:05:06.610Z WARN  chromiumoxide::handler] WS Invalid message: data did not match any variant of untagged enum Message
{"level":30,"time":1788998706611,"pid":197821,"hostname":"vps-15cf2c41","reqId":"req-46","req":{"method":"GET","url":"/api/v1/agents","host":"127.0.0.1:6540","remoteAddress":"127.0.0.1","remotePort":58766},"msg":"incoming request"}
{"level":30,"time":1788998706612,"pid":197821,"hostname":"vps-15cf2c41","reqId":"req-46","res":{"statusCode":200},"responseTime":0.7794679999933578,"msg":"request completed"}
[2026-09-10T00:05:06.627Z WARN  chromiumoxide::handler] WS Invalid message: data did not match any variant of untagged enum Message
[2026-09-10T00:05:06.628Z WARN  chromiumoxide::handler] WS Invalid message: data did not match any variant of untagged enum Message
{"level":30,"time":1788998706629,"pid":197821,"hostname":"vps-15cf2c41","reqId":"req-47","req":{"method":"GET","url":"/api/v1/tree?path=.","host":"127.0.0.1:6540","remoteAddress":"127.0.0.1","remotePort":58774},"msg":"incoming request"}
[2026-09-10T00:05:06.631Z WARN  chromiumoxide::handler] WS Invalid message: data did not match any variant of untagged enum Message
{"level":30,"time":1788998706631,"pid":197821,"hostname":"vps-15cf2c41","reqId":"req-48","req":{"method":"PUT","url":"/api/v1/ui/state","host":"127.0.0.1:6540","remoteAddress":"127.0.0.1","remotePort":58776},"msg":"incoming request"}
{"level":30,"time":1788998706632,"pid":197821,"hostname":"vps-15cf2c41","reqId":"req-48","res":{"statusCode":204},"responseTime":0.9035270000167657,"msg":"request completed"}
{"level":30,"time":1788998706635,"pid":197821,"hostname":"vps-15cf2c41","reqId":"req-49","req":{"method":"GET","url":"/api/v1/filesystems","host":"127.0.0.1:6540","remoteAddress":"127.0.0.1","remotePort":58778},"msg":"incoming request"}
{"level":30,"time":1788998706636,"pid":197821,"hostname":"vps-15cf2c41","reqId":"req-49","res":{"statusCode":200},"responseTime":0.8340930000122171,"msg":"request completed"}
{"level":30,"time":1788998706641,"pid":197821,"hostname":"vps-15cf2c41","reqId":"req-47","res":{"statusCode":200},"responseTime":11.783036999986507,"msg":"request completed"}
[2026-09-10T00:05:06.719Z WARN  chromiumoxide::handler] WS Invalid message: data did not match any variant of untagged enum Message
00:00.000 Waiting
{"level":30,"time":1788998706788,"pid":197821,"hostname":"vps-15cf2c41","reqId":"req-4a","req":{"method":"GET","url":"/api/v1/fs/events?workspaceId=workspace","host":"127.0.0.1:6540","remoteAddress":"127.0.0.1","remotePort":58782},"msg":"incoming request"}
[2026-09-10T00:05:06.788Z WARN  chromiumoxide::handler] WS Invalid message: data did not match any variant of untagged enum Message
[2026-09-10T00:05:06.788Z WARN  chromiumoxide::handler] WS Invalid message: data did not match any variant of untagged enum Message
[2026-09-10T00:05:06.789Z WARN  chromiumoxide::handler] WS Invalid message: data did not match any variant of untagged enum Message
{"level":30,"time":1788998706798,"pid":197821,"hostname":"vps-15cf2c41","reqId":"req-4b","req":{"method":"GET","url":"/api/v1/ui/commands/next?workspaceId=workspace","host":"127.0.0.1:6540","remoteAddress":"127.0.0.1","remotePort":58792},"msg":"incoming request"}
{"level":30,"time":1788998706803,"pid":197821,"hostname":"vps-15cf2c41","reqId":"req-4c","req":{"method":"GET","url":"/api/v1/ui/state","host":"127.0.0.1:6540","remoteAddress":"127.0.0.1","remotePort":58808},"msg":"incoming request"}
{"level":30,"time":1788998706804,"pid":197821,"hostname":"vps-15cf2c41","reqId":"req-4c","res":{"statusCode":200},"responseTime":0.4602069999964442,"msg":"request completed"}
00:00.138 Waiting
[2026-09-10T00:05:06.958Z WARN  chromiumoxide::handler] WS Invalid message: data did not match any variant of untagged enum Message
{"level":30,"time":1788998706959,"pid":197821,"hostname":"vps-15cf2c41","reqId":"req-4d","req":{"method":"GET","url":"/api/v1/agents/alpha/sessions?limit=50&archived=active","host":"127.0.0.1:6540","remoteAddress":"127.0.0.1","remotePort":58810},"msg":"incoming request"}
[2026-09-10T00:05:06.962Z WARN  chromiumoxide::handler] WS Invalid message: data did not match any variant of untagged enum Message
[2026-09-10T00:05:06.966Z WARN  chromiumoxide::handler] WS Invalid message: data did not match any variant of untagged enum Message
{"level":30,"time":1788998706968,"pid":197821,"hostname":"vps-15cf2c41","reqId":"req-4e","req":{"method":"GET","url":"/api/v1/tree?path=.","host":"127.0.0.1:6540","remoteAddress":"127.0.0.1","remotePort":58822},"msg":"incoming request"}
{"level":30,"time":1788998706974,"pid":197821,"hostname":"vps-15cf2c41","reqId":"req-4f","req":{"method":"GET","url":"/api/v1/agents/alpha/ready-status","host":"127.0.0.1:6540","remoteAddress":"127.0.0.1","remotePort":58834},"msg":"incoming request"}
{"level":30,"time":1788998706983,"pid":197821,"hostname":"vps-15cf2c41","reqId":"req-4e","res":{"statusCode":200},"responseTime":14.278839000005974,"msg":"request completed"}
{"level":30,"time":1788998706994,"pid":197821,"hostname":"vps-15cf2c41","reqId":"req-4g","req":{"method":"GET","url":"/api/v1/tree?path=.","host":"127.0.0.1:6540","remoteAddress":"127.0.0.1","remotePort":58836},"msg":"incoming request"}
[2026-09-10T00:05:06.997Z WARN  chromiumoxide::handler] WS Invalid message: data did not match any variant of untagged enum Message
{"level":30,"time":1788998707004,"pid":197821,"hostname":"vps-15cf2c41","reqId":"req-4g","res":{"statusCode":200},"responseTime":9.413457999995444,"msg":"request completed"}
{"level":30,"time":1788998707007,"pid":197821,"hostname":"vps-15cf2c41","reqId":"req-4d","res":{"statusCode":200},"responseTime":47.62663699997938,"msg":"request completed"}
{"level":30,"time":1788998707010,"pid":197821,"hostname":"vps-15cf2c41","reqId":"req-4f","res":{"statusCode":200},"responseTime":35.875751999992644,"msg":"request completed"}
{"level":30,"time":1788998707027,"pid":197821,"hostname":"vps-15cf2c41","reqId":"req-4h","req":{"method":"GET","url":"/api/v1/agents/alpha/sessions?limit=50&archived=active","host":"127.0.0.1:6540","remoteAddress":"127.0.0.1","remotePort":58846},"msg":"incoming request"}
{"level":30,"time":1788998707031,"pid":197821,"hostname":"vps-15cf2c41","reqId":"req-4i","req":{"method":"GET","url":"/api/v1/agents/alpha/ready-status","host":"127.0.0.1:6540","remoteAddress":"127.0.0.1","remotePort":58858},"msg":"incoming request"}
[2026-09-10T00:05:07.033Z WARN  chromiumoxide::handler] WS Invalid message: data did not match any variant of untagged enum Message
[2026-09-10T00:05:07.033Z WARN  chromiumoxide::handler] WS Invalid message: data did not match any variant of untagged enum Message
{"level":30,"time":1788998707039,"pid":197821,"hostname":"vps-15cf2c41","reqId":"req-4j","req":{"method":"GET","url":"/api/v1/ui/state","host":"127.0.0.1:6540","remoteAddress":"127.0.0.1","remotePort":58864},"msg":"incoming request"}
{"level":30,"time":1788998707040,"pid":197821,"hostname":"vps-15cf2c41","reqId":"req-4j","res":{"statusCode":200},"responseTime":0.6515639999997802,"msg":"request completed"}
[2026-09-10T00:05:07.041Z WARN  chromiumoxide::handler] WS Invalid message: data did not match any variant of untagged enum Message
{"level":30,"time":1788998707066,"pid":197821,"hostname":"vps-15cf2c41","reqId":"req-4i","res":{"statusCode":200},"responseTime":34.54796999998507,"msg":"request completed"}
{"level":30,"time":1788998707078,"pid":197821,"hostname":"vps-15cf2c41","reqId":"req-4h","res":{"statusCode":200},"responseTime":51.058912999986205,"msg":"request completed"}
[2026-09-10T00:05:07.089Z WARN  chromiumoxide::handler] WS Invalid message: data did not match any variant of untagged enum Message
{"level":30,"time":1788998707093,"pid":197821,"hostname":"vps-15cf2c41","reqId":"req-4k","req":{"method":"POST","url":"/api/v1/workspace-bridge/call","host":"127.0.0.1:6540","remoteAddress":"127.0.0.1","remotePort":58880},"msg":"incoming request"}
{"level":30,"time":1788998707098,"pid":197821,"hostname":"vps-15cf2c41","reqId":"req-4k","res":{"statusCode":200},"responseTime":4.073615000001155,"msg":"request completed"}
00:00.485 Waiting
{"level":30,"time":1788998707372,"pid":197821,"hostname":"vps-15cf2c41","reqId":"req-4l","req":{"method":"GET","url":"/api/v1/agents/session-activity/events?workspaceId=workspace","host":"127.0.0.1:6540","remoteAddress":"127.0.0.1","remotePort":51104},"msg":"incoming request"}
[2026-09-10T00:05:07.368Z WARN  chromiumoxide::handler] WS Invalid message: data did not match any variant of untagged enum Message
[2026-09-10T00:05:07.375Z WARN  chromiumoxide::handler] WS Invalid message: data did not match any variant of untagged enum Message
{"level":30,"time":1788998707380,"pid":197821,"hostname":"vps-15cf2c41","reqId":"req-4m","req":{"method":"GET","url":"/api/v1/agents/alpha/sessions?limit=50&archived=archived","host":"127.0.0.1:6540","remoteAddress":"127.0.0.1","remotePort":51114},"msg":"incoming request"}
{"level":30,"time":1788998707408,"pid":197821,"hostname":"vps-15cf2c41","reqId":"req-4m","res":{"statusCode":200},"responseTime":27.86603400000604,"msg":"request completed"}
00:00.741 Waiting
00:01.000 Clicking <button> (x: 137.5, y: 82.0, content: "Search⌘K")
[2026-09-10T00:05:08.142Z WARN  chromiumoxide::handler] WS Invalid message: data did not match any variant of untagged enum Message
00:01.501 Pressing Escape (code: 27)
00:01.781 Clicking <button> (x: 137.5, y: 82.0, content: "Search⌘K")
00:01.999 Typing no-matching-fixture-command (delay: 0ms)
{"level":30,"time":1788998709507,"pid":197821,"hostname":"vps-15cf2c41","reqId":"req-4n","req":{"method":"POST","url":"/api/v1/agents/alpha/sessions","host":"127.0.0.1:6540","remoteAddress":"127.0.0.1","remotePort":51116},"msg":"incoming request"}
[2026-09-10T00:05:09.510Z WARN  chromiumoxide::handler] WS Invalid message: data did not match any variant of untagged enum Message
{"level":30,"time":1788998709544,"pid":197821,"hostname":"vps-15cf2c41","reqId":"req-4n","res":{"statusCode":201},"responseTime":37.23010400001658,"msg":"request completed"}
{"level":30,"time":1788998709586,"pid":197821,"hostname":"vps-15cf2c41","reqId":"req-4o","req":{"method":"GET","url":"/api/v1/agents/alpha/sessions?limit=50&archived=active","host":"127.0.0.1:6540","remoteAddress":"127.0.0.1","remotePort":51118},"msg":"incoming request"}
[2026-09-10T00:05:09.588Z WARN  chromiumoxide::handler] WS Invalid message: data did not match any variant of untagged enum Message
{"level":30,"time":1788998709613,"pid":197821,"hostname":"vps-15cf2c41","reqId":"req-4o","res":{"statusCode":200},"responseTime":26.853827999992063,"msg":"request completed"}
{"level":30,"time":1788998709692,"pid":197821,"hostname":"vps-15cf2c41","reqId":"req-4p","req":{"method":"GET","url":"/api/v1/ui/state","host":"127.0.0.1:6540","remoteAddress":"127.0.0.1","remotePort":51124},"msg":"incoming request"}
{"level":30,"time":1788998709693,"pid":197821,"hostname":"vps-15cf2c41","reqId":"req-4p","res":{"statusCode":200},"responseTime":0.933130000019446,"msg":"request completed"}
{"level":30,"time":1788998709697,"pid":197821,"hostname":"vps-15cf2c41","reqId":"req-4q","req":{"method":"GET","url":"/api/v1/agents/alpha/sessions?limit=50&archived=archived","host":"127.0.0.1:6540","remoteAddress":"127.0.0.1","remotePort":51136},"msg":"incoming request"}
[2026-09-10T00:05:09.698Z WARN  chromiumoxide::handler] WS Invalid message: data did not match any variant of untagged enum Message
[2026-09-10T00:05:09.698Z WARN  chromiumoxide::handler] WS Invalid message: data did not match any variant of untagged enum Message
{"level":30,"time":1788998709714,"pid":197821,"hostname":"vps-15cf2c41","reqId":"req-4q","res":{"statusCode":200},"responseTime":16.596326999977464,"msg":"request completed"}
[2026-09-10T00:05:09.761Z WARN  chromiumoxide::handler] WS Invalid message: data did not match any variant of untagged enum Message
{"level":30,"time":1788998709762,"pid":197821,"hostname":"vps-15cf2c41","reqId":"req-4r","req":{"method":"POST","url":"/api/v1/workspace-bridge/call","host":"127.0.0.1:6540","remoteAddress":"127.0.0.1","remotePort":51144},"msg":"incoming request"}
{"level":30,"time":1788998709764,"pid":197821,"hostname":"vps-15cf2c41","reqId":"req-4r","res":{"statusCode":200},"responseTime":1.4105839999974705,"msg":"request completed"}
{"level":30,"time":1788998710242,"pid":197821,"hostname":"vps-15cf2c41","reqId":"req-4s","req":{"method":"GET","url":"/api/v1/agents/session-activity/events?workspaceId=workspace","host":"127.0.0.1:6540","remoteAddress":"127.0.0.1","remotePort":51160},"msg":"incoming request"}
[2026-09-10T00:05:10.249Z WARN  chromiumoxide::handler] WS Invalid message: data did not match any variant of untagged enum Message
00:03.728 Typing > (delay: 0ms)
00:03.943 Typing > (delay: 0ms)
{"level":30,"time":1788998711258,"pid":197821,"hostname":"vps-15cf2c41","reqId":"req-4t","req":{"method":"PUT","url":"/api/v1/ui/state","host":"127.0.0.1:6540","remoteAddress":"127.0.0.1","remotePort":51174},"msg":"incoming request"}
[2026-09-10T00:05:11.258Z WARN  chromiumoxide::handler] WS Invalid message: data did not match any variant of untagged enum Message
{"level":30,"time":1788998711260,"pid":197821,"hostname":"vps-15cf2c41","reqId":"req-4t","res":{"statusCode":204},"responseTime":1.7687690000166185,"msg":"request completed"}
{"level":30,"time":1788998711292,"pid":197821,"hostname":"vps-15cf2c41","reqId":"req-4u","req":{"method":"GET","url":"/api/v1/agents/alpha/models","host":"127.0.0.1:6540","remoteAddress":"127.0.0.1","remotePort":51188},"msg":"incoming request"}
[2026-09-10T00:05:11.293Z WARN  chromiumoxide::handler] WS Invalid message: data did not match any variant of untagged enum Message
[2026-09-10T00:05:11.293Z WARN  chromiumoxide::handler] WS Invalid message: data did not match any variant of untagged enum Message
[2026-09-10T00:05:11.293Z WARN  chromiumoxide::handler] WS Invalid message: data did not match any variant of untagged enum Message
{"level":30,"time":1788998711294,"pid":197821,"hostname":"vps-15cf2c41","reqId":"req-4v","req":{"method":"GET","url":"/api/v1/agents/alpha/commands?sessionId=scripted-4","host":"127.0.0.1:6540","remoteAddress":"127.0.0.1","remotePort":51192},"msg":"incoming request"}
{"level":30,"time":1788998711297,"pid":197821,"hostname":"vps-15cf2c41","reqId":"req-4w","req":{"method":"GET","url":"/api/v1/workspace/meta","host":"127.0.0.1:6540","remoteAddress":"127.0.0.1","remotePort":51196},"msg":"incoming request"}
{"level":30,"time":1788998711298,"pid":197821,"hostname":"vps-15cf2c41","reqId":"req-4w","res":{"statusCode":200},"responseTime":0.6755209999973886,"msg":"request completed"}
{"level":30,"time":1788998711316,"pid":197821,"hostname":"vps-15cf2c41","reqId":"req-4x","req":{"method":"GET","url":"/api/v1/workspace/meta","host":"127.0.0.1:6540","remoteAddress":"127.0.0.1","remotePort":51198},"msg":"incoming request"}
{"level":30,"time":1788998711317,"pid":197821,"hostname":"vps-15cf2c41","reqId":"req-4x","res":{"statusCode":200},"responseTime":0.560594000009587,"msg":"request completed"}
[2026-09-10T00:05:11.321Z WARN  chromiumoxide::handler] WS Invalid message: data did not match any variant of untagged enum Message
{"level":30,"time":1788998711356,"pid":197821,"hostname":"vps-15cf2c41","reqId":"req-4u","res":{"statusCode":200},"responseTime":62.23558000000776,"msg":"request completed"}
{"level":30,"time":1788998711366,"pid":197821,"hostname":"vps-15cf2c41","reqId":"req-4y","req":{"method":"GET","url":"/api/v1/agents/alpha/models","host":"127.0.0.1:6540","remoteAddress":"127.0.0.1","remotePort":51206},"msg":"incoming request"}
[2026-09-10T00:05:11.368Z WARN  chromiumoxide::handler] WS Invalid message: data did not match any variant of untagged enum Message
{"level":30,"time":1788998711372,"pid":197821,"hostname":"vps-15cf2c41","reqId":"req-4v","res":{"statusCode":200},"responseTime":77.02563300001202,"msg":"request completed"}
{"level":30,"time":1788998711400,"pid":197821,"hostname":"vps-15cf2c41","reqId":"req-4z","req":{"method":"GET","url":"/api/v1/agents/alpha/commands?sessionId=scripted-4","host":"127.0.0.1:6540","remoteAddress":"127.0.0.1","remotePort":51222},"msg":"incoming request"}
[2026-09-10T00:05:11.400Z WARN  chromiumoxide::handler] WS Invalid message: data did not match any variant of untagged enum Message
{"level":30,"time":1788998711418,"pid":197821,"hostname":"vps-15cf2c41","reqId":"req-4y","res":{"statusCode":200},"responseTime":52.16840300001786,"msg":"request completed"}
{"level":30,"time":1788998711453,"pid":197821,"hostname":"vps-15cf2c41","reqId":"req-4z","res":{"statusCode":200},"responseTime":52.23520899997675,"msg":"request completed"}
{"level":30,"time":1788998711497,"pid":197821,"hostname":"vps-15cf2c41","reqId":"req-50","req":{"method":"GET","url":"/api/v1/agents/alpha/sessions/scripted-4/state","host":"127.0.0.1:6540","remoteAddress":"127.0.0.1","remotePort":51234},"msg":"incoming request"}
[2026-09-10T00:05:11.500Z WARN  chromiumoxide::handler] WS Invalid message: data did not match any variant of untagged enum Message
{"level":30,"time":1788998711516,"pid":197821,"hostname":"vps-15cf2c41","reqId":"req-50","res":{"statusCode":200},"responseTime":18.38130499998806,"msg":"request completed"}
00:04.777 Typing no-matching-fixture-command (delay: 0ms)
{"level":30,"time":1788998711809,"pid":197821,"hostname":"vps-15cf2c41","reqId":"req-51","req":{"method":"GET","url":"/api/v1/agents/alpha/models","host":"127.0.0.1:6540","remoteAddress":"127.0.0.1","remotePort":51248},"msg":"incoming request"}
[2026-09-10T00:05:11.809Z WARN  chromiumoxide::handler] WS Invalid message: data did not match any variant of untagged enum Message
[2026-09-10T00:05:11.811Z WARN  chromiumoxide::handler] WS Invalid message: data did not match any variant of untagged enum Message
{"level":30,"time":1788998711812,"pid":197821,"hostname":"vps-15cf2c41","reqId":"req-52","req":{"method":"GET","url":"/api/v1/agents/alpha/sessions/scripted-4/events?cursor=0","host":"127.0.0.1:6540","remoteAddress":"127.0.0.1","remotePort":51264},"msg":"incoming request"}
{"level":30,"time":1788998711829,"pid":197821,"hostname":"vps-15cf2c41","reqId":"req-51","res":{"statusCode":200},"responseTime":19.19228300001123,"msg":"request completed"}
00:06.158 Pressing Escape (code: 27)
00:06.452 Clicking <button> (x: 137.5, y: 82.0, content: "Search⌘K")
00:06.850 Waiting
00:07.251 Waiting
00:07.435 Pressing Escape (code: 27)
00:07.730 Clicking <button> (x: 137.5, y: 82.0, content: "Search⌘K")
00:08.046 Pressing Escape (code: 27)
00:08.297 Waiting
00:08.424 Clicking <button> (x: 137.5, y: 82.0, content: "Search⌘K")
00:08.769 Typing no-matching-fixture-command (delay: 0ms)
00:09.934 Waiting

Reproduction finished!

Inspect the test results using:

  bombadil browser inspect /dev/shm/cpr-991/boring-ui-review-run.cyV2oF/replay-desktop.2miIEb

{"level":30,"time":1788998717029,"pid":197821,"hostname":"vps-15cf2c41","reqId":"req-52","res":{"statusCode":200},"msg":"stream closed prematurely"}
verified Bombadil replay final state: cpr-05:workspace-command-palette:candidate:desktop:explore-0023-dialog-popover:fa07d14eaf46
[2026-09-10T00:05:21.658Z WARN  chromiumoxide::handler] WS Invalid message: data did not match any variant of untagged enum Message
[2026-09-10T00:05:21.658Z WARN  chromiumoxide::handler] WS Invalid message: data did not match any variant of untagged enum Message
[2026-09-10T00:05:21.658Z WARN  chromiumoxide::handler] WS Invalid message: data did not match any variant of untagged enum Message
[2026-09-10T00:05:21.703Z WARN  chromiumoxide::handler] WS Invalid message: data did not match any variant of untagged enum Message
[2026-09-10T00:05:21.711Z WARN  chromiumoxide::handler] WS Invalid message: data did not match any variant of untagged enum Message
[2026-09-10T00:05:21.734Z WARN  chromiumoxide::handler] WS Invalid message: data did not match any variant of untagged enum Message
[2026-09-10T00:05:21.734Z WARN  chromiumoxide::handler] WS Invalid message: data did not match any variant of untagged enum Message
[2026-09-10T00:05:21.734Z WARN  chromiumoxide::handler] WS Invalid message: data did not match any variant of untagged enum Message
[2026-09-10T00:05:21.734Z WARN  chromiumoxide::handler] WS Invalid message: data did not match any variant of untagged enum Message
[2026-09-10T00:05:21.734Z WARN  chromiumoxide::handler] WS Invalid message: data did not match any variant of untagged enum Message
[2026-09-10T00:05:21.736Z WARN  chromiumoxide::handler] WS Invalid message: data did not match any variant of untagged enum Message
[2026-09-10T00:05:21.742Z WARN  chromiumoxide::handler] WS Invalid message: data did not match any variant of untagged enum Message
[2026-09-10T00:05:21.839Z WARN  chromiumoxide::handler] WS Invalid message: data did not match any variant of untagged enum Message
[2026-09-10T00:05:22.153Z WARN  chromiumoxide::handler] WS Invalid message: data did not match any variant of untagged enum Message
[2026-09-10T00:05:22.156Z WARN  chromiumoxide::handler] WS Invalid message: data did not match any variant of untagged enum Message
[2026-09-10T00:05:22.156Z WARN  chromiumoxide::handler] WS Invalid message: data did not match any variant of untagged enum Message
[2026-09-10T00:05:22.156Z WARN  chromiumoxide::handler] WS Invalid message: data did not match any variant of untagged enum Message
[2026-09-10T00:05:22.156Z WARN  chromiumoxide::handler] WS Invalid message: data did not match any variant of untagged enum Message
[2026-09-10T00:05:22.156Z WARN  chromiumoxide::handler] WS Invalid message: data did not match any variant of untagged enum Message
[2026-09-10T00:05:22.175Z WARN  chromiumoxide::handler] WS Invalid message: data did not match any variant of untagged enum Message
[2026-09-10T00:05:22.192Z WARN  chromiumoxide::handler] WS Invalid message: data did not match any variant of untagged enum Message
[2026-09-10T00:05:22.287Z WARN  chromiumoxide::handler] WS Invalid message: data did not match any variant of untagged enum Message
[2026-09-10T00:05:22.300Z WARN  chromiumoxide::handler] WS Invalid message: data did not match any variant of untagged enum Message
[2026-09-10T00:05:22.344Z WARN  chromiumoxide::handler] WS Invalid message: data did not match any variant of untagged enum Message
[2026-09-10T00:05:22.345Z WARN  chromiumoxide::handler] WS Invalid message: data did not match any variant of untagged enum Message
[2026-09-10T00:05:22.397Z WARN  chromiumoxide::handler] WS Invalid message: data did not match any variant of untagged enum Message
[2026-09-10T00:05:22.450Z WARN  chromiumoxide::handler] WS Invalid message: data did not match any variant of untagged enum Message
[2026-09-10T00:05:22.450Z WARN  chromiumoxide::handler] WS Invalid message: data did not match any variant of untagged enum Message
[2026-09-10T00:05:22.450Z WARN  chromiumoxide::handler] WS Invalid message: data did not match any variant of untagged enum Message
[2026-09-10T00:05:22.450Z WARN  chromiumoxide::handler] WS Invalid message: data did not match any variant of untagged enum Message
[2026-09-10T00:05:22.456Z WARN  chromiumoxide::handler] WS Invalid message: data did not match any variant of untagged enum Message
[2026-09-10T00:05:22.458Z WARN  chromiumoxide::handler] WS Invalid message: data did not match any variant of untagged enum Message
[2026-09-10T00:05:22.460Z WARN  chromiumoxide::handler] WS Invalid message: data did not match any variant of untagged enum Message
[2026-09-10T00:05:22.460Z WARN  chromiumoxide::handler] WS Invalid message: data did not match any variant of untagged enum Message
[2026-09-10T00:05:22.464Z WARN  chromiumoxide::handler] WS Invalid message: data did not match any variant of untagged enum Message
[2026-09-10T00:05:22.478Z WARN  chromiumoxide::handler] WS Invalid message: data did not match any variant of untagged enum Message
[2026-09-10T00:05:22.534Z WARN  chromiumoxide::handler] WS Invalid message: data did not match any variant of untagged enum Message
[2026-09-10T00:05:22.535Z WARN  chromiumoxide::handler] WS Invalid message: data did not match any variant of untagged enum Message
[2026-09-10T00:05:22.535Z WARN  chromiumoxide::handler] WS Invalid message: data did not match any variant of untagged enum Message
[2026-09-10T00:05:22.535Z WARN  chromiumoxide::handler] WS Invalid message: data did not match any variant of untagged enum Message
[2026-09-10T00:05:22.535Z WARN  chromiumoxide::handler] WS Invalid message: data did not match any variant of untagged enum Message
[2026-09-10T00:05:22.549Z WARN  chromiumoxide::handler] WS Invalid message: data did not match any variant of untagged enum Message
[2026-09-10T00:05:22.570Z WARN  chromiumoxide::handler] WS Invalid message: data did not match any variant of untagged enum Message
[2026-09-10T00:05:22.570Z WARN  chromiumoxide::handler] WS Invalid message: data did not match any variant of untagged enum Message
[2026-09-10T00:05:22.571Z WARN  chromiumoxide::handler] WS Invalid message: data did not match any variant of untagged enum Message
[2026-09-10T00:05:22.571Z WARN  chromiumoxide::handler] WS Invalid message: data did not match any variant of untagged enum Message
[2026-09-10T00:05:22.571Z WARN  chromiumoxide::handler] WS Invalid message: data did not match any variant of untagged enum Message
[2026-09-10T00:05:22.573Z WARN  chromiumoxide::handler] WS Invalid message: data did not match any variant of untagged enum Message
[2026-09-10T00:05:22.582Z WARN  chromiumoxide::handler] WS Invalid message: data did not match any variant of untagged enum Message
[2026-09-10T00:05:22.587Z WARN  chromiumoxide::handler] WS Invalid message: data did not match any variant of untagged enum Message
[2026-09-10T00:05:22.592Z WARN  chromiumoxide::handler] WS Invalid message: data did not match any variant of untagged enum Message
[2026-09-10T00:05:22.595Z WARN  chromiumoxide::handler] WS Invalid message: data did not match any variant of untagged enum Message
[2026-09-10T00:05:22.604Z WARN  chromiumoxide::handler] WS Invalid message: data did not match any variant of untagged enum Message
[2026-09-10T00:05:22.608Z WARN  chromiumoxide::handler] WS Invalid message: data did not match any variant of untagged enum Message
[2026-09-10T00:05:22.772Z WARN  chromiumoxide::handler] WS Invalid message: data did not match any variant of untagged enum Message
[2026-09-10T00:05:22.773Z WARN  chromiumoxide::handler] WS Invalid message: data did not match any variant of untagged enum Message
[2026-09-10T00:05:22.773Z WARN  chromiumoxide::handler] WS Invalid message: data did not match any variant of untagged enum Message
[2026-09-10T00:05:22.773Z WARN  chromiumoxide::handler] WS Invalid message: data did not match any variant of untagged enum Message
[2026-09-10T00:05:22.773Z WARN  chromiumoxide::handler] WS Invalid message: data did not match any variant of untagged enum Message
[2026-09-10T00:05:23.170Z WARN  chromiumoxide::handler] WS Invalid message: data did not match any variant of untagged enum Message
[2026-09-10T00:05:23.177Z WARN  chromiumoxide::handler] WS Invalid message: data did not match any variant of untagged enum Message
[2026-09-10T00:05:23.179Z WARN  chromiumoxide::handler] WS Invalid message: data did not match any variant of untagged enum Message
[2026-09-10T00:05:23.179Z WARN  chromiumoxide::handler] WS Invalid message: data did not match any variant of untagged enum Message
[2026-09-10T00:05:23.180Z WARN  chromiumoxide::handler] WS Invalid message: data did not match any variant of untagged enum Message
[2026-09-10T00:05:23.180Z WARN  chromiumoxide::handler] WS Invalid message: data did not match any variant of untagged enum Message
[2026-09-10T00:05:23.188Z WARN  chromiumoxide::handler] WS Invalid message: data did not match any variant of untagged enum Message
[2026-09-10T00:05:23.189Z WARN  chromiumoxide::handler] WS Invalid message: data did not match any variant of untagged enum Message
[2026-09-10T00:05:23.204Z WARN  chromiumoxide::handler] WS Invalid message: data did not match any variant of untagged enum Message
[2026-09-10T00:05:23.204Z WARN  chromiumoxide::handler] WS Invalid message: data did not match any variant of untagged enum Message
[2026-09-10T00:05:23.204Z WARN  chromiumoxide::handler] WS Invalid message: data did not match any variant of untagged enum Message
[2026-09-10T00:05:23.213Z WARN  chromiumoxide::handler] WS Invalid message: data did not match any variant of untagged enum Message
[2026-09-10T00:05:23.214Z WARN  chromiumoxide::handler] WS Invalid message: data did not match any variant of untagged enum Message
[2026-09-10T00:05:23.252Z WARN  chromiumoxide::handler] WS Invalid message: data did not match any variant of untagged enum Message
[2026-09-10T00:05:23.253Z WARN  chromiumoxide::handler] WS Invalid message: data did not match any variant of untagged enum Message
[2026-09-10T00:05:23.253Z WARN  chromiumoxide::handler] WS Invalid message: data did not match any variant of untagged enum Message
[2026-09-10T00:05:23.253Z WARN  chromiumoxide::handler] WS Invalid message: data did not match any variant of untagged enum Message
[2026-09-10T00:05:23.253Z WARN  chromiumoxide::handler] WS Invalid message: data did not match any variant of untagged enum Message
[2026-09-10T00:05:23.256Z WARN  chromiumoxide::handler] WS Invalid message: data did not match any variant of untagged enum Message
[2026-09-10T00:05:23.256Z WARN  chromiumoxide::handler] WS Invalid message: data did not match any variant of untagged enum Message
[2026-09-10T00:05:23.257Z WARN  chromiumoxide::handler] WS Invalid message: data did not match any variant of untagged enum Message
[2026-09-10T00:05:23.257Z WARN  chromiumoxide::handler] WS Invalid message: data did not match any variant of untagged enum Message
[2026-09-10T00:05:23.351Z WARN  chromiumoxide::handler] WS Invalid message: data did not match any variant of untagged enum Message
[2026-09-10T00:05:23.352Z WARN  chromiumoxide::handler] WS Invalid message: data did not match any variant of untagged enum Message
[2026-09-10T00:05:23.364Z WARN  chromiumoxide::handler] WS Invalid message: data did not match any variant of untagged enum Message
[2026-09-10T00:05:23.365Z WARN  chromiumoxide::handler] WS Invalid message: data did not match any variant of untagged enum Message
[2026-09-10T00:05:23.365Z WARN  chromiumoxide::handler] WS Invalid message: data did not match any variant of untagged enum Message
[2026-09-10T00:05:23.431Z WARN  chromiumoxide::handler] WS Invalid message: data did not match any variant of untagged enum Message
[2026-09-10T00:05:23.433Z WARN  chromiumoxide::handler] WS Invalid message: data did not match any variant of untagged enum Message
[2026-09-10T00:05:23.441Z WARN  chromiumoxide::handler] WS Invalid message: data did not match any variant of untagged enum Message
[2026-09-10T00:05:23.441Z WARN  chromiumoxide::handler] WS Invalid message: data did not match any variant of untagged enum Message
[2026-09-10T00:05:23.443Z WARN  chromiumoxide::handler] WS Invalid message: data did not match any variant of untagged enum Message
[2026-09-10T00:05:23.446Z WARN  chromiumoxide::handler] WS Invalid message: data did not match any variant of untagged enum Message
[2026-09-10T00:05:23.452Z WARN  chromiumoxide::handler] WS Invalid message: data did not match any variant of untagged enum Message
[2026-09-10T00:05:23.455Z WARN  chromiumoxide::handler] WS Invalid message: data did not match any variant of untagged enum Message
[2026-09-10T00:05:23.455Z WARN  chromiumoxide::handler] WS Invalid message: data did not match any variant of untagged enum Message
[2026-09-10T00:05:23.455Z WARN  chromiumoxide::handler] WS Invalid message: data did not match any variant of untagged enum Message
[2026-09-10T00:05:23.464Z WARN  chromiumoxide::handler] WS Invalid message: data did not match any variant of untagged enum Message
[2026-09-10T00:05:23.468Z WARN  chromiumoxide::handler] WS Invalid message: data did not match any variant of untagged enum Message
[2026-09-10T00:05:23.470Z WARN  chromiumoxide::handler] WS Invalid message: data did not match any variant of untagged enum Message
[2026-09-10T00:05:23.470Z WARN  chromiumoxide::handler] WS Invalid message: data did not match any variant of untagged enum Message
[2026-09-10T00:05:23.480Z WARN  chromiumoxide::handler] WS Invalid message: data did not match any variant of untagged enum Message
[2026-09-10T00:05:23.481Z WARN  chromiumoxide::handler] WS Invalid message: data did not match any variant of untagged enum Message
[2026-09-10T00:05:23.481Z WARN  chromiumoxide::handler] WS Invalid message: data did not match any variant of untagged enum Message
[2026-09-10T00:05:23.487Z WARN  chromiumoxide::handler] WS Invalid message: data did not match any variant of untagged enum Message
[2026-09-10T00:05:23.488Z WARN  chromiumoxide::handler] WS Invalid message: data did not match any variant of untagged enum Message
[2026-09-10T00:05:23.520Z WARN  chromiumoxide::handler] WS Invalid message: data did not match any variant of untagged enum Message
[2026-09-10T00:05:23.540Z WARN  chromiumoxide::handler] WS Invalid message: data did not match any variant of untagged enum Message
[2026-09-10T00:05:23.552Z WARN  chromiumoxide::handler] WS Invalid message: data did not match any variant of untagged enum Message
[2026-09-10T00:05:23.552Z WARN  chromiumoxide::handler] WS Invalid message: data did not match any variant of untagged enum Message
[2026-09-10T00:05:23.639Z WARN  chromiumoxide::handler] WS Invalid message: data did not match any variant of untagged enum Message
[2026-09-10T00:05:23.639Z WARN  chromiumoxide::handler] WS Invalid message: data did not match any variant of untagged enum Message
[2026-09-10T00:05:23.692Z WARN  chromiumoxide::handler] WS Invalid message: data did not match any variant of untagged enum Message
[2026-09-10T00:05:23.692Z WARN  chromiumoxide::handler] WS Invalid message: data did not match any variant of untagged enum Message
[2026-09-10T00:05:23.693Z WARN  chromiumoxide::handler] WS Invalid message: data did not match any variant of untagged enum Message
[2026-09-10T00:05:23.693Z WARN  chromiumoxide::handler] WS Invalid message: data did not match any variant of untagged enum Message
[2026-09-10T00:05:23.693Z WARN  chromiumoxide::handler] WS Invalid message: data did not match any variant of untagged enum Message
[2026-09-10T00:05:23.698Z WARN  chromiumoxide::handler] WS Invalid message: data did not match any variant of untagged enum Message
[2026-09-10T00:05:23.808Z WARN  chromiumoxide::handler] WS Invalid message: data did not match any variant of untagged enum Message
[2026-09-10T00:05:23.809Z WARN  chromiumoxide::handler] WS Invalid message: data did not match any variant of untagged enum Message
[2026-09-10T00:05:23.809Z WARN  chromiumoxide::handler] WS Invalid message: data did not match any variant of untagged enum Message
[2026-09-10T00:05:23.810Z WARN  chromiumoxide::handler] WS Invalid message: data did not match any variant of untagged enum Message
[2026-09-10T00:05:23.810Z WARN  chromiumoxide::handler] WS Invalid message: data did not match any variant of untagged enum Message
[2026-09-10T00:05:23.810Z WARN  chromiumoxide::handler] WS Invalid message: data did not match any variant of untagged enum Message
[2026-09-10T00:05:24.106Z WARN  chromiumoxide::handler] WS Invalid message: data did not match any variant of untagged enum Message
[2026-09-10T00:05:24.107Z WARN  chromiumoxide::handler] WS Invalid message: data did not match any variant of untagged enum Message
[2026-09-10T00:05:24.107Z WARN  chromiumoxide::handler] WS Invalid message: data did not match any variant of untagged enum Message
[2026-09-10T00:05:24.107Z WARN  chromiumoxide::handler] WS Invalid message: data did not match any variant of untagged enum Message
[2026-09-10T00:05:24.107Z WARN  chromiumoxide::handler] WS Invalid message: data did not match any variant of untagged enum Message
[2026-09-10T00:05:24.107Z WARN  chromiumoxide::handler] WS Invalid message: data did not match any variant of untagged enum Message
[2026-09-10T00:05:24.107Z WARN  chromiumoxide::handler] WS Invalid message: data did not match any variant of untagged enum Message
[2026-09-10T00:05:24.107Z WARN  chromiumoxide::handler] WS Invalid message: data did not match any variant of untagged enum Message
[2026-09-10T00:05:24.107Z WARN  chromiumoxide::handler] WS Invalid message: data did not match any variant of untagged enum Message
[2026-09-10T00:05:24.108Z WARN  chromiumoxide::handler] WS Invalid message: data did not match any variant of untagged enum Message
[2026-09-10T00:05:24.108Z WARN  chromiumoxide::handler] WS Invalid message: data did not match any variant of untagged enum Message
[2026-09-10T00:05:24.108Z WARN  chromiumoxide::handler] WS Invalid message: data did not match any variant of untagged enum Message
[2026-09-10T00:05:24.533Z WARN  chromiumoxide::handler] WS Invalid message: data did not match any variant of untagged enum Message
[2026-09-10T00:05:24.533Z WARN  chromiumoxide::handler] WS Invalid message: data did not match any variant of untagged enum Message
[2026-09-10T00:05:24.533Z WARN  chromiumoxide::handler] WS Invalid message: data did not match any variant of untagged enum Message
[2026-09-10T00:05:24.533Z WARN  chromiumoxide::handler] WS Invalid message: data did not match any variant of untagged enum Message
[2026-09-10T00:05:24.534Z WARN  chromiumoxide::handler] WS Invalid message: data did not match any variant of untagged enum Message
[2026-09-10T00:05:24.534Z WARN  chromiumoxide::handler] WS Invalid message: data did not match any variant of untagged enum Message
[2026-09-10T00:05:24.646Z WARN  chromiumoxide::handler] WS Invalid message: data did not match any variant of untagged enum Message
[2026-09-10T00:05:24.650Z WARN  chromiumoxide::handler] WS Invalid message: data did not match any variant of untagged enum Message
[2026-09-10T00:05:24.652Z WARN  chromiumoxide::handler] WS Invalid message: data did not match any variant of untagged enum Message
[2026-09-10T00:05:24.667Z WARN  chromiumoxide::handler] WS Invalid message: data did not match any variant of untagged enum Message
[2026-09-10T00:05:24.678Z WARN  chromiumoxide::handler] WS Invalid message: data did not match any variant of untagged enum Message
[2026-09-10T00:05:24.688Z WARN  chromiumoxide::handler] WS Invalid message: data did not match any variant of untagged enum Message
[2026-09-10T00:05:24.688Z WARN  chromiumoxide::handler] WS Invalid message: data did not match any variant of untagged enum Message
[2026-09-10T00:05:24.688Z WARN  chromiumoxide::handler] WS Invalid message: data did not match any variant of untagged enum Message
[2026-09-10T00:05:24.697Z WARN  chromiumoxide::handler] WS Invalid message: data did not match any variant of untagged enum Message
[2026-09-10T00:05:24.697Z WARN  chromiumoxide::handler] WS Invalid message: data did not match any variant of untagged enum Message
[2026-09-10T00:05:24.705Z WARN  chromiumoxide::handler] WS Invalid message: data did not match any variant of untagged enum Message
[2026-09-10T00:05:24.709Z WARN  chromiumoxide::handler] WS Invalid message: data did not match any variant of untagged enum Message
[2026-09-10T00:05:24.709Z WARN  chromiumoxide::handler] WS Invalid message: data did not match any variant of untagged enum Message
[2026-09-10T00:05:24.714Z WARN  chromiumoxide::handler] WS Invalid message: data did not match any variant of untagged enum Message
[2026-09-10T00:05:24.732Z WARN  chromiumoxide::handler] WS Invalid message: data did not match any variant of untagged enum Message
[2026-09-10T00:05:24.732Z WARN  chromiumoxide::handler] WS Invalid message: data did not match any variant of untagged enum Message
[2026-09-10T00:05:24.732Z WARN  chromiumoxide::handler] WS Invalid message: data did not match any variant of untagged enum Message
[2026-09-10T00:05:24.732Z WARN  chromiumoxide::handler] WS Invalid message: data did not match any variant of untagged enum Message
[2026-09-10T00:05:24.918Z WARN  chromiumoxide::handler] WS Invalid message: data did not match any variant of untagged enum Message
[2026-09-10T00:05:24.970Z WARN  chromiumoxide::handler] WS Invalid message: data did not match any variant of untagged enum Message
[2026-09-10T00:05:24.970Z WARN  chromiumoxide::handler] WS Invalid message: data did not match any variant of untagged enum Message
[2026-09-10T00:05:24.970Z WARN  chromiumoxide::handler] WS Invalid message: data did not match any variant of untagged enum Message
[2026-09-10T00:05:24.970Z WARN  chromiumoxide::handler] WS Invalid message: data did not match any variant of untagged enum Message
[2026-09-10T00:05:24.991Z WARN  chromiumoxide::handler] WS Invalid message: data did not match any variant of untagged enum Message
[2026-09-10T00:05:24.991Z WARN  chromiumoxide::handler] WS Invalid message: data did not match any variant of untagged enum Message
[2026-09-10T00:05:25.173Z WARN  chromiumoxide::handler] WS Invalid message: data did not match any variant of untagged enum Message
[2026-09-10T00:05:25.173Z WARN  chromiumoxide::handler] WS Invalid message: data did not match any variant of untagged enum Message
[2026-09-10T00:05:25.208Z WARN  chromiumoxide::handler] WS Invalid message: data did not match any variant of untagged enum Message
[2026-09-10T00:05:25.245Z WARN  chromiumoxide::handler] WS Invalid message: data did not match any variant of untagged enum Message
[2026-09-10T00:05:25.245Z WARN  chromiumoxide::handler] WS Invalid message: data did not match any variant of untagged enum Message
[2026-09-10T00:05:25.271Z WARN  chromiumoxide::handler] WS Invalid message: data did not match any variant of untagged enum Message
[2026-09-10T00:05:25.275Z WARN  chromiumoxide::handler] WS Invalid message: data did not match any variant of untagged enum Message
[2026-09-10T00:05:26.471Z WARN  chromiumoxide::handler] WS Invalid message: data did not match any variant of untagged enum Message
[2026-09-10T00:05:26.549Z WARN  chromiumoxide::handler] WS Invalid message: data did not match any variant of untagged enum Message
[2026-09-10T00:05:26.732Z WARN  chromiumoxide::handler] WS Invalid message: data did not match any variant of untagged enum Message
[2026-09-10T00:05:27.043Z WARN  chromiumoxide::handler] WS Invalid message: data did not match any variant of untagged enum Message
[2026-09-10T00:05:27.069Z WARN  chromiumoxide::handler] WS Invalid message: data did not match any variant of untagged enum Message
[2026-09-10T00:05:27.100Z WARN  chromiumoxide::handler] WS Invalid message: data did not match any variant of untagged enum Message
[2026-09-10T00:05:27.121Z WARN  chromiumoxide::handler] WS Invalid message: data did not match any variant of untagged enum Message
[2026-09-10T00:05:27.141Z WARN  chromiumoxide::handler] WS Invalid message: data did not match any variant of untagged enum Message
[2026-09-10T00:05:27.142Z WARN  chromiumoxide::handler] WS Invalid message: data did not match any variant of untagged enum Message
[2026-09-10T00:05:27.728Z WARN  chromiumoxide::handler] WS Invalid message: data did not match any variant of untagged enum Message
[2026-09-10T00:05:28.457Z WARN  chromiumoxide::handler] WS Invalid message: data did not match any variant of untagged enum Message
[2026-09-10T00:05:28.906Z WARN  chromiumoxide::handler] WS Invalid message: data did not match any variant of untagged enum Message
[2026-09-10T00:05:28.906Z WARN  chromiumoxide::handler] WS Invalid message: data did not match any variant of untagged enum Message
[2026-09-10T00:05:30.739Z WARN  chromiumoxide::handler] WS Invalid message: data did not match any variant of untagged enum Message
[2026-09-10T00:05:30.739Z WARN  chromiumoxide::handler] WS Invalid message: data did not match any variant of untagged enum Message
[2026-09-10T00:05:30.739Z WARN  chromiumoxide::handler] WS Invalid message: data did not match any variant of untagged enum Message
00:00.000 Waiting
[2026-09-10T00:05:30.896Z WARN  chromiumoxide::handler] WS Invalid message: data did not match any variant of untagged enum Message
{"level":30,"time":1788998730898,"pid":197821,"hostname":"vps-15cf2c41","reqId":"req-53","req":{"method":"GET","url":"/api/v1/workspace/meta","host":"127.0.0.1:6540","remoteAddress":"127.0.0.1","remotePort":44644},"msg":"incoming request"}
{"level":30,"time":1788998730902,"pid":197821,"hostname":"vps-15cf2c41","reqId":"req-53","res":{"statusCode":200},"responseTime":2.6657799999811687,"msg":"request completed"}
[2026-09-10T00:05:30.905Z WARN  chromiumoxide::handler] WS Invalid message: data did not match any variant of untagged enum Message
[2026-09-10T00:05:30.911Z WARN  chromiumoxide::handler] WS Invalid message: data did not match any variant of untagged enum Message
[2026-09-10T00:05:30.911Z WARN  chromiumoxide::handler] WS Invalid message: data did not match any variant of untagged enum Message
{"level":30,"time":1788998730917,"pid":197821,"hostname":"vps-15cf2c41","reqId":"req-54","req":{"method":"GET","url":"/api/v1/workspace/meta","host":"127.0.0.1:6540","remoteAddress":"127.0.0.1","remotePort":44648},"msg":"incoming request"}
{"level":30,"time":1788998730920,"pid":197821,"hostname":"vps-15cf2c41","reqId":"req-54","res":{"statusCode":200},"responseTime":2.0185789999959525,"msg":"request completed"}
[2026-09-10T00:05:31.023Z WARN  chromiumoxide::handler] WS Invalid message: data did not match any variant of untagged enum Message
{"level":30,"time":1788998731024,"pid":197821,"hostname":"vps-15cf2c41","reqId":"req-55","req":{"method":"GET","url":"/api/v1/tree?path=.","host":"127.0.0.1:6540","remoteAddress":"127.0.0.1","remotePort":44660},"msg":"incoming request"}
[2026-09-10T00:05:31.031Z WARN  chromiumoxide::handler] WS Invalid message: data did not match any variant of untagged enum Message
{"level":30,"time":1788998731032,"pid":197821,"hostname":"vps-15cf2c41","reqId":"req-56","req":{"method":"PUT","url":"/api/v1/ui/state","host":"127.0.0.1:6540","remoteAddress":"127.0.0.1","remotePort":44676},"msg":"incoming request"}
{"level":30,"time":1788998731034,"pid":197821,"hostname":"vps-15cf2c41","reqId":"req-56","res":{"statusCode":204},"responseTime":1.3612940000020899,"msg":"request completed"}
{"level":30,"time":1788998731035,"pid":197821,"hostname":"vps-15cf2c41","reqId":"req-55","res":{"statusCode":200},"responseTime":10.368845000019064,"msg":"request completed"}
{"level":30,"time":1788998731047,"pid":197821,"hostname":"vps-15cf2c41","reqId":"req-57","req":{"method":"GET","url":"/api/v1/filesystems","host":"127.0.0.1:6540","remoteAddress":"127.0.0.1","remotePort":44690},"msg":"incoming request"}
{"level":30,"time":1788998731049,"pid":197821,"hostname":"vps-15cf2c41","reqId":"req-57","res":{"statusCode":200},"responseTime":1.0312140000169165,"msg":"request completed"}
[2026-09-10T00:05:31.049Z WARN  chromiumoxide::handler] WS Invalid message: data did not match any variant of untagged enum Message
[2026-09-10T00:05:31.056Z WARN  chromiumoxide::handler] WS Invalid message: data did not match any variant of untagged enum Message
{"level":30,"time":1788998731058,"pid":197821,"hostname":"vps-15cf2c41","reqId":"req-58","req":{"method":"GET","url":"/api/v1/agents","host":"127.0.0.1:6540","remoteAddress":"127.0.0.1","remotePort":44706},"msg":"incoming request"}
{"level":30,"time":1788998731059,"pid":197821,"hostname":"vps-15cf2c41","reqId":"req-58","res":{"statusCode":200},"responseTime":0.9132690000114962,"msg":"request completed"}
[2026-09-10T00:05:31.070Z WARN  chromiumoxide::handler] WS Invalid message: data did not match any variant of untagged enum Message
[2026-09-10T00:05:31.071Z WARN  chromiumoxide::handler] WS Invalid message: data did not match any variant of untagged enum Message
{"level":30,"time":1788998731072,"pid":197821,"hostname":"vps-15cf2c41","reqId":"req-59","req":{"method":"GET","url":"/api/v1/tree?path=.","host":"127.0.0.1:6540","remoteAddress":"127.0.0.1","remotePort":44716},"msg":"incoming request"}
{"level":30,"time":1788998731073,"pid":197821,"hostname":"vps-15cf2c41","reqId":"req-5a","req":{"method":"PUT","url":"/api/v1/ui/state","host":"127.0.0.1:6540","remoteAddress":"127.0.0.1","remotePort":44720},"msg":"incoming request"}
[2026-09-10T00:05:31.073Z WARN  chromiumoxide::handler] WS Invalid message: data did not match any variant of untagged enum Message
{"level":30,"time":1788998731074,"pid":197821,"hostname":"vps-15cf2c41","reqId":"req-5a","res":{"statusCode":204},"responseTime":0.7165139999997336,"msg":"request completed"}
{"level":30,"time":1788998731077,"pid":197821,"hostname":"vps-15cf2c41","reqId":"req-5b","req":{"method":"GET","url":"/api/v1/filesystems","host":"127.0.0.1:6540","remoteAddress":"127.0.0.1","remotePort":44730},"msg":"incoming request"}
{"level":30,"time":1788998731078,"pid":197821,"hostname":"vps-15cf2c41","reqId":"req-5b","res":{"statusCode":200},"responseTime":0.6087310000148136,"msg":"request completed"}
{"level":30,"time":1788998731084,"pid":197821,"hostname":"vps-15cf2c41","reqId":"req-59","res":{"statusCode":200},"responseTime":11.958271999988938,"msg":"request completed"}
00:00.320 Waiting
[2026-09-10T00:05:31.234Z WARN  chromiumoxide::handler] WS Invalid message: data did not match any variant of untagged enum Message
{"level":30,"time":1788998731235,"pid":197821,"hostname":"vps-15cf2c41","reqId":"req-5c","req":{"method":"GET","url":"/api/v1/fs/events?workspaceId=workspace","host":"127.0.0.1:6540","remoteAddress":"127.0.0.1","remotePort":44740},"msg":"incoming request"}
[2026-09-10T00:05:31.238Z WARN  chromiumoxide::handler] WS Invalid message: data did not match any variant of untagged enum Message
[2026-09-10T00:05:31.239Z WARN  chromiumoxide::handler] WS Invalid message: data did not match any variant of untagged enum Message
{"level":30,"time":1788998731241,"pid":197821,"hostname":"vps-15cf2c41","reqId":"req-5d","req":{"method":"GET","url":"/api/v1/ui/commands/next?workspaceId=workspace","host":"127.0.0.1:6540","remoteAddress":"127.0.0.1","remotePort":44750},"msg":"incoming request"}
{"level":30,"time":1788998731243,"pid":197821,"hostname":"vps-15cf2c41","reqId":"req-5e","req":{"method":"GET","url":"/api/v1/ui/state","host":"127.0.0.1:6540","remoteAddress":"127.0.0.1","remotePort":44762},"msg":"incoming request"}
{"level":30,"time":1788998731243,"pid":197821,"hostname":"vps-15cf2c41","reqId":"req-5e","res":{"statusCode":200},"responseTime":0.502386000007391,"msg":"request completed"}
{"level":30,"time":1788998731290,"pid":197821,"hostname":"vps-15cf2c41","reqId":"req-5f","req":{"method":"GET","url":"/api/v1/agents/alpha/sessions?limit=50&archived=active","host":"127.0.0.1:6540","remoteAddress":"127.0.0.1","remotePort":44778},"msg":"incoming request"}
[2026-09-10T00:05:31.289Z WARN  chromiumoxide::handler] WS Invalid message: data did not match any variant of untagged enum Message
[2026-09-10T00:05:31.297Z WARN  chromiumoxide::handler] WS Invalid message: data did not match any variant of untagged enum Message
[2026-09-10T00:05:31.298Z WARN  chromiumoxide::handler] WS Invalid message: data did not match any variant of untagged enum Message
{"level":30,"time":1788998731300,"pid":197821,"hostname":"vps-15cf2c41","reqId":"req-5g","req":{"method":"GET","url":"/api/v1/tree?path=.","host":"127.0.0.1:6540","remoteAddress":"127.0.0.1","remotePort":44794},"msg":"incoming request"}
{"level":30,"time":1788998731301,"pid":197821,"hostname":"vps-15cf2c41","reqId":"req-5h","req":{"method":"GET","url":"/api/v1/agents/alpha/ready-status","host":"127.0.0.1:6540","remoteAddress":"127.0.0.1","remotePort":44802},"msg":"incoming request"}
{"level":30,"time":1788998731311,"pid":197821,"hostname":"vps-15cf2c41","reqId":"req-5g","res":{"statusCode":200},"responseTime":10.648194000008516,"msg":"request completed"}
{"level":30,"time":1788998731319,"pid":197821,"hostname":"vps-15cf2c41","reqId":"req-5i","req":{"method":"GET","url":"/api/v1/tree?path=.","host":"127.0.0.1:6540","remoteAddress":"127.0.0.1","remotePort":44818},"msg":"incoming request"}
[2026-09-10T00:05:31.319Z WARN  chromiumoxide::handler] WS Invalid message: data did not match any variant of untagged enum Message
{"level":30,"time":1788998731324,"pid":197821,"hostname":"vps-15cf2c41","reqId":"req-5f","res":{"statusCode":200},"responseTime":33.61093799999799,"msg":"request completed"}
[2026-09-10T00:05:31.330Z WARN  chromiumoxide::handler] WS Invalid message: data did not match any variant of untagged enum Message
{"level":30,"time":1788998731334,"pid":197821,"hostname":"vps-15cf2c41","reqId":"req-5j","req":{"method":"GET","url":"/api/v1/agents/alpha/sessions?limit=50&archived=active","host":"127.0.0.1:6540","remoteAddress":"127.0.0.1","remotePort":44826},"msg":"incoming request"}
{"level":30,"time":1788998731338,"pid":197821,"hostname":"vps-15cf2c41","reqId":"req-5i","res":{"statusCode":200},"responseTime":18.640279000013834,"msg":"request completed"}
{"level":30,"time":1788998731345,"pid":197821,"hostname":"vps-15cf2c41","reqId":"req-5h","res":{"statusCode":200},"responseTime":43.70759899998666,"msg":"request completed"}
{"level":30,"time":1788998731357,"pid":197821,"hostname":"vps-15cf2c41","reqId":"req-5j","res":{"statusCode":200},"responseTime":22.164382999995723,"msg":"request completed"}
{"level":30,"time":1788998731360,"pid":197821,"hostname":"vps-15cf2c41","reqId":"req-5k","req":{"method":"GET","url":"/api/v1/agents/alpha/ready-status","host":"127.0.0.1:6540","remoteAddress":"127.0.0.1","remotePort":44836},"msg":"incoming request"}
[2026-09-10T00:05:31.362Z WARN  chromiumoxide::handler] WS Invalid message: data did not match any variant of untagged enum Message
{"level":30,"time":1788998731371,"pid":197821,"hostname":"vps-15cf2c41","reqId":"req-5k","res":{"statusCode":200},"responseTime":10.518649000005098,"msg":"request completed"}
{"level":30,"time":1788998731377,"pid":197821,"hostname":"vps-15cf2c41","reqId":"req-5l","req":{"method":"GET","url":"/api/v1/ui/state","host":"127.0.0.1:6540","remoteAddress":"127.0.0.1","remotePort":44844},"msg":"incoming request"}
[2026-09-10T00:05:31.378Z WARN  chromiumoxide::handler] WS Invalid message: data did not match any variant of untagged enum Message
{"level":30,"time":1788998731378,"pid":197821,"hostname":"vps-15cf2c41","reqId":"req-5l","res":{"statusCode":200},"responseTime":0.6956310000095982,"msg":"request completed"}
[2026-09-10T00:05:31.442Z WARN  chromiumoxide::handler] WS Invalid message: data did not match any variant of untagged enum Message
{"level":30,"time":1788998731444,"pid":197821,"hostname":"vps-15cf2c41","reqId":"req-5m","req":{"method":"GET","url":"/api/v1/agents/session-activity/events?workspaceId=workspace","host":"127.0.0.1:6540","remoteAddress":"127.0.0.1","remotePort":44848},"msg":"incoming request"}
00:00.594 Clicking <button> (x: 28.0, y: 30.0)
[2026-09-10T00:05:31.495Z WARN  chromiumoxide::handler] WS Invalid message: data did not match any variant of untagged enum Message
{"level":30,"time":1788998731497,"pid":197821,"hostname":"vps-15cf2c41","reqId":"req-5n","req":{"method":"POST","url":"/api/v1/workspace-bridge/call","host":"127.0.0.1:6540","remoteAddress":"127.0.0.1","remotePort":44852},"msg":"incoming request"}
{"level":30,"time":1788998731501,"pid":197821,"hostname":"vps-15cf2c41","reqId":"req-5n","res":{"statusCode":200},"responseTime":3.4133680000086315,"msg":"request completed"}
[2026-09-10T00:05:31.614Z WARN  chromiumoxide::handler] WS Invalid message: data did not match any variant of untagged enum Message
{"level":30,"time":1788998731700,"pid":197821,"hostname":"vps-15cf2c41","reqId":"req-5o","req":{"method":"GET","url":"/api/v1/agents/alpha/sessions?limit=50&archived=archived","host":"127.0.0.1:6540","remoteAddress":"127.0.0.1","remotePort":44860},"msg":"incoming request"}
[2026-09-10T00:05:31.702Z WARN  chromiumoxide::handler] WS Invalid message: data did not match any variant of untagged enum Message
{"level":30,"time":1788998731712,"pid":197821,"hostname":"vps-15cf2c41","reqId":"req-5o","res":{"statusCode":200},"responseTime":11.463171999988845,"msg":"request completed"}
00:01.010 Clicking <button> (x: 166.7, y: 82.0, content: "Search⌘K")

Reproduction finished!

Inspect the test results using:

  bombadil browser inspect /dev/shm/cpr-991/boring-ui-review-run.cyV2oF/replay-mobile.mZaC1m

verified Bombadil replay final state: cpr-05:workspace-command-palette:candidate:mobile:explore-0005-dialog-popover:775e03f9ceef
[WebServer] (!) Your Vite config uses features that are unsupported by `configLoader: 'native'`, which is planned to become the default in a future major version of Vite:
[WebServer]   - `__dirname` (vite.config.ts:9:59). Use `import.meta.dirname` instead
[WebServer]   - import "./src/server/dev" without a file extension (vite.config.ts:6:66). Add the file extension
[WebServer]   - import "./src/release-candidate-dist" without a file extension (vite.config.ts:7:50). Add the file extension
[WebServer]   - import "./testing/scriptedPiHarness" without a file extension (src/server/dev.ts:7:110). Add the file extension
[WebServer]   - import "../shared/showcaseSession" without a file extension (src/server/dev.ts:8:51). Add the file extension
[WebServer]   - import "./testing/twoAgentFleet" without a file extension (src/server/dev.ts:14:8). Add the file extension
[WebServer]   - import "./factoryAgents" without a file extension (src/server/dev.ts:17:41). Add the file extension
[WebServer]   - import "./playgroundAgentMode" without a file extension (src/server/dev.ts:18:44). Add the file extension
[WebServer]   - import "../shared/playgroundAgents" without a file extension (src/server/dev.ts:19:53). Add the file extension
[WebServer]   - import "../../shared/playgroundAgents" without a file extension (src/server/testing/twoAgentFleet.ts:2:48). Add the file extension
[WebServer] Set `VITE_CONFIG_NATIVE_IGNORE_WARNING=true` to suppress this warning.
[WebServer] 12:05:47 AM [vite] warning: `esbuild` option was specified by "vite:react-babel" plugin. This option is deprecated, please use `oxc` instead.
[WebServer] `optimizeDeps.rollupOptions` / `ssr.optimizeDeps.rollupOptions` is deprecated. Use `optimizeDeps.rolldownOptions` instead. Note that this option may be set by a plugin. Set VITE_DEPRECATION_TRACE=1 to see where it is called.
[WebServer] [vite:react-babel] We recommend switching to `@vitejs/plugin-react-oxc` for improved performance. More information at https://vite.dev/rolldown
[WebServer] (node:206325) ExperimentalWarning: SQLite is an experimental feature and might change at any time
[WebServer] (Use `node --trace-warnings ...` to show where the warning was created)
[WebServer] (node:206325) [BORING_WORKSPACE_BRIDGE_INSECURE_AUTH] Warning: createWorkspaceAgentServer is using createLocalCliBridgeAuthPolicy for WorkspaceBridge browser calls. This policy is unauthenticated, grants registered bridge capabilities to the fixed local principal, and is intended only for local/dev CLI usage. Provide workspaceBridge.browserAuthPolicy before exposing this server.

Running 1 test using 1 worker

  ✓  1 [chromium] › e2e/review.spec.ts:54:3 › UI review › captures and reviews workspace-command-palette (24.3s)

  1 passed (35.9s)
