{
  "schemaVersion": 1,
  "kind": "docker-runsc-cold-start-latency",
  "host": {
    "kernelRelease": "6.14.0-37-generic",
    "measuredAtUnixSeconds": 1784028040
  },
  "dropCachesUsed": true,
  "evidence": {
    "image": "node:20-slim",
    "imageDigest": "sha256:9da6b4e352d0d5c94963eba1832408f5b7b08839cd8be9b6610c05de5118c704",
    "command": "true",
    "methodology": "docker run --rm --runtime=RUNTIME node:20-slim true; wall-clock from spawn to exit via process.hrtime; n=20 per cell; 3 unrecorded warmups per runtime; cold drops page cache at batch head",
    "samples": [
      {
        "runtime": "runsc",
        "cacheState": "warm",
        "n": 20,
        "p50Ms": 707.39,
        "p95Ms": 777.81,
        "meanMs": 714.56,
        "minMs": 631.08,
        "maxMs": 778.81,
        "stdevMs": 46.97
      },
      {
        "runtime": "runsc",
        "cacheState": "cold",
        "n": 20,
        "p50Ms": 715.34,
        "p95Ms": 815.86,
        "meanMs": 732.18,
        "minMs": 620.96,
        "maxMs": 974.4,
        "stdevMs": 71.71
      },
      {
        "runtime": "runc",
        "cacheState": "warm",
        "n": 20,
        "p50Ms": 479.99,
        "p95Ms": 544.43,
        "meanMs": 478.61,
        "minMs": 399.88,
        "maxMs": 548.83,
        "stdevMs": 37.73
      },
      {
        "runtime": "runc",
        "cacheState": "cold",
        "n": 20,
        "p50Ms": 479.86,
        "p95Ms": 580.88,
        "meanMs": 483.31,
        "minMs": 357.93,
        "maxMs": 608.38,
        "stdevMs": 50.7
      }
    ]
  },
  "rawSamplesMs": {
    "runsc:warm": [
      631.078419,
      676.767076,
      652.751002,
      695.038531,
      774.563924,
      758.013225,
      777.759049,
      733.053814,
      777.596439,
      778.813411,
      704.03185,
      688.754748,
      678.127704,
      710.751645,
      669.364766,
      773.872189,
      682.354808,
      725.153898,
      654.550377,
      748.86595
    ],
    "runsc:cold": [
      974.39549,
      728.431104,
      706.574649,
      737.453418,
      759.871493,
      667.853857,
      705.650288,
      690.566451,
      692.51267,
      648.340955,
      715.333979,
      807.513368,
      620.957313,
      754.21358,
      768.852771,
      784.880986,
      695.887048,
      715.352807,
      773.078167,
      695.861257
    ],
    "runc:warm": [
      511.709372,
      399.884337,
      446.526686,
      456.75406,
      455.05145,
      485.074654,
      470.105796,
      431.362621,
      548.831202,
      486.690175,
      497.634357,
      493.347655,
      474.90699,
      502.744513,
      487.242261,
      544.199343,
      530.902568,
      454.342368,
      469.167101,
      425.663823
    ],
    "runc:cold": [
      608.380103,
      472.044917,
      446.46982,
      357.927123,
      480.783316,
      457.197419,
      434.524636,
      485.126716,
      514.993887,
      513.777333,
      489.008737,
      462.977567,
      498.523282,
      480.474859,
      476.548631,
      516.836388,
      479.238011,
      434.220107,
      579.42745,
      477.784332
    ]
  }
}
