{
  "schemaVersion": 1,
  "kind": "docker-runsc-cold-start-latency",
  "host": {
    "kernelRelease": "6.14.0-37-generic",
    "measuredAtUnixSeconds": 1784029038
  },
  "dropCachesUsed": true,
  "evidence": {
    "image": "node:20-slim",
    "imageDigest": "sha256:9da6b4e352d0d5c94963eba1832408f5b7b08839cd8be9b6610c05de5118c704",
    "command": "true",
    "methodology": "docker run --rm --runtime=RUNTIME node:20-slim true; wall-clock from spawn to exit via process.hrtime; n=20 per cell; 3 unrecorded warmups per runtime; cold drops page cache at batch head",
    "samples": [
      {
        "runtime": "runsc",
        "cacheState": "warm",
        "n": 20,
        "p50Ms": 737.57,
        "p95Ms": 809.02,
        "meanMs": 742.43,
        "minMs": 657.68,
        "maxMs": 850.95,
        "stdevMs": 45.25
      },
      {
        "runtime": "runsc",
        "cacheState": "cold",
        "n": 20,
        "p50Ms": 754.38,
        "p95Ms": 854.19,
        "meanMs": 753.02,
        "minMs": 631.3,
        "maxMs": 1054.37,
        "stdevMs": 88.47
      },
      {
        "runtime": "runc",
        "cacheState": "warm",
        "n": 20,
        "p50Ms": 468.58,
        "p95Ms": 574.13,
        "meanMs": 481.41,
        "minMs": 356.25,
        "maxMs": 596.05,
        "stdevMs": 60.87
      },
      {
        "runtime": "runc",
        "cacheState": "cold",
        "n": 20,
        "p50Ms": 471.98,
        "p95Ms": 566.42,
        "meanMs": 468.56,
        "minMs": 394.5,
        "maxMs": 634.07,
        "stdevMs": 62.58
      }
    ]
  },
  "rawSamplesMs": {
    "runsc:warm": [
      729.245402,
      728.256897,
      786.434418,
      726.208655,
      657.681164,
      700.732873,
      702.177725,
      757.613281,
      680.317499,
      755.058376,
      850.949515,
      763.138664,
      806.809766,
      745.888005,
      780.148763,
      723.265837,
      788.674112,
      758.51579,
      708.521307,
      699.030175
    ],
    "runsc:cold": [
      1054.367792,
      782.157297,
      774.779613,
      777.023086,
      710.909651,
      703.961661,
      631.302505,
      659.296521,
      705.377621,
      663.39992,
      668.063577,
      755.717444,
      728.962379,
      808.416221,
      690.842964,
      753.039312,
      791.039374,
      779.677848,
      778.464603,
      843.649788
    ],
    "runc:warm": [
      458.526959,
      435.120493,
      501.56989,
      464.276725,
      427.861815,
      400.259138,
      462.797843,
      514.481168,
      512.667894,
      440.486001,
      409.538978,
      356.253511,
      472.889857,
      462.386943,
      550.611437,
      488.754838,
      545.447691,
      572.978107,
      596.049672,
      555.304389
    ],
    "runc:cold": [
      634.066266,
      415.051156,
      416.01523,
      505.321474,
      501.191252,
      415.162789,
      405.641484,
      409.343716,
      415.691094,
      418.1327,
      404.84353,
      506.837931,
      495.595213,
      562.863083,
      476.808892,
      511.037097,
      536.479997,
      479.537837,
      467.145397,
      394.504585
    ]
  }
}
