
> @hachej/boring-ui-review-tools@0.0.1 ui:review <sandbox-root>/tools/ui-review
> tsx scripts/run-ui-review.mjs -- review workspace-command-palette --critic=fixture


> workspace-playground@0.0.1 build:deps <sandbox-root>/apps/workspace-playground
> pnpm --filter @hachej/boring-ui-kit build && pnpm --filter @hachej/boring-ui-plugin-cli build && pnpm --filter @hachej/boring-sandbox build && pnpm --filter @hachej/boring-bash build && pnpm --filter @hachej/boring-agent build && pnpm --filter @hachej/boring-pi build && pnpm --filter @hachej/boring-workspace build && pnpm --filter @hachej/boring-core build && pnpm --filter @hachej/boring-deck build && pnpm --filter @hachej/boring-ask-user build && pnpm --filter @hachej/boring-tasks build && pnpm --filter @hachej/boring-diagram build && pnpm --filter @hachej/boring-data-explorer build && pnpm --filter @hachej/boring-data-catalog build


> @hachej/boring-ui-kit@0.1.109 build <sandbox-root>/packages/ui
> tsup && node scripts/build-styles.mjs

CLI Building entry: {"index":"src/index.ts"}
CLI Using tsconfig: tsconfig.json
CLI tsup v8.5.1
CLI Using tsup config: <sandbox-root>/packages/ui/tsup.config.ts
CLI Target: es2022
CLI Cleaning output folder
ESM Build start
ESM dist/index.js 96.25 KB
ESM ⚡️ Build success in 293ms
DTS Build start
DTS ⚡️ Build success in 7944ms
DTS dist/index.d.ts 34.51 KB

> @hachej/boring-ui-plugin-cli@0.1.109 build <sandbox-root>/packages/plugin-cli
> tsup

CLI Building entry: {"index":"src/index.ts","bin":"src/bin.ts","plugin-sources":"src/server/pluginSources.ts"}
CLI Using tsconfig: tsconfig.json
CLI tsup v8.5.1
CLI Using tsup config: <sandbox-root>/packages/plugin-cli/tsup.config.ts
CLI Target: node20
CLI Cleaning output folder
ESM Build start
ESM dist/index.js          901.00 B
ESM dist/chunk-YUAML3DZ.js 43.52 KB
ESM dist/bin.js            265.00 B
ESM dist/plugin-sources.js 497.00 B
ESM dist/chunk-KTILPA2U.js 26.73 KB
ESM ⚡️ Build success in 52ms
DTS Build start
DTS ⚡️ Build success in 5296ms
DTS dist/bin.d.ts            20.00 B
DTS dist/plugin-sources.d.ts 3.60 KB
DTS dist/index.d.ts          4.45 KB

> @hachej/boring-sandbox@0.1.109 build <sandbox-root>/packages/boring-sandbox
> tsup

CLI Building entry: {"index":"src/index.ts","shared/index":"src/shared/index.ts","providers/index":"src/providers/index.ts","providers/direct/index":"src/providers/direct/index.ts","providers/bwrap/index":"src/providers/bwrap/index.ts","providers/node-workspace/index":"src/providers/node-workspace/index.ts","providers/blaxel/index":"src/providers/blaxel/index.ts","providers/vercel-sandbox/index":"src/providers/vercel-sandbox/index.ts","providers/runsc/index":"src/providers/runsc/index.ts","providers/remote-worker/index":"src/providers/remote-worker/index.ts"}
CLI Using tsconfig: tsconfig.json
CLI tsup v8.5.1
CLI Using tsup config: <sandbox-root>/packages/boring-sandbox/tsup.config.ts
CLI Target: es2022
CLI Cleaning output folder
ESM Build start
ESM dist/index.js                          19.35 KB
ESM dist/providers/direct/index.js         25.22 KB
ESM dist/shared/index.js                   19.35 KB
ESM dist/providers/bwrap/index.js          36.60 KB
ESM dist/providers/node-workspace/index.js 18.50 KB
ESM dist/providers/runsc/index.js          113.12 KB
ESM dist/providers/remote-worker/index.js  65.56 KB
ESM dist/providers/blaxel/index.js         74.90 KB
ESM dist/providers/vercel-sandbox/index.js 101.45 KB
ESM dist/providers/index.js                241.49 KB
ESM ⚡️ Build success in 137ms
DTS Build start
DTS ⚡️ Build success in 96922ms
DTS dist/providers/index.d.ts                      2.52 KB
DTS dist/providers/remote-worker/index.d.ts        5.26 KB
DTS dist/providers/blaxel/index.d.ts               2.04 KB
DTS dist/providers/node-workspace/index.d.ts       4.41 KB
DTS dist/providers/vercel-sandbox/index.d.ts       7.93 KB
DTS dist/providers/runsc/index.d.ts                23.47 KB
DTS dist/providers/bwrap/index.d.ts                2.10 KB
DTS dist/providers/direct/index.d.ts               666.00 B
DTS dist/shared/index.d.ts                         5.14 KB
DTS dist/index.d.ts                                4.32 KB
DTS dist/remoteWorkerProtocolV1-NU-MaJcz.d.ts      52.64 KB
DTS dist/qualificationBundle-BpxgRXzG.d.ts         16.09 KB
DTS dist/createBlaxelSandboxProvider-DNky2Rbo.d.ts 3.32 KB
DTS dist/providerV1-t-uEtu-o.d.ts                  11.26 KB
DTS dist/createRemoteWorkerProvider-G3u8nPAe.d.ts  4.67 KB
DTS dist/createVercelSandboxProvider-Bg12qM0D.d.ts 3.94 KB

> @hachej/boring-bash@0.1.109 build <sandbox-root>/packages/boring-bash
> tsup

CLI Building entry: {"index":"src/index.ts","agent/index":"src/agent/index.ts","shared/index":"src/shared/index.ts","server/index":"src/server/index.ts"}
CLI Using tsconfig: tsconfig.json
CLI tsup v8.5.1
CLI Using tsup config: <sandbox-root>/packages/boring-bash/tsup.config.ts
CLI Target: es2022
CLI Cleaning output folder
ESM Build start
ESM dist/index.js        2.49 KB
ESM dist/server/index.js 110.82 KB
ESM dist/agent/index.js  66.13 KB
ESM dist/shared/index.js 3.41 KB
ESM ⚡️ Build success in 83ms
DTS Build start
DTS ⚡️ Build success in 36415ms
DTS dist/agent/index.d.ts    7.65 KB
DTS dist/server/index.d.ts   24.76 KB
DTS dist/shared/index.d.ts   4.63 KB
DTS dist/index.d.ts          539.00 B
DTS dist/types-HnMSUqBc.d.ts 6.62 KB

> @hachej/boring-agent@0.1.109 build <sandbox-root>/packages/agent
> tsup && pnpm run build:assert

CLI Building entry: {"shared/index":"src/shared/index.ts","core/index":"src/core/index.ts","server/index":"src/server/index.ts","server/pi-session-readability":"src/server/harness/pi-coding-agent/sessionReadability.ts","server/agent-host/testing/gatewayConformance":"src/server/agent-host/testing/gatewayConformance.ts","server/agent-host/testing/compositionRouteProof":"src/server/agent-host/testing/compositionRouteProof.ts","server/worker/index":"src/server/worker/index.ts","front/index":"src/front/index.ts","front/artifacts":"src/front/artifacts.ts","eval/index":"src/eval/index.ts"}
CLI Using tsconfig: tsconfig.json
CLI tsup v8.5.1
CLI Using tsup config: <sandbox-root>/packages/agent/tsup.config.ts
CLI Target: es2022
CLI Cleaning output folder
ESM Build start
ESM dist/createHarness-WVOVOOJJ.js                          445.00 B
ESM dist/DebugDrawer-JNA43SVR.js                            139.00 B
ESM dist/chunk-6OANSUEI.js                                  47.63 KB
ESM dist/chunk-EDI7C4MR.js                                  112.07 KB
ESM dist/chunk-7XAOVFSN.js                                  664.00 B
ESM dist/chunk-N6THTH7P.js                                  2.78 KB
ESM dist/front/index.js                                     495.27 KB
ESM dist/chunk-YTUZFKB3.js                                  2.91 KB
ESM dist/chunk-4XOW57KJ.js                                  14.25 KB
ESM dist/chunk-2BGLZZ7T.js                                  174.00 B
ESM dist/chunk-MVKXLMH3.js                                  13.98 KB
ESM dist/chunk-YGRQ4Q5P.js                                  685.00 B
ESM dist/chunk-3JFPS2O6.js                                  5.57 KB
ESM dist/server/worker/index.js                             13.49 KB
ESM dist/core/index.js                                      21.44 KB
ESM dist/shared/index.js                                    6.54 KB
ESM dist/chunk-DGIHXIFQ.js                                  580.48 KB
ESM dist/eval/index.js                                      16.12 KB
ESM dist/front/artifacts.js                                 381.00 B
ESM dist/server/pi-session-readability.js                   940.00 B
ESM dist/server/index.js                                    6.19 KB
ESM dist/server/agent-host/testing/gatewayConformance.js    32.73 KB
ESM dist/server/agent-host/testing/compositionRouteProof.js 3.65 KB
ESM ⚡️ Build success in 424ms
DTS Build start
"buildBwrapArgs" and "createBwrapSandboxProvider" are imported from external module "@hachej/boring-sandbox/providers/bwrap" but never used in "host/sandbox.ts".
"createNodeWorkspace", "getBoringAgentPathEntries", "getBoringAgentRuntimeEnv" and "getBoringAgentRuntimePaths" are imported from external module "@hachej/boring-sandbox/providers/node-workspace" but never used in "host/sandbox.ts".
"createBlaxelSandboxProvider" and "BLAXEL_WORKSPACE_ROOT" are imported from external module "@hachej/boring-sandbox/providers/blaxel" but never used in "host/sandbox.ts".
"createDirectSandboxProvider" is imported from external module "@hachej/boring-sandbox/providers/direct" but never used in "host/sandbox.ts".
DTS ⚡️ Build success in 126607ms
DTS dist/core/index.d.ts                                      1.86 KB
DTS dist/server/agent-host/testing/compositionRouteProof.d.ts 312.00 B
DTS dist/server/agent-host/testing/gatewayConformance.d.ts    1.98 KB
DTS dist/server/pi-session-readability.d.ts                   501.00 B
DTS dist/eval/index.d.ts                                      8.97 KB
DTS dist/server/worker/index.d.ts                             3.05 KB
DTS dist/shared/index.d.ts                                    151.80 KB
DTS dist/front/index.d.ts                                     41.65 KB
DTS dist/server/index.d.ts                                    72.91 KB
DTS dist/front/artifacts.d.ts                                 1.83 KB
DTS dist/middleware-CaAEXpi5.d.ts                             3.17 KB
DTS dist/piChatSessionService-nvroRAVk.d.ts                   4.41 KB
DTS dist/file-search-C8G9Ca8V.d.ts                            4.19 KB
DTS dist/errors-CEU4iujR.d.ts                                 12.02 KB
DTS dist/sandbox-BMhut3kh.d.ts                                13.29 KB
DTS dist/harness-Ct0e4RWc.d.ts                                10.58 KB
DTS dist/piChatEvent-BUWIzw5l.d.ts                            63.86 KB
DTS dist/lease-nASWv2tU.d.ts                                  18.77 KB
DTS dist/types-fwlLd-cS.d.ts                                  41.86 KB

> @hachej/boring-agent@0.1.109 build:assert <sandbox-root>/packages/agent
> node ./scripts/assert-build-artifacts.mjs

build-artifacts: OK

> @hachej/boring-pi@0.1.13 build <sandbox-root>/packages/pi
> node scripts/assert-package.mjs

boring-pi package resources: OK

> @hachej/boring-workspace@0.1.109 build <sandbox-root>/packages/workspace
> tsup && vite build && node ./scripts/build-workspace-css.mjs && node ./scripts/assert-build-artifacts.mjs

CLI Building entry: {"app-server":"src/app/server/index.ts","server":"src/server/index.ts","runtime-server":"src/server/runtimeBackend/defineRuntimeServerPlugin.ts","shared":"src/shared/index.ts","bridge-client":"src/bridge-client/index.ts","events":"src/front/events/index.ts","plugin":"src/plugin.ts"}
CLI Using tsconfig: tsconfig.tsup.json
CLI tsup v8.5.1
CLI Using tsup config: <sandbox-root>/packages/workspace/tsup.config.ts
CLI Target: es2022
CLI Cleaning output folder
ESM Build start
ESM dist/bridge-client.js  14.60 KB
ESM dist/plugin.js         21.25 KB
ESM dist/events.js         2.96 KB
ESM dist/app-server.js     287.79 KB
ESM dist/shared.js         10.70 KB
ESM dist/runtime-server.js 1.12 KB
ESM dist/server.js         215.54 KB
ESM ⚡️ Build success in 142ms
DTS Build start
DTS ⚡️ Build success in 31455ms
DTS dist/app-server.d.ts                    22.10 KB
DTS dist/bridge-client.d.ts                 3.20 KB
DTS dist/events.d.ts                        7.32 KB
DTS dist/plugin.d.ts                        15.36 KB
DTS dist/server.d.ts                        38.49 KB
DTS dist/runtime-server.d.ts                2.12 KB
DTS dist/shared.d.ts                        11.84 KB
DTS dist/types-B1hDNDJf.d.ts                146.00 B
DTS dist/runtimeEnv-B8_Y4fhX.d.ts           20.92 KB
DTS dist/manifest-B3IoRf9m.d.ts             2.88 KB
DTS dist/surface-BppFFmNz.d.ts              5.29 KB
DTS dist/urlPane-D5wJ6ItF.d.ts              2.75 KB
DTS dist/agent-tool-Clfxoyef.d.ts           1.26 KB
DTS dist/workspace-bridge-rpc-BHsOJMlW.d.ts 5.41 KB
DTS dist/ui-bridge-DzjfAFqa.d.ts            2.36 KB
DTS dist/filesystem-BIUerwPV.d.ts           1.13 KB
(!) Your Vite config uses features that are unsupported by `configLoader: 'native'`, which is planned to become the default in a future major version of Vite:
  - `__dirname` (vite.config.ts:14:24). Use `import.meta.dirname` instead
Set `VITE_CONFIG_NATIVE_IGNORE_WARNING=true` to suppress this warning.
10:44:43 PM [vite] warning: `esbuild` option was specified by "vite:react-babel" plugin. This option is deprecated, please use `oxc` instead.
`optimizeDeps.rollupOptions` / `ssr.optimizeDeps.rollupOptions` is deprecated. Use `optimizeDeps.rolldownOptions` instead. Note that this option may be set by a plugin. Set VITE_DEPRECATION_TRACE=1 to see where it is called.
[vite:react-babel] We recommend switching to `@vitejs/plugin-react-oxc` for improved performance. More information at https://vite.dev/rolldown
vite v8.2.1 building client environment for production...
[2K
transforming...✓ 416 modules transformed.
rendering chunks...

[unplugin:dts] Start generate declaration files...
[unplugin:dts] Start bundling declaration files...

[unplugin:dts] Failed to load '@microsoft/api-extractor', have you installed it?


[unplugin:dts] Error occurred, skip bundle declaration files.

[unplugin:dts] Declaration files built in 50754ms.

computing gzip size...
dist/boring-workspace.css                    8.93 kB │ gzip:  1.90 kB
dist/loading.js                              0.10 kB │ gzip:  0.09 kB
dist/reloadEvent-Dm9lkxge.js                 0.12 kB │ gzip:  0.12 kB
dist/utils-BRcxFdrz.js                       0.18 kB │ gzip:  0.15 kB
dist/panel-C3f-tnSJ.js                       0.27 kB │ gzip:  0.16 kB
dist/filesystemErrorRedaction-DNGYs3Sy.js    0.29 kB │ gzip:  0.22 kB
dist/getFileIcon-DjXq4MdF.js                 0.67 kB │ gzip:  0.35 kB
dist/uiCommandBus-DxuPkZNB.js                0.67 kB │ gzip:  0.39 kB
dist/rolldown-runtime-B0aSnxlc.js            0.95 kB │ gzip:  0.52 kB
dist/toast-BPlCG87n.js                       1.10 kB │ gzip:  0.56 kB
dist/paneCollapseButton-qjVSS-Fu.js          1.20 kB │ gzip:  0.67 kB
dist/ControlTooltip-jsnk-JS3.js              1.31 kB │ gzip:  0.60 kB
dist/testing-e2e.js                          1.43 kB │ gzip:  0.79 kB
dist/MarkdownEditorPane-b2CFptTn.js          1.59 kB │ gzip:  0.86 kB
dist/selectors-BfOn6gAj.js                   1.73 kB │ gzip:  0.69 kB
dist/cornerChrome-CAKytsJM.js                1.80 kB │ gzip:  0.91 kB
dist/events-C96ZDGkP.js                      1.80 kB │ gzip:  0.85 kB
dist/ManagementOverlaySurface-BnHxUsem.js    2.53 kB │ gzip:  0.96 kB
dist/hooks-BXL2iNcf.js                       4.14 kB │ gzip:  1.51 kB
dist/ChatPaneStage-COgDmmlk.js               4.46 kB │ gzip:  1.72 kB
dist/useWorkspacePluginClient-DHk44NlO.js    4.81 kB │ gzip:  1.93 kB
dist/agentCapabilities-BmNe6PR0.js           5.75 kB │ gzip:  1.76 kB
dist/charts.js                               5.78 kB │ gzip:  2.00 kB
dist/MediaViewerPane-4xY-Pa2z.js             7.03 kB │ gzip:  2.30 kB
dist/FileTreePane-DAl2I9Jh.js                7.21 kB │ gzip:  2.33 kB
dist/HtmlViewerPane-DSgmMya9.js              9.24 kB │ gzip:  3.17 kB
dist/FileTree-DkOX84EH.js                   10.71 kB │ gzip:  3.79 kB
dist/CodeEditorPane-DfL8hZNN.js             11.73 kB │ gzip:  3.96 kB
dist/PluginErrorBoundary-BU0Wmxlm.js        11.97 kB │ gzip:  3.00 kB
dist/PluginsOverlay-7iE29v7s.js             12.08 kB │ gzip:  3.08 kB
dist/WorkspaceLoadingState-BhbStyyZ.js      12.70 kB │ gzip:  1.98 kB
dist/FilePaneShell-DOw2MzHg.js              13.18 kB │ gzip:  4.12 kB
dist/AgentPage-XdUnaOYa.js                  16.16 kB │ gzip:  3.69 kB
dist/DataProvider-CVMHGhQ2.js               16.19 kB │ gzip:  5.32 kB
dist/WorkbenchLeftPane-ruy2xcA5.js          16.80 kB │ gzip:  4.64 kB
dist/ChatPaneStageDock-CYHXZeAb.js          19.77 kB │ gzip:  5.45 kB
dist/AgentDetailsOverlay-Fp6It54S.js        21.08 kB │ gzip:  4.83 kB
dist/MarkdownEditor-BvzLuXac.js             31.74 kB │ gzip:  8.93 kB
dist/FileTreeView-DucJgLFg.js               41.19 kB │ gzip: 11.06 kB
dist/workspace.js                           41.61 kB │ gzip: 11.42 kB
dist/SurfaceShell-J_D_mt4d.js               48.50 kB │ gzip: 13.39 kB
dist/TopBar-rp9xOR2s.js                     51.35 kB │ gzip: 12.26 kB
dist/WorkspaceProvider-BK719tiI.js         154.23 kB │ gzip: 39.07 kB
dist/app-front.js                          205.70 kB │ gzip: 48.11 kB
dist/testing.js                            255.27 kB │ gzip: 44.65 kB

✓ built in 52.58s
[33m[PLUGIN_TIMINGS] [0mYour build spent 97% of 52.6s inside plugin hooks (51.1s).
Measured inside the callback, so queue time is excluded and time the callback itself awaited is not:
  - unplugin-dts buildStart (88%, 46.3s, 1 call)
  - unplugin-dts writeBundle (6%, 3.2s, 1 call)
  - unplugin-dts transform (2%, 1.3s, 416 calls)
See https://rolldown.rs/reference/InputOptions.checks#plugintimings for more details.

assert-build-artifacts: all 21 artifacts present

> @hachej/boring-core@0.1.109 build <sandbox-root>/packages/core
> tsup && pnpm run build:assert

CLI Building entry: {"server/index":"src/server/index.ts","server/db/index":"src/server/db/index.ts","app/server/index":"src/app/server/index.ts","app/front/index":"src/app/front/index.ts","app/vite/index":"src/app/vite/index.ts","front/index":"src/front/index.ts","front/top-bar-slot":"src/front/components/TopBarSlot.tsx","shared/index":"src/shared/index.ts"}
CLI Using tsconfig: tsconfig.json
CLI tsup v8.5.1
CLI Using tsup config: <sandbox-root>/packages/core/tsup.config.ts
CLI Target: es2022
CLI Cleaning output folder
ESM Build start
ESM dist/chunk-XKKVA3WR.js     121.22 KB
ESM dist/shared/index.js       857.00 B
ESM dist/chunk-HYNKZSTF.js     437.00 B
ESM dist/chunk-AQBXNPMD.js     254.00 B
ESM dist/chunk-YMWFQN6F.js     338.00 B
ESM dist/chunk-XFTE4MLH.js     155.00 B
ESM dist/chunk-H5XK7CBJ.js     150.28 KB
ESM dist/chunk-MLKGABMK.js     191.00 B
ESM dist/chunk-WYRJV2HL.js     2.68 KB
ESM dist/chunk-EEMKIN55.js     183.59 KB
ESM dist/chunk-I4PGL4ZD.js     488.00 B
ESM dist/server/db/index.js    739.00 B
ESM dist/app/server/index.js   87.70 KB
ESM dist/front/index.js        2.53 KB
ESM dist/app/front/index.js    73.87 KB
ESM dist/app/vite/index.js     786.00 B
ESM dist/front/top-bar-slot.js 159.00 B
ESM dist/server/index.js       77.65 KB
ESM ⚡️ Build success in 354ms
DTS Build start
"magicLinkClient" is imported from external module "better-auth/client/plugins" but never used in "src/front/auth/authClient.ts".
DTS ⚡️ Build success in 152722ms
DTS dist/app/front/index.d.ts                   15.13 KB
DTS dist/app/server/index.d.ts                  14.07 KB
DTS dist/app/vite/index.d.ts                    1.35 KB
DTS dist/front/index.d.ts                       22.03 KB
DTS dist/front/top-bar-slot.d.ts                295.00 B
DTS dist/server/db/index.d.ts                   13.88 KB
DTS dist/server/index.d.ts                      48.40 KB
DTS dist/shared/index.d.ts                      3.38 KB
DTS dist/CoreFront-DB1OfNJU.d.ts                2.42 KB
DTS dist/loadConfig-J4PFyqIL.d.ts               6.80 KB
DTS dist/PostgresModelBudgetStore-CDH684E7.d.ts 16.58 KB
DTS dist/types-uiSO8ppZ.d.ts                    10.78 KB
DTS dist/telemetry-DR18MeI0.d.ts                466.00 B
DTS dist/types-brYS1KDl.d.ts                    10.69 KB

> @hachej/boring-core@0.1.109 build:assert <sandbox-root>/packages/core
> node ./scripts/assert-build-artifacts.mjs

assert-build-artifacts: all 10 exported artifact(s) present, 4 stylesheet(s) with resolvable @imports

> @hachej/boring-deck@0.1.109 build <sandbox-root>/plugins/deck
> tsup

CLI Building entry: {"front/index":"src/front/index.tsx","shared/index":"src/shared/index.ts"}
CLI Using tsconfig: tsconfig.json
CLI tsup v8.5.1
CLI Using tsup config: <sandbox-root>/plugins/deck/tsup.config.ts
CLI Target: es2022
CLI Cleaning output folder
ESM Build start
ESM dist/front/index.js  38.25 KB
ESM dist/shared/index.js 8.25 KB
ESM ⚡️ Build success in 65ms
DTS Build start
DTS ⚡️ Build success in 30460ms
DTS dist/front/index.d.ts    1.76 KB
DTS dist/shared/index.d.ts   961.00 B
DTS dist/types-Dt_A9RNg.d.ts 1.57 KB

> @hachej/boring-ask-user@0.1.109 build <sandbox-root>/plugins/ask-user
> tsup

CLI Building entry: {"front/index":"src/front/index.tsx","server/index":"src/server/index.ts","shared/index":"src/shared/index.ts"}
CLI Using tsconfig: tsconfig.json
CLI tsup v8.5.1
CLI Using tsup config: <sandbox-root>/plugins/ask-user/tsup.config.ts
CLI Target: es2022
CLI Cleaning output folder
ESM Build start
ESM dist/front/index.js  116.68 KB
ESM dist/shared/index.js 15.86 KB
ESM dist/server/index.js 81.55 KB
ESM ⚡️ Build success in 164ms
DTS Build start
DTS ⚡️ Build success in 42110ms
DTS dist/front/index.d.ts    854.00 B
DTS dist/server/index.d.ts   14.18 KB
DTS dist/shared/index.d.ts   121.45 KB
DTS dist/types-x1DmGJF4.d.ts 6.52 KB

> @hachej/boring-tasks@0.1.109 build <sandbox-root>/plugins/tasks
> tsup --config tsup.config.ts && tsup --config tsup.descriptor.config.ts && node scripts/assert-declarations.mjs

CLI Building entry: {"front/index":"src/front/index.tsx","server/index":"src/server/index.ts","shared/index":"src/shared/index.ts"}
CLI Using tsconfig: tsconfig.json
CLI tsup v8.5.1
CLI Using tsup config: <sandbox-root>/plugins/tasks/tsup.config.ts
CLI Target: es2022
CLI Cleaning output folder
ESM Build start
ESM dist/front/index.js  143.51 KB
ESM dist/shared/index.js 4.89 KB
ESM dist/server/index.js 102.42 KB
ESM ⚡️ Build success in 146ms
DTS Build start
DTS ⚡️ Build success in 62617ms
DTS dist/front/index.d.ts  2.63 KB
DTS dist/server/index.d.ts 11.43 KB
DTS dist/shared/index.d.ts 7.77 KB
CLI Building entry: {"front/descriptor":"src/front/descriptor.tsx"}
CLI Using tsconfig: tsconfig.json
CLI tsup v8.5.1
CLI Using tsup config: <sandbox-root>/plugins/tasks/tsup.descriptor.config.ts
CLI Target: es2022
ESM Build start
ESM dist/front/descriptor.js      3.89 KB
ESM dist/TasksOverlay-ILOTZDWQ.js 128.39 KB
ESM ⚡️ Build success in 77ms
DTS Build start
DTS ⚡️ Build success in 30861ms
DTS dist/front/descriptor.d.ts 172.00 B
tasks declarations: root, front, and front/descriptor types resolve through emitted/public paths

> @hachej/boring-diagram@0.1.109 build <sandbox-root>/plugins/diagram
> tsup

CLI Building entry: {"front/index":"src/front/index.tsx","server/index":"src/server/index.ts","shared/index":"src/shared/index.ts"}
CLI Using tsconfig: tsconfig.json
CLI tsup v8.5.1
CLI Using tsup config: <sandbox-root>/plugins/diagram/tsup.config.ts
CLI Target: es2022
CLI Cleaning output folder
ESM Build start
ESM dist/front/index.js  47.05 KB
ESM dist/server/index.js 12.08 KB
ESM dist/shared/index.js 845.00 B
ESM ⚡️ Build success in 51ms
DTS Build start
DTS ⚡️ Build success in 53254ms
DTS dist/front/index.d.ts  185.00 B
DTS dist/server/index.d.ts 384.00 B
DTS dist/shared/index.d.ts 424.00 B

> @hachej/boring-data-explorer@0.1.109 build <sandbox-root>/plugins/data-explorer
> tsup

CLI Building entry: {"front/index":"src/front/index.ts","shared/index":"src/shared/index.ts","testing/index":"src/testing/index.ts"}
CLI Using tsconfig: tsconfig.json
CLI tsup v8.5.1
CLI Using tsup config: <sandbox-root>/plugins/data-explorer/tsup.config.ts
CLI Target: es2022
CLI Cleaning output folder
ESM Build start
ESM dist/shared/index.js  0 B
ESM dist/front/index.js   25.36 KB
ESM dist/testing/index.js 4.81 KB
ESM ⚡️ Build success in 47ms
DTS Build start
DTS ⚡️ Build success in 7313ms
DTS dist/testing/index.d.ts 248.00 B
DTS dist/front/index.d.ts   3.88 KB
DTS dist/shared/index.d.ts  2.19 KB

> @hachej/boring-data-catalog@0.1.109 build <sandbox-root>/plugins/data-catalog
> tsup

CLI Building entry: {"front/index":"src/front/index.tsx","server/index":"src/server/index.ts","shared/index":"src/shared/index.ts"}
CLI Using tsconfig: tsconfig.json
CLI tsup v8.5.1
CLI Using tsup config: <sandbox-root>/plugins/data-catalog/tsup.config.ts
CLI Target: es2022
CLI Cleaning output folder
ESM Build start
ESM dist/server/index.js 4.67 KB
ESM dist/shared/index.js 296.00 B
ESM dist/front/index.js  10.63 KB
ESM ⚡️ Build success in 41ms
DTS Build start
DTS ⚡️ Build success in 51493ms
DTS dist/server/index.d.ts 1.29 KB
DTS dist/front/index.d.ts  5.59 KB
DTS dist/shared/index.d.ts 294.00 B
(!) Your Vite config uses features that are unsupported by `configLoader: 'native'`, which is planned to become the default in a future major version of Vite:
  - `__dirname` (vite.config.ts:9:59). Use `import.meta.dirname` instead
  - import "./src/server/dev" without a file extension (vite.config.ts:6:66). Add the file extension
  - import "./src/release-candidate-dist" without a file extension (vite.config.ts:7:50). Add the file extension
  - import "./testing/scriptedPiHarness" without a file extension (src/server/dev.ts:7:110). Add the file extension
  - import "../shared/showcaseSession" without a file extension (src/server/dev.ts:8:51). Add the file extension
  - import "./testing/twoAgentFleet" without a file extension (src/server/dev.ts:14:8). Add the file extension
  - import "./factoryAgents" without a file extension (src/server/dev.ts:17:41). Add the file extension
  - import "./playgroundAgentMode" without a file extension (src/server/dev.ts:18:44). Add the file extension
  - import "../shared/playgroundAgents" without a file extension (src/server/dev.ts:19:53). Add the file extension
  - import "../../shared/playgroundAgents" without a file extension (src/server/testing/twoAgentFleet.ts:2:48). Add the file extension
Set `VITE_CONFIG_NATIVE_IGNORE_WARNING=true` to suppress this warning.
10:53:25 PM [vite] warning: `esbuild` option was specified by "vite:react-babel" plugin. This option is deprecated, please use `oxc` instead.
`optimizeDeps.rollupOptions` / `ssr.optimizeDeps.rollupOptions` is deprecated. Use `optimizeDeps.rolldownOptions` instead. Note that this option may be set by a plugin. Set VITE_DEPRECATION_TRACE=1 to see where it is called.
[vite:react-babel] We recommend switching to `@vitejs/plugin-react-oxc` for improved performance. More information at https://vite.dev/rolldown
[workspace-playground] workspace root: /dev/shm/cpr-176/boring-ui-review-run.jYFVHO/isolation/workspace
[workspace-playground] runtime mode: local
(node:49295) ExperimentalWarning: SQLite is an experimental feature and might change at any time
(Use `node --trace-warnings ...` to show where the warning was created)
(node:49295) [BORING_WORKSPACE_BRIDGE_INSECURE_AUTH] Warning: createWorkspaceAgentServer is using createLocalCliBridgeAuthPolicy for WorkspaceBridge browser calls. This policy is unauthenticated, grants registered bridge capabilities to the fixed local principal, and is intended only for local/dev CLI usage. Provide workspaceBridge.browserAuthPolicy before exposing this server.
{"level":30,"time":1788994407864,"pid":49295,"hostname":"vps-15cf2c41","msg":"Server listening at http://127.0.0.1:6140"}

  VITE v8.2.1  ready in 7601 ms

  ➜  Local:   http://127.0.0.1:6130/
[33mWarning: Invalid input options (1 issue found)
- For the "jsx". Invalid key: Expected never but received "jsx". [0m
[33mWarning: Invalid input options (1 issue found)
- For the "jsx". Invalid key: Expected never but received "jsx". [0m
[33mWarning: Invalid input options (1 issue found)
- For the "jsx". Invalid key: Expected never but received "jsx". [0m
10:53:30 PM [vite] (client) [optimizer] bundling dependencies...
[33mWarning: Invalid input options (1 issue found)
- For the "jsx". Invalid key: Expected never but received "jsx". [0m
10:53:32 PM [vite] (client) [optimizer] bundling dependencies...
[33mWarning: Invalid input options (1 issue found)
- For the "jsx". Invalid key: Expected never but received "jsx". [0m
10:53:36 PM [vite] (client) [optimizer] bundling dependencies...
10:53:42 PM [vite] (client) dependencies optimized: @codemirror/commands, @codemirror/lang-javascript, @codemirror/lang-json, @codemirror/lang-markdown, @codemirror/lang-python, @codemirror/lang-sql, @codemirror/lang-yaml, @codemirror/language, @codemirror/search, @codemirror/state, @codemirror/view, @excalidraw/excalidraw, @lezer/highlight, @radix-ui/react-alert-dialog, @radix-ui/react-checkbox, @radix-ui/react-collapsible, @radix-ui/react-dialog, @radix-ui/react-dropdown-menu, @radix-ui/react-hover-card, @radix-ui/react-label, @radix-ui/react-popover, @radix-ui/react-scroll-area, @radix-ui/react-select, @radix-ui/react-separator, @radix-ui/react-slot, @radix-ui/react-tabs, @radix-ui/react-tooltip, @radix-ui/react-use-controllable-state, @streamdown/cjk, @streamdown/code, @streamdown/math, @streamdown/mermaid, @tanstack/react-query, @tiptap/extension-code-block-lowlight, @tiptap/extension-highlight, @tiptap/extension-image, @tiptap/extension-link, @tiptap/extension-placeholder, @tiptap/extension-table-cell, @tiptap/extension-table-header, @tiptap/extension-table-row, @tiptap/extension-table, @tiptap/extension-task-item, @tiptap/extension-task-list, @tiptap/extension-text-align, @tiptap/extension-underline, @tiptap/markdown, @tiptap/react, @tiptap/starter-kit, class-variance-authority, clsx, cmdk, diff, dnd-core, dockview-react, lowlight, lucide-react, motion/react, nanoid, react-arborist, react-dnd-html5-backend, react-markdown, remark-gfm, shiki, streamdown, tailwind-merge, use-stick-to-bottom, zod, zustand, zustand/middleware
10:53:42 PM [vite] (client) optimized dependencies changed. reloading
{"level":30,"time":1788994447551,"pid":49295,"hostname":"vps-15cf2c41","reqId":"req-1","req":{"method":"GET","url":"/api/v1/workspace/meta","host":"127.0.0.1:6140","remoteAddress":"127.0.0.1","remotePort":59030},"msg":"incoming request"}
{"level":40,"time":1788994447553,"pid":49295,"hostname":"vps-15cf2c41","reqId":"req-1","msg":"No auth token set — running in dev mode"}
{"level":30,"time":1788994447559,"pid":49295,"hostname":"vps-15cf2c41","reqId":"req-1","res":{"statusCode":200},"responseTime":5.482721000000311,"msg":"request completed"}
{"level":30,"time":1788994447587,"pid":49295,"hostname":"vps-15cf2c41","reqId":"req-2","req":{"method":"GET","url":"/api/v1/workspace/meta","host":"127.0.0.1:6140","remoteAddress":"127.0.0.1","remotePort":59038},"msg":"incoming request"}
{"level":30,"time":1788994447588,"pid":49295,"hostname":"vps-15cf2c41","reqId":"req-2","res":{"statusCode":200},"responseTime":0.9402420000042184,"msg":"request completed"}
{"level":30,"time":1788994447725,"pid":49295,"hostname":"vps-15cf2c41","reqId":"req-3","req":{"method":"GET","url":"/api/v1/tree?path=.","host":"127.0.0.1:6140","remoteAddress":"127.0.0.1","remotePort":59048},"msg":"incoming request"}
{"level":30,"time":1788994448137,"pid":49295,"hostname":"vps-15cf2c41","reqId":"req-4","req":{"method":"PUT","url":"/api/v1/ui/state","host":"127.0.0.1:6140","remoteAddress":"127.0.0.1","remotePort":59064},"msg":"incoming request"}
{"level":30,"time":1788994448149,"pid":49295,"hostname":"vps-15cf2c41","reqId":"req-4","res":{"statusCode":204},"responseTime":11.7772530000002,"msg":"request completed"}
{"level":30,"time":1788994448157,"pid":49295,"hostname":"vps-15cf2c41","reqId":"req-5","req":{"method":"GET","url":"/api/v1/filesystems","host":"127.0.0.1:6140","remoteAddress":"127.0.0.1","remotePort":59078},"msg":"incoming request"}
{"level":30,"time":1788994448167,"pid":49295,"hostname":"vps-15cf2c41","reqId":"req-6","req":{"method":"GET","url":"/api/v1/agents","host":"127.0.0.1:6140","remoteAddress":"127.0.0.1","remotePort":59082},"msg":"incoming request"}
{"level":30,"time":1788994448170,"pid":49295,"hostname":"vps-15cf2c41","reqId":"req-6","res":{"statusCode":200},"responseTime":2.9552760000005946,"msg":"request completed"}
{"level":30,"time":1788994448179,"pid":49295,"hostname":"vps-15cf2c41","reqId":"req-7","req":{"method":"PUT","url":"/api/v1/ui/state","host":"127.0.0.1:6140","remoteAddress":"127.0.0.1","remotePort":59088},"msg":"incoming request"}
{"level":30,"time":1788994448182,"pid":49295,"hostname":"vps-15cf2c41","reqId":"req-7","res":{"statusCode":204},"responseTime":3.25978199999372,"msg":"request completed"}
{"level":30,"time":1788994448190,"pid":49295,"hostname":"vps-15cf2c41","reqId":"req-8","req":{"method":"GET","url":"/api/v1/filesystems","host":"127.0.0.1:6140","remoteAddress":"127.0.0.1","remotePort":59094},"msg":"incoming request"}
{"level":30,"time":1788994448196,"pid":49295,"hostname":"vps-15cf2c41","reqId":"req-9","req":{"method":"GET","url":"/api/v1/fs/events?workspaceId=workspace","host":"127.0.0.1:6140","remoteAddress":"127.0.0.1","remotePort":59106},"msg":"incoming request"}
{"level":30,"time":1788994448203,"pid":49295,"hostname":"vps-15cf2c41","reqId":"req-a","req":{"method":"GET","url":"/api/v1/ui/state","host":"127.0.0.1:6140","remoteAddress":"127.0.0.1","remotePort":59108},"msg":"incoming request"}
{"level":30,"time":1788994448204,"pid":49295,"hostname":"vps-15cf2c41","reqId":"req-a","res":{"statusCode":200},"responseTime":1.2433040000032634,"msg":"request completed"}
{"level":30,"time":1788994448208,"pid":49295,"hostname":"vps-15cf2c41","reqId":"req-b","req":{"method":"GET","url":"/api/v1/ui/commands/next?workspaceId=workspace","host":"127.0.0.1:6140","remoteAddress":"127.0.0.1","remotePort":59116},"msg":"incoming request"}
{"level":30,"time":1788994448214,"pid":49295,"hostname":"vps-15cf2c41","reqId":"req-c","req":{"method":"GET","url":"/api/v1/tree?path=.","host":"127.0.0.1:6140","remoteAddress":"127.0.0.1","remotePort":59120},"msg":"incoming request"}
{"level":30,"time":1788994448245,"pid":49295,"hostname":"vps-15cf2c41","reqId":"req-8","res":{"statusCode":200},"responseTime":53.06841699999495,"msg":"request completed"}
{"level":30,"time":1788994448260,"pid":49295,"hostname":"vps-15cf2c41","reqId":"req-d","req":{"method":"GET","url":"/api/v1/agents/alpha/sessions?limit=50&archived=active","host":"127.0.0.1:6140","remoteAddress":"127.0.0.1","remotePort":59122},"msg":"incoming request"}
{"level":30,"time":1788994448278,"pid":49295,"hostname":"vps-15cf2c41","reqId":"req-e","req":{"method":"GET","url":"/api/v1/agents/alpha/ready-status","host":"127.0.0.1:6140","remoteAddress":"127.0.0.1","remotePort":59130},"msg":"incoming request"}
{"level":30,"time":1788994448297,"pid":49295,"hostname":"vps-15cf2c41","reqId":"req-c","res":{"statusCode":200},"responseTime":82.39189400000032,"msg":"request completed"}
{"level":30,"time":1788994448325,"pid":49295,"hostname":"vps-15cf2c41","reqId":"req-f","req":{"method":"GET","url":"/api/v1/agents/alpha/ready-status","host":"127.0.0.1:6140","remoteAddress":"127.0.0.1","remotePort":59134},"msg":"incoming request"}
{"level":30,"time":1788994448328,"pid":49295,"hostname":"vps-15cf2c41","reqId":"req-g","req":{"method":"GET","url":"/api/v1/tree?path=.","host":"127.0.0.1:6140","remoteAddress":"127.0.0.1","remotePort":59140},"msg":"incoming request"}
{"level":30,"time":1788994448329,"pid":49295,"hostname":"vps-15cf2c41","reqId":"req-h","req":{"method":"GET","url":"/api/v1/ui/state","host":"127.0.0.1:6140","remoteAddress":"127.0.0.1","remotePort":59150},"msg":"incoming request"}
{"level":30,"time":1788994448330,"pid":49295,"hostname":"vps-15cf2c41","reqId":"req-h","res":{"statusCode":200},"responseTime":0.5386360000047716,"msg":"request completed"}
{"level":30,"time":1788994448347,"pid":49295,"hostname":"vps-15cf2c41","reqId":"req-g","res":{"statusCode":200},"responseTime":18.242400000002817,"msg":"request completed"}
{"level":30,"time":1788994448347,"pid":49295,"hostname":"vps-15cf2c41","reqId":"req-i","req":{"method":"POST","url":"/api/v1/workspace-bridge/call","host":"127.0.0.1:6140","remoteAddress":"127.0.0.1","remotePort":59162},"msg":"incoming request"}
{"level":30,"time":1788994448353,"pid":49295,"hostname":"vps-15cf2c41","reqId":"req-i","res":{"statusCode":200},"responseTime":5.476308999997855,"msg":"request completed"}
{"level":30,"time":1788994448378,"pid":49295,"hostname":"vps-15cf2c41","reqId":"req-d","res":{"statusCode":200},"responseTime":117.26393700000335,"msg":"request completed"}
{"level":30,"time":1788994448383,"pid":49295,"hostname":"vps-15cf2c41","reqId":"req-f","res":{"statusCode":200},"responseTime":57.29356800000096,"msg":"request completed"}
{"level":30,"time":1788994448386,"pid":49295,"hostname":"vps-15cf2c41","reqId":"req-j","req":{"method":"GET","url":"/api/v1/agents/alpha/sessions?limit=50&archived=active","host":"127.0.0.1:6140","remoteAddress":"127.0.0.1","remotePort":59178},"msg":"incoming request"}
{"level":30,"time":1788994448397,"pid":49295,"hostname":"vps-15cf2c41","reqId":"req-j","res":{"statusCode":200},"responseTime":10.274205999994592,"msg":"request completed"}
{"level":30,"time":1788994448504,"pid":49295,"hostname":"vps-15cf2c41","reqId":"req-k","req":{"method":"GET","url":"/api/v1/agents/alpha/sessions?limit=50&archived=archived","host":"127.0.0.1:6140","remoteAddress":"127.0.0.1","remotePort":59190},"msg":"incoming request"}
{"level":30,"time":1788994448510,"pid":49295,"hostname":"vps-15cf2c41","reqId":"req-l","req":{"method":"GET","url":"/api/v1/agents/session-activity/events?workspaceId=workspace","host":"127.0.0.1:6140","remoteAddress":"127.0.0.1","remotePort":59202},"msg":"incoming request"}
{"level":30,"time":1788994448523,"pid":49295,"hostname":"vps-15cf2c41","reqId":"req-k","res":{"statusCode":200},"responseTime":18.668353000000934,"msg":"request completed"}
{"level":30,"time":1788994450554,"pid":49295,"hostname":"vps-15cf2c41","reqId":"req-m","req":{"method":"POST","url":"/api/v1/agents/alpha/sessions","host":"127.0.0.1:6140","remoteAddress":"127.0.0.1","remotePort":59208},"msg":"incoming request"}
{"level":30,"time":1788994450577,"pid":49295,"hostname":"vps-15cf2c41","reqId":"req-m","res":{"statusCode":201},"responseTime":22.95895699999528,"msg":"request completed"}
{"level":30,"time":1788994450621,"pid":49295,"hostname":"vps-15cf2c41","reqId":"req-n","req":{"method":"GET","url":"/api/v1/agents/alpha/sessions?limit=50&archived=active","host":"127.0.0.1:6140","remoteAddress":"127.0.0.1","remotePort":59224},"msg":"incoming request"}
{"level":30,"time":1788994450651,"pid":49295,"hostname":"vps-15cf2c41","reqId":"req-n","res":{"statusCode":200},"responseTime":29.463114999998652,"msg":"request completed"}
{"level":30,"time":1788994450668,"pid":49295,"hostname":"vps-15cf2c41","reqId":"req-o","req":{"method":"GET","url":"/api/v1/ui/state","host":"127.0.0.1:6140","remoteAddress":"127.0.0.1","remotePort":59228},"msg":"incoming request"}
{"level":30,"time":1788994450669,"pid":49295,"hostname":"vps-15cf2c41","reqId":"req-o","res":{"statusCode":200},"responseTime":0.6733220000023721,"msg":"request completed"}
{"level":30,"time":1788994450680,"pid":49295,"hostname":"vps-15cf2c41","reqId":"req-p","req":{"method":"GET","url":"/api/v1/agents/alpha/sessions?limit=50&archived=archived","host":"127.0.0.1:6140","remoteAddress":"127.0.0.1","remotePort":59242},"msg":"incoming request"}
{"level":30,"time":1788994450688,"pid":49295,"hostname":"vps-15cf2c41","reqId":"req-q","req":{"method":"POST","url":"/api/v1/workspace-bridge/call","host":"127.0.0.1:6140","remoteAddress":"127.0.0.1","remotePort":59250},"msg":"incoming request"}
{"level":30,"time":1788994450690,"pid":49295,"hostname":"vps-15cf2c41","reqId":"req-q","res":{"statusCode":200},"responseTime":2.206285000000207,"msg":"request completed"}
{"level":30,"time":1788994450703,"pid":49295,"hostname":"vps-15cf2c41","reqId":"req-p","res":{"statusCode":200},"responseTime":22.73877199999697,"msg":"request completed"}
{"level":30,"time":1788994450786,"pid":49295,"hostname":"vps-15cf2c41","reqId":"req-r","req":{"method":"GET","url":"/api/v1/agents/session-activity/events?workspaceId=workspace","host":"127.0.0.1:6140","remoteAddress":"127.0.0.1","remotePort":59254},"msg":"incoming request"}
{"level":30,"time":1788994451635,"pid":49295,"hostname":"vps-15cf2c41","reqId":"req-s","req":{"method":"PUT","url":"/api/v1/ui/state","host":"127.0.0.1:6140","remoteAddress":"127.0.0.1","remotePort":59264},"msg":"incoming request"}
{"level":30,"time":1788994451637,"pid":49295,"hostname":"vps-15cf2c41","reqId":"req-s","res":{"statusCode":204},"responseTime":1.1189010000016424,"msg":"request completed"}
{"level":30,"time":1788994451646,"pid":49295,"hostname":"vps-15cf2c41","reqId":"req-t","req":{"method":"GET","url":"/api/v1/agents/alpha/models","host":"127.0.0.1:6140","remoteAddress":"127.0.0.1","remotePort":59278},"msg":"incoming request"}
{"level":30,"time":1788994451654,"pid":49295,"hostname":"vps-15cf2c41","reqId":"req-u","req":{"method":"GET","url":"/api/v1/agents/alpha/commands?sessionId=scripted-main","host":"127.0.0.1:6140","remoteAddress":"127.0.0.1","remotePort":59284},"msg":"incoming request"}
{"level":30,"time":1788994451658,"pid":49295,"hostname":"vps-15cf2c41","reqId":"req-v","req":{"method":"GET","url":"/api/v1/workspace/meta","host":"127.0.0.1:6140","remoteAddress":"127.0.0.1","remotePort":59300},"msg":"incoming request"}
{"level":30,"time":1788994451658,"pid":49295,"hostname":"vps-15cf2c41","reqId":"req-v","res":{"statusCode":200},"responseTime":0.6137159999998403,"msg":"request completed"}
{"level":30,"time":1788994451666,"pid":49295,"hostname":"vps-15cf2c41","reqId":"req-w","req":{"method":"GET","url":"/api/v1/workspace/meta","host":"127.0.0.1:6140","remoteAddress":"127.0.0.1","remotePort":59306},"msg":"incoming request"}
{"level":30,"time":1788994451666,"pid":49295,"hostname":"vps-15cf2c41","reqId":"req-w","res":{"statusCode":200},"responseTime":0.48911000000225613,"msg":"request completed"}
{"level":30,"time":1788994451683,"pid":49295,"hostname":"vps-15cf2c41","reqId":"req-t","res":{"statusCode":200},"responseTime":36.65402500000346,"msg":"request completed"}
{"level":30,"time":1788994451692,"pid":49295,"hostname":"vps-15cf2c41","reqId":"req-x","req":{"method":"GET","url":"/api/v1/agents/alpha/models","host":"127.0.0.1:6140","remoteAddress":"127.0.0.1","remotePort":59310},"msg":"incoming request"}
{"level":30,"time":1788994451697,"pid":49295,"hostname":"vps-15cf2c41","reqId":"req-u","res":{"statusCode":200},"responseTime":42.485805999996956,"msg":"request completed"}
{"level":30,"time":1788994451705,"pid":49295,"hostname":"vps-15cf2c41","reqId":"req-y","req":{"method":"GET","url":"/api/v1/agents/alpha/commands?sessionId=scripted-main","host":"127.0.0.1:6140","remoteAddress":"127.0.0.1","remotePort":59316},"msg":"incoming request"}
{"level":30,"time":1788994451717,"pid":49295,"hostname":"vps-15cf2c41","reqId":"req-x","res":{"statusCode":200},"responseTime":24.301666999999725,"msg":"request completed"}
{"level":30,"time":1788994451722,"pid":49295,"hostname":"vps-15cf2c41","reqId":"req-z","req":{"method":"GET","url":"/api/v1/agents/alpha/sessions/scripted-main/state","host":"127.0.0.1:6140","remoteAddress":"127.0.0.1","remotePort":59332},"msg":"incoming request"}
{"level":30,"time":1788994451733,"pid":49295,"hostname":"vps-15cf2c41","reqId":"req-y","res":{"statusCode":200},"responseTime":27.63550899999973,"msg":"request completed"}
{"level":30,"time":1788994451746,"pid":49295,"hostname":"vps-15cf2c41","reqId":"req-z","res":{"statusCode":200},"responseTime":23.792421999998624,"msg":"request completed"}
{"level":30,"time":1788994451811,"pid":49295,"hostname":"vps-15cf2c41","reqId":"req-10","req":{"method":"GET","url":"/api/v1/agents/alpha/models","host":"127.0.0.1:6140","remoteAddress":"127.0.0.1","remotePort":59338},"msg":"incoming request"}
{"level":30,"time":1788994451814,"pid":49295,"hostname":"vps-15cf2c41","reqId":"req-11","req":{"method":"GET","url":"/api/v1/agents/alpha/sessions/scripted-main/events?cursor=0","host":"127.0.0.1:6140","remoteAddress":"127.0.0.1","remotePort":59340},"msg":"incoming request"}
{"level":30,"time":1788994451833,"pid":49295,"hostname":"vps-15cf2c41","reqId":"req-10","res":{"statusCode":200},"responseTime":21.960653000001912,"msg":"request completed"}
{"level":30,"time":1788994456769,"pid":49295,"hostname":"vps-15cf2c41","reqId":"req-11","res":{"statusCode":200},"msg":"stream closed prematurely"}
{"level":30,"time":1788994459411,"pid":49295,"hostname":"vps-15cf2c41","reqId":"req-12","req":{"method":"GET","url":"/api/v1/workspace/meta","host":"127.0.0.1:6140","remoteAddress":"127.0.0.1","remotePort":59382},"msg":"incoming request"}
{"level":30,"time":1788994459413,"pid":49295,"hostname":"vps-15cf2c41","reqId":"req-12","res":{"statusCode":200},"responseTime":0.9132239999962621,"msg":"request completed"}
{"level":30,"time":1788994459421,"pid":49295,"hostname":"vps-15cf2c41","reqId":"req-13","req":{"method":"GET","url":"/api/v1/workspace/meta","host":"127.0.0.1:6140","remoteAddress":"127.0.0.1","remotePort":59394},"msg":"incoming request"}
{"level":30,"time":1788994459421,"pid":49295,"hostname":"vps-15cf2c41","reqId":"req-13","res":{"statusCode":200},"responseTime":0.4587820000015199,"msg":"request completed"}
{"level":30,"time":1788994459530,"pid":49295,"hostname":"vps-15cf2c41","reqId":"req-14","req":{"method":"GET","url":"/api/v1/tree?path=.","host":"127.0.0.1:6140","remoteAddress":"127.0.0.1","remotePort":59404},"msg":"incoming request"}
{"level":30,"time":1788994459539,"pid":49295,"hostname":"vps-15cf2c41","reqId":"req-15","req":{"method":"PUT","url":"/api/v1/ui/state","host":"127.0.0.1:6140","remoteAddress":"127.0.0.1","remotePort":59406},"msg":"incoming request"}
{"level":30,"time":1788994459542,"pid":49295,"hostname":"vps-15cf2c41","reqId":"req-15","res":{"statusCode":204},"responseTime":3.3407460000016727,"msg":"request completed"}
{"level":30,"time":1788994459547,"pid":49295,"hostname":"vps-15cf2c41","reqId":"req-14","res":{"statusCode":200},"responseTime":16.006398999998055,"msg":"request completed"}
{"level":30,"time":1788994459547,"pid":49295,"hostname":"vps-15cf2c41","reqId":"req-16","req":{"method":"GET","url":"/api/v1/filesystems","host":"127.0.0.1:6140","remoteAddress":"127.0.0.1","remotePort":59414},"msg":"incoming request"}
{"level":30,"time":1788994459549,"pid":49295,"hostname":"vps-15cf2c41","reqId":"req-16","res":{"statusCode":200},"responseTime":1.3048469999994268,"msg":"request completed"}
{"level":30,"time":1788994459587,"pid":49295,"hostname":"vps-15cf2c41","reqId":"req-17","req":{"method":"GET","url":"/api/v1/agents","host":"127.0.0.1:6140","remoteAddress":"127.0.0.1","remotePort":59422},"msg":"incoming request"}
{"level":30,"time":1788994459588,"pid":49295,"hostname":"vps-15cf2c41","reqId":"req-17","res":{"statusCode":200},"responseTime":0.8751440000050934,"msg":"request completed"}
{"level":30,"time":1788994459599,"pid":49295,"hostname":"vps-15cf2c41","reqId":"req-18","req":{"method":"GET","url":"/api/v1/tree?path=.","host":"127.0.0.1:6140","remoteAddress":"127.0.0.1","remotePort":59426},"msg":"incoming request"}
{"level":30,"time":1788994459601,"pid":49295,"hostname":"vps-15cf2c41","reqId":"req-19","req":{"method":"PUT","url":"/api/v1/ui/state","host":"127.0.0.1:6140","remoteAddress":"127.0.0.1","remotePort":59440},"msg":"incoming request"}
{"level":30,"time":1788994459602,"pid":49295,"hostname":"vps-15cf2c41","reqId":"req-19","res":{"statusCode":204},"responseTime":0.7078209999963292,"msg":"request completed"}
{"level":30,"time":1788994459604,"pid":49295,"hostname":"vps-15cf2c41","reqId":"req-1a","req":{"method":"GET","url":"/api/v1/filesystems","host":"127.0.0.1:6140","remoteAddress":"127.0.0.1","remotePort":59450},"msg":"incoming request"}
{"level":30,"time":1788994459605,"pid":49295,"hostname":"vps-15cf2c41","reqId":"req-1a","res":{"statusCode":200},"responseTime":0.9677739999970072,"msg":"request completed"}
{"level":30,"time":1788994459610,"pid":49295,"hostname":"vps-15cf2c41","reqId":"req-18","res":{"statusCode":200},"responseTime":11.17551100000128,"msg":"request completed"}
{"level":30,"time":1788994459673,"pid":49295,"hostname":"vps-15cf2c41","reqId":"req-1b","req":{"method":"GET","url":"/api/v1/fs/events?workspaceId=workspace","host":"127.0.0.1:6140","remoteAddress":"127.0.0.1","remotePort":59464},"msg":"incoming request"}
{"level":30,"time":1788994459684,"pid":49295,"hostname":"vps-15cf2c41","reqId":"req-1c","req":{"method":"GET","url":"/api/v1/ui/state","host":"127.0.0.1:6140","remoteAddress":"127.0.0.1","remotePort":59466},"msg":"incoming request"}
{"level":30,"time":1788994459685,"pid":49295,"hostname":"vps-15cf2c41","reqId":"req-1c","res":{"statusCode":200},"responseTime":0.4363099999973201,"msg":"request completed"}
{"level":30,"time":1788994459686,"pid":49295,"hostname":"vps-15cf2c41","reqId":"req-1d","req":{"method":"GET","url":"/api/v1/ui/commands/next?workspaceId=workspace","host":"127.0.0.1:6140","remoteAddress":"127.0.0.1","remotePort":59482},"msg":"incoming request"}
{"level":30,"time":1788994459730,"pid":49295,"hostname":"vps-15cf2c41","reqId":"req-1e","req":{"method":"GET","url":"/api/v1/agents/alpha/sessions?limit=50&archived=active","host":"127.0.0.1:6140","remoteAddress":"127.0.0.1","remotePort":59484},"msg":"incoming request"}
{"level":30,"time":1788994459737,"pid":49295,"hostname":"vps-15cf2c41","reqId":"req-1f","req":{"method":"GET","url":"/api/v1/tree?path=.","host":"127.0.0.1:6140","remoteAddress":"127.0.0.1","remotePort":59498},"msg":"incoming request"}
{"level":30,"time":1788994459738,"pid":49295,"hostname":"vps-15cf2c41","reqId":"req-1g","req":{"method":"GET","url":"/api/v1/agents/alpha/ready-status","host":"127.0.0.1:6140","remoteAddress":"127.0.0.1","remotePort":59512},"msg":"incoming request"}
{"level":30,"time":1788994459746,"pid":49295,"hostname":"vps-15cf2c41","reqId":"req-1f","res":{"statusCode":200},"responseTime":8.713403999994625,"msg":"request completed"}
{"level":30,"time":1788994459754,"pid":49295,"hostname":"vps-15cf2c41","reqId":"req-1h","req":{"method":"GET","url":"/api/v1/tree?path=.","host":"127.0.0.1:6140","remoteAddress":"127.0.0.1","remotePort":59524},"msg":"incoming request"}
{"level":30,"time":1788994459761,"pid":49295,"hostname":"vps-15cf2c41","reqId":"req-1h","res":{"statusCode":200},"responseTime":6.438901000001351,"msg":"request completed"}
{"level":30,"time":1788994459766,"pid":49295,"hostname":"vps-15cf2c41","reqId":"req-1g","res":{"statusCode":200},"responseTime":27.62910700000066,"msg":"request completed"}
{"level":30,"time":1788994459773,"pid":49295,"hostname":"vps-15cf2c41","reqId":"req-1i","req":{"method":"GET","url":"/api/v1/agents/alpha/ready-status","host":"127.0.0.1:6140","remoteAddress":"127.0.0.1","remotePort":59540},"msg":"incoming request"}
{"level":30,"time":1788994459779,"pid":49295,"hostname":"vps-15cf2c41","reqId":"req-1e","res":{"statusCode":200},"responseTime":48.5900829999955,"msg":"request completed"}
{"level":30,"time":1788994459786,"pid":49295,"hostname":"vps-15cf2c41","reqId":"req-1j","req":{"method":"GET","url":"/api/v1/agents/alpha/sessions?limit=50&archived=active","host":"127.0.0.1:6140","remoteAddress":"127.0.0.1","remotePort":59546},"msg":"incoming request"}
{"level":30,"time":1788994459794,"pid":49295,"hostname":"vps-15cf2c41","reqId":"req-1i","res":{"statusCode":200},"responseTime":21.07864100000006,"msg":"request completed"}
{"level":30,"time":1788994459803,"pid":49295,"hostname":"vps-15cf2c41","reqId":"req-1k","req":{"method":"GET","url":"/api/v1/ui/state","host":"127.0.0.1:6140","remoteAddress":"127.0.0.1","remotePort":59548},"msg":"incoming request"}
{"level":30,"time":1788994459804,"pid":49295,"hostname":"vps-15cf2c41","reqId":"req-1k","res":{"statusCode":200},"responseTime":0.5566379999945639,"msg":"request completed"}
{"level":30,"time":1788994459811,"pid":49295,"hostname":"vps-15cf2c41","reqId":"req-1j","res":{"statusCode":200},"responseTime":25.117274000003817,"msg":"request completed"}
{"level":30,"time":1788994459867,"pid":49295,"hostname":"vps-15cf2c41","reqId":"req-1l","req":{"method":"POST","url":"/api/v1/workspace-bridge/call","host":"127.0.0.1:6140","remoteAddress":"127.0.0.1","remotePort":59558},"msg":"incoming request"}
{"level":30,"time":1788994459870,"pid":49295,"hostname":"vps-15cf2c41","reqId":"req-1l","res":{"statusCode":200},"responseTime":2.218075000004319,"msg":"request completed"}
{"level":30,"time":1788994459918,"pid":49295,"hostname":"vps-15cf2c41","reqId":"req-1m","req":{"method":"GET","url":"/api/v1/agents/alpha/sessions?limit=50&archived=archived","host":"127.0.0.1:6140","remoteAddress":"127.0.0.1","remotePort":59572},"msg":"incoming request"}
{"level":30,"time":1788994459922,"pid":49295,"hostname":"vps-15cf2c41","reqId":"req-1n","req":{"method":"GET","url":"/api/v1/agents/session-activity/events?workspaceId=workspace","host":"127.0.0.1:6140","remoteAddress":"127.0.0.1","remotePort":59586},"msg":"incoming request"}
{"level":30,"time":1788994459930,"pid":49295,"hostname":"vps-15cf2c41","reqId":"req-1m","res":{"statusCode":200},"responseTime":11.595360999999684,"msg":"request completed"}
{"level":30,"time":1788994461968,"pid":49295,"hostname":"vps-15cf2c41","reqId":"req-1o","req":{"method":"POST","url":"/api/v1/agents/alpha/sessions","host":"127.0.0.1:6140","remoteAddress":"127.0.0.1","remotePort":59596},"msg":"incoming request"}
{"level":30,"time":1788994461983,"pid":49295,"hostname":"vps-15cf2c41","reqId":"req-1o","res":{"statusCode":201},"responseTime":14.58860100000311,"msg":"request completed"}
{"level":30,"time":1788994462003,"pid":49295,"hostname":"vps-15cf2c41","reqId":"req-1p","req":{"method":"GET","url":"/api/v1/agents/alpha/sessions?limit=50&archived=active","host":"127.0.0.1:6140","remoteAddress":"127.0.0.1","remotePort":59602},"msg":"incoming request"}
{"level":30,"time":1788994462024,"pid":49295,"hostname":"vps-15cf2c41","reqId":"req-1p","res":{"statusCode":200},"responseTime":21.24971899999946,"msg":"request completed"}
{"level":30,"time":1788994462035,"pid":49295,"hostname":"vps-15cf2c41","reqId":"req-1q","req":{"method":"GET","url":"/api/v1/ui/state","host":"127.0.0.1:6140","remoteAddress":"127.0.0.1","remotePort":59606},"msg":"incoming request"}
{"level":30,"time":1788994462036,"pid":49295,"hostname":"vps-15cf2c41","reqId":"req-1q","res":{"statusCode":200},"responseTime":0.6051750000042375,"msg":"request completed"}
{"level":30,"time":1788994462045,"pid":49295,"hostname":"vps-15cf2c41","reqId":"req-1r","req":{"method":"GET","url":"/api/v1/agents/alpha/sessions?limit=50&archived=archived","host":"127.0.0.1:6140","remoteAddress":"127.0.0.1","remotePort":59608},"msg":"incoming request"}
{"level":30,"time":1788994462066,"pid":49295,"hostname":"vps-15cf2c41","reqId":"req-1r","res":{"statusCode":200},"responseTime":20.055263999995077,"msg":"request completed"}
{"level":30,"time":1788994462086,"pid":49295,"hostname":"vps-15cf2c41","reqId":"req-1s","req":{"method":"POST","url":"/api/v1/workspace-bridge/call","host":"127.0.0.1:6140","remoteAddress":"127.0.0.1","remotePort":59620},"msg":"incoming request"}
{"level":30,"time":1788994462089,"pid":49295,"hostname":"vps-15cf2c41","reqId":"req-1s","res":{"statusCode":200},"responseTime":2.401564000007056,"msg":"request completed"}
{"level":30,"time":1788994462130,"pid":49295,"hostname":"vps-15cf2c41","reqId":"req-1t","req":{"method":"GET","url":"/api/v1/agents/session-activity/events?workspaceId=workspace","host":"127.0.0.1:6140","remoteAddress":"127.0.0.1","remotePort":59634},"msg":"incoming request"}
[2026-09-09T22:54:23.646Z WARN  chromiumoxide::handler] WS Invalid message: data did not match any variant of untagged enum Message
[2026-09-09T22:54:23.649Z WARN  chromiumoxide::handler] WS Invalid message: data did not match any variant of untagged enum Message
[2026-09-09T22:54:23.649Z WARN  chromiumoxide::handler] WS Invalid message: data did not match any variant of untagged enum Message
[2026-09-09T22:54:23.705Z WARN  chromiumoxide::handler] WS Invalid message: data did not match any variant of untagged enum Message
[2026-09-09T22:54:23.730Z WARN  chromiumoxide::handler] WS Invalid message: data did not match any variant of untagged enum Message
[2026-09-09T22:54:23.731Z WARN  chromiumoxide::handler] WS Invalid message: data did not match any variant of untagged enum Message
[2026-09-09T22:54:23.736Z WARN  chromiumoxide::handler] WS Invalid message: data did not match any variant of untagged enum Message
[2026-09-09T22:54:23.740Z WARN  chromiumoxide::handler] WS Invalid message: data did not match any variant of untagged enum Message
[2026-09-09T22:54:23.743Z WARN  chromiumoxide::handler] WS Invalid message: data did not match any variant of untagged enum Message
[2026-09-09T22:54:23.745Z WARN  chromiumoxide::handler] WS Invalid message: data did not match any variant of untagged enum Message
[2026-09-09T22:54:23.745Z WARN  chromiumoxide::handler] WS Invalid message: data did not match any variant of untagged enum Message
[2026-09-09T22:54:23.745Z WARN  chromiumoxide::handler] WS Invalid message: data did not match any variant of untagged enum Message
[2026-09-09T22:54:23.799Z WARN  chromiumoxide::handler] WS Invalid message: data did not match any variant of untagged enum Message
[2026-09-09T22:54:24.127Z WARN  chromiumoxide::handler] WS Invalid message: data did not match any variant of untagged enum Message
[2026-09-09T22:54:24.128Z WARN  chromiumoxide::handler] WS Invalid message: data did not match any variant of untagged enum Message
[2026-09-09T22:54:24.128Z WARN  chromiumoxide::handler] WS Invalid message: data did not match any variant of untagged enum Message
[2026-09-09T22:54:24.128Z WARN  chromiumoxide::handler] WS Invalid message: data did not match any variant of untagged enum Message
[2026-09-09T22:54:24.128Z WARN  chromiumoxide::handler] WS Invalid message: data did not match any variant of untagged enum Message
[2026-09-09T22:54:24.128Z WARN  chromiumoxide::handler] WS Invalid message: data did not match any variant of untagged enum Message
[2026-09-09T22:54:24.141Z WARN  chromiumoxide::handler] WS Invalid message: data did not match any variant of untagged enum Message
[2026-09-09T22:54:24.161Z WARN  chromiumoxide::handler] WS Invalid message: data did not match any variant of untagged enum Message
[2026-09-09T22:54:24.254Z WARN  chromiumoxide::handler] WS Invalid message: data did not match any variant of untagged enum Message
[2026-09-09T22:54:24.306Z WARN  chromiumoxide::handler] WS Invalid message: data did not match any variant of untagged enum Message
[2026-09-09T22:54:24.313Z WARN  chromiumoxide::handler] WS Invalid message: data did not match any variant of untagged enum Message
[2026-09-09T22:54:24.389Z WARN  chromiumoxide::handler] WS Invalid message: data did not match any variant of untagged enum Message
[2026-09-09T22:54:24.389Z WARN  chromiumoxide::handler] WS Invalid message: data did not match any variant of untagged enum Message
[2026-09-09T22:54:24.389Z WARN  chromiumoxide::handler] WS Invalid message: data did not match any variant of untagged enum Message
[2026-09-09T22:54:24.389Z WARN  chromiumoxide::handler] WS Invalid message: data did not match any variant of untagged enum Message
[2026-09-09T22:54:24.389Z WARN  chromiumoxide::handler] WS Invalid message: data did not match any variant of untagged enum Message
[2026-09-09T22:54:24.390Z WARN  chromiumoxide::handler] WS Invalid message: data did not match any variant of untagged enum Message
[2026-09-09T22:54:24.439Z WARN  chromiumoxide::handler] WS Invalid message: data did not match any variant of untagged enum Message
[2026-09-09T22:54:24.486Z WARN  chromiumoxide::handler] WS Invalid message: data did not match any variant of untagged enum Message
[2026-09-09T22:54:24.490Z WARN  chromiumoxide::handler] WS Invalid message: data did not match any variant of untagged enum Message
[2026-09-09T22:54:24.490Z WARN  chromiumoxide::handler] WS Invalid message: data did not match any variant of untagged enum Message
[2026-09-09T22:54:24.520Z WARN  chromiumoxide::handler] WS Invalid message: data did not match any variant of untagged enum Message
[2026-09-09T22:54:24.542Z WARN  chromiumoxide::handler] WS Invalid message: data did not match any variant of untagged enum Message
[2026-09-09T22:54:24.542Z WARN  chromiumoxide::handler] WS Invalid message: data did not match any variant of untagged enum Message
[2026-09-09T22:54:24.542Z WARN  chromiumoxide::handler] WS Invalid message: data did not match any variant of untagged enum Message
[2026-09-09T22:54:24.556Z WARN  chromiumoxide::handler] WS Invalid message: data did not match any variant of untagged enum Message
[2026-09-09T22:54:24.557Z WARN  chromiumoxide::handler] WS Invalid message: data did not match any variant of untagged enum Message
[2026-09-09T22:54:24.557Z WARN  chromiumoxide::handler] WS Invalid message: data did not match any variant of untagged enum Message
[2026-09-09T22:54:24.557Z WARN  chromiumoxide::handler] WS Invalid message: data did not match any variant of untagged enum Message
[2026-09-09T22:54:24.558Z WARN  chromiumoxide::handler] WS Invalid message: data did not match any variant of untagged enum Message
[2026-09-09T22:54:24.558Z WARN  chromiumoxide::handler] WS Invalid message: data did not match any variant of untagged enum Message
[2026-09-09T22:54:24.563Z WARN  chromiumoxide::handler] WS Invalid message: data did not match any variant of untagged enum Message
[2026-09-09T22:54:24.563Z WARN  chromiumoxide::handler] WS Invalid message: data did not match any variant of untagged enum Message
[2026-09-09T22:54:24.569Z WARN  chromiumoxide::handler] WS Invalid message: data did not match any variant of untagged enum Message
[2026-09-09T22:54:24.575Z WARN  chromiumoxide::handler] WS Invalid message: data did not match any variant of untagged enum Message
[2026-09-09T22:54:24.584Z WARN  chromiumoxide::handler] WS Invalid message: data did not match any variant of untagged enum Message
[2026-09-09T22:54:24.611Z WARN  chromiumoxide::handler] WS Invalid message: data did not match any variant of untagged enum Message
[2026-09-09T22:54:24.623Z WARN  chromiumoxide::handler] WS Invalid message: data did not match any variant of untagged enum Message
[2026-09-09T22:54:24.769Z WARN  chromiumoxide::handler] WS Invalid message: data did not match any variant of untagged enum Message
[2026-09-09T22:54:24.771Z WARN  chromiumoxide::handler] WS Invalid message: data did not match any variant of untagged enum Message
[2026-09-09T22:54:24.771Z WARN  chromiumoxide::handler] WS Invalid message: data did not match any variant of untagged enum Message
[2026-09-09T22:54:24.771Z WARN  chromiumoxide::handler] WS Invalid message: data did not match any variant of untagged enum Message
[2026-09-09T22:54:24.771Z WARN  chromiumoxide::handler] WS Invalid message: data did not match any variant of untagged enum Message
[2026-09-09T22:54:24.771Z WARN  chromiumoxide::handler] WS Invalid message: data did not match any variant of untagged enum Message
[2026-09-09T22:54:24.771Z WARN  chromiumoxide::handler] WS Invalid message: data did not match any variant of untagged enum Message
[2026-09-09T22:54:24.771Z WARN  chromiumoxide::handler] WS Invalid message: data did not match any variant of untagged enum Message
[2026-09-09T22:54:24.771Z WARN  chromiumoxide::handler] WS Invalid message: data did not match any variant of untagged enum Message
[2026-09-09T22:54:24.771Z WARN  chromiumoxide::handler] WS Invalid message: data did not match any variant of untagged enum Message
[2026-09-09T22:54:25.011Z WARN  chromiumoxide::handler] WS Invalid message: data did not match any variant of untagged enum Message
[2026-09-09T22:54:25.012Z WARN  chromiumoxide::handler] WS Invalid message: data did not match any variant of untagged enum Message
[2026-09-09T22:54:25.012Z WARN  chromiumoxide::handler] WS Invalid message: data did not match any variant of untagged enum Message
[2026-09-09T22:54:25.012Z WARN  chromiumoxide::handler] WS Invalid message: data did not match any variant of untagged enum Message
[2026-09-09T22:54:25.048Z WARN  chromiumoxide::handler] WS Invalid message: data did not match any variant of untagged enum Message
[2026-09-09T22:54:25.048Z WARN  chromiumoxide::handler] WS Invalid message: data did not match any variant of untagged enum Message
[2026-09-09T22:54:25.048Z WARN  chromiumoxide::handler] WS Invalid message: data did not match any variant of untagged enum Message
[2026-09-09T22:54:25.048Z WARN  chromiumoxide::handler] WS Invalid message: data did not match any variant of untagged enum Message
[2026-09-09T22:54:25.048Z WARN  chromiumoxide::handler] WS Invalid message: data did not match any variant of untagged enum Message
[2026-09-09T22:54:25.048Z WARN  chromiumoxide::handler] WS Invalid message: data did not match any variant of untagged enum Message
[2026-09-09T22:54:25.048Z WARN  chromiumoxide::handler] WS Invalid message: data did not match any variant of untagged enum Message
[2026-09-09T22:54:25.048Z WARN  chromiumoxide::handler] WS Invalid message: data did not match any variant of untagged enum Message
[2026-09-09T22:54:25.056Z WARN  chromiumoxide::handler] WS Invalid message: data did not match any variant of untagged enum Message
[2026-09-09T22:54:25.065Z WARN  chromiumoxide::handler] WS Invalid message: data did not match any variant of untagged enum Message
[2026-09-09T22:54:25.066Z WARN  chromiumoxide::handler] WS Invalid message: data did not match any variant of untagged enum Message
[2026-09-09T22:54:25.066Z WARN  chromiumoxide::handler] WS Invalid message: data did not match any variant of untagged enum Message
[2026-09-09T22:54:25.079Z WARN  chromiumoxide::handler] WS Invalid message: data did not match any variant of untagged enum Message
[2026-09-09T22:54:25.088Z WARN  chromiumoxide::handler] WS Invalid message: data did not match any variant of untagged enum Message
[2026-09-09T22:54:25.088Z WARN  chromiumoxide::handler] WS Invalid message: data did not match any variant of untagged enum Message
[2026-09-09T22:54:25.088Z WARN  chromiumoxide::handler] WS Invalid message: data did not match any variant of untagged enum Message
[2026-09-09T22:54:25.154Z WARN  chromiumoxide::handler] WS Invalid message: data did not match any variant of untagged enum Message
[2026-09-09T22:54:25.155Z WARN  chromiumoxide::handler] WS Invalid message: data did not match any variant of untagged enum Message
[2026-09-09T22:54:25.155Z WARN  chromiumoxide::handler] WS Invalid message: data did not match any variant of untagged enum Message
[2026-09-09T22:54:25.199Z WARN  chromiumoxide::handler] WS Invalid message: data did not match any variant of untagged enum Message
[2026-09-09T22:54:25.245Z WARN  chromiumoxide::handler] WS Invalid message: data did not match any variant of untagged enum Message
[2026-09-09T22:54:25.245Z WARN  chromiumoxide::handler] WS Invalid message: data did not match any variant of untagged enum Message
[2026-09-09T22:54:25.257Z WARN  chromiumoxide::handler] WS Invalid message: data did not match any variant of untagged enum Message
[2026-09-09T22:54:25.294Z WARN  chromiumoxide::handler] WS Invalid message: data did not match any variant of untagged enum Message
[2026-09-09T22:54:25.294Z WARN  chromiumoxide::handler] WS Invalid message: data did not match any variant of untagged enum Message
[2026-09-09T22:54:25.294Z WARN  chromiumoxide::handler] WS Invalid message: data did not match any variant of untagged enum Message
[2026-09-09T22:54:25.306Z WARN  chromiumoxide::handler] WS Invalid message: data did not match any variant of untagged enum Message
[2026-09-09T22:54:25.306Z WARN  chromiumoxide::handler] WS Invalid message: data did not match any variant of untagged enum Message
[2026-09-09T22:54:25.306Z WARN  chromiumoxide::handler] WS Invalid message: data did not match any variant of untagged enum Message
[2026-09-09T22:54:25.306Z WARN  chromiumoxide::handler] WS Invalid message: data did not match any variant of untagged enum Message
[2026-09-09T22:54:25.306Z WARN  chromiumoxide::handler] WS Invalid message: data did not match any variant of untagged enum Message
[2026-09-09T22:54:25.307Z WARN  chromiumoxide::handler] WS Invalid message: data did not match any variant of untagged enum Message
[2026-09-09T22:54:25.321Z WARN  chromiumoxide::handler] WS Invalid message: data did not match any variant of untagged enum Message
[2026-09-09T22:54:25.321Z WARN  chromiumoxide::handler] WS Invalid message: data did not match any variant of untagged enum Message
[2026-09-09T22:54:25.321Z WARN  chromiumoxide::handler] WS Invalid message: data did not match any variant of untagged enum Message
[2026-09-09T22:54:25.321Z WARN  chromiumoxide::handler] WS Invalid message: data did not match any variant of untagged enum Message
[2026-09-09T22:54:25.321Z WARN  chromiumoxide::handler] WS Invalid message: data did not match any variant of untagged enum Message
[2026-09-09T22:54:25.321Z WARN  chromiumoxide::handler] WS Invalid message: data did not match any variant of untagged enum Message
[2026-09-09T22:54:25.329Z WARN  chromiumoxide::handler] WS Invalid message: data did not match any variant of untagged enum Message
[2026-09-09T22:54:25.329Z WARN  chromiumoxide::handler] WS Invalid message: data did not match any variant of untagged enum Message
[2026-09-09T22:54:25.416Z WARN  chromiumoxide::handler] WS Invalid message: data did not match any variant of untagged enum Message
[2026-09-09T22:54:25.416Z WARN  chromiumoxide::handler] WS Invalid message: data did not match any variant of untagged enum Message
[2026-09-09T22:54:25.416Z WARN  chromiumoxide::handler] WS Invalid message: data did not match any variant of untagged enum Message
[2026-09-09T22:54:25.416Z WARN  chromiumoxide::handler] WS Invalid message: data did not match any variant of untagged enum Message
[2026-09-09T22:54:25.417Z WARN  chromiumoxide::handler] WS Invalid message: data did not match any variant of untagged enum Message
[2026-09-09T22:54:25.421Z WARN  chromiumoxide::handler] WS Invalid message: data did not match any variant of untagged enum Message
[2026-09-09T22:54:25.425Z WARN  chromiumoxide::handler] WS Invalid message: data did not match any variant of untagged enum Message
[2026-09-09T22:54:25.464Z WARN  chromiumoxide::handler] WS Invalid message: data did not match any variant of untagged enum Message
[2026-09-09T22:54:25.468Z WARN  chromiumoxide::handler] WS Invalid message: data did not match any variant of untagged enum Message
[2026-09-09T22:54:25.469Z WARN  chromiumoxide::handler] WS Invalid message: data did not match any variant of untagged enum Message
[2026-09-09T22:54:25.472Z WARN  chromiumoxide::handler] WS Invalid message: data did not match any variant of untagged enum Message
[2026-09-09T22:54:25.473Z WARN  chromiumoxide::handler] WS Invalid message: data did not match any variant of untagged enum Message
[2026-09-09T22:54:25.474Z WARN  chromiumoxide::handler] WS Invalid message: data did not match any variant of untagged enum Message
[2026-09-09T22:54:25.474Z WARN  chromiumoxide::handler] WS Invalid message: data did not match any variant of untagged enum Message
[2026-09-09T22:54:25.559Z WARN  chromiumoxide::handler] WS Invalid message: data did not match any variant of untagged enum Message
[2026-09-09T22:54:25.560Z WARN  chromiumoxide::handler] WS Invalid message: data did not match any variant of untagged enum Message
[2026-09-09T22:54:25.560Z WARN  chromiumoxide::handler] WS Invalid message: data did not match any variant of untagged enum Message
[2026-09-09T22:54:25.560Z WARN  chromiumoxide::handler] WS Invalid message: data did not match any variant of untagged enum Message
[2026-09-09T22:54:25.798Z WARN  chromiumoxide::handler] WS Invalid message: data did not match any variant of untagged enum Message
[2026-09-09T22:54:25.799Z WARN  chromiumoxide::handler] WS Invalid message: data did not match any variant of untagged enum Message
[2026-09-09T22:54:25.799Z WARN  chromiumoxide::handler] WS Invalid message: data did not match any variant of untagged enum Message
[2026-09-09T22:54:25.799Z WARN  chromiumoxide::handler] WS Invalid message: data did not match any variant of untagged enum Message
[2026-09-09T22:54:25.799Z WARN  chromiumoxide::handler] WS Invalid message: data did not match any variant of untagged enum Message
[2026-09-09T22:54:25.799Z WARN  chromiumoxide::handler] WS Invalid message: data did not match any variant of untagged enum Message
[2026-09-09T22:54:25.799Z WARN  chromiumoxide::handler] WS Invalid message: data did not match any variant of untagged enum Message
[2026-09-09T22:54:25.799Z WARN  chromiumoxide::handler] WS Invalid message: data did not match any variant of untagged enum Message
[2026-09-09T22:54:25.799Z WARN  chromiumoxide::handler] WS Invalid message: data did not match any variant of untagged enum Message
[2026-09-09T22:54:25.800Z WARN  chromiumoxide::handler] WS Invalid message: data did not match any variant of untagged enum Message
[2026-09-09T22:54:25.800Z WARN  chromiumoxide::handler] WS Invalid message: data did not match any variant of untagged enum Message
[2026-09-09T22:54:25.800Z WARN  chromiumoxide::handler] WS Invalid message: data did not match any variant of untagged enum Message
[2026-09-09T22:54:26.005Z WARN  chromiumoxide::handler] WS Invalid message: data did not match any variant of untagged enum Message
[2026-09-09T22:54:26.056Z WARN  chromiumoxide::handler] WS Invalid message: data did not match any variant of untagged enum Message
[2026-09-09T22:54:26.056Z WARN  chromiumoxide::handler] WS Invalid message: data did not match any variant of untagged enum Message
[2026-09-09T22:54:26.056Z WARN  chromiumoxide::handler] WS Invalid message: data did not match any variant of untagged enum Message
[2026-09-09T22:54:26.057Z WARN  chromiumoxide::handler] WS Invalid message: data did not match any variant of untagged enum Message
[2026-09-09T22:54:26.057Z WARN  chromiumoxide::handler] WS Invalid message: data did not match any variant of untagged enum Message
[2026-09-09T22:54:26.057Z WARN  chromiumoxide::handler] WS Invalid message: data did not match any variant of untagged enum Message
[2026-09-09T22:54:26.077Z WARN  chromiumoxide::handler] WS Invalid message: data did not match any variant of untagged enum Message
[2026-09-09T22:54:26.081Z WARN  chromiumoxide::handler] WS Invalid message: data did not match any variant of untagged enum Message
[2026-09-09T22:54:26.094Z WARN  chromiumoxide::handler] WS Invalid message: data did not match any variant of untagged enum Message
[2026-09-09T22:54:26.094Z WARN  chromiumoxide::handler] WS Invalid message: data did not match any variant of untagged enum Message
[2026-09-09T22:54:26.097Z WARN  chromiumoxide::handler] WS Invalid message: data did not match any variant of untagged enum Message
[2026-09-09T22:54:26.098Z WARN  chromiumoxide::handler] WS Invalid message: data did not match any variant of untagged enum Message
[2026-09-09T22:54:26.098Z WARN  chromiumoxide::handler] WS Invalid message: data did not match any variant of untagged enum Message
[2026-09-09T22:54:26.098Z WARN  chromiumoxide::handler] WS Invalid message: data did not match any variant of untagged enum Message
[2026-09-09T22:54:26.194Z WARN  chromiumoxide::handler] WS Invalid message: data did not match any variant of untagged enum Message
[2026-09-09T22:54:26.206Z WARN  chromiumoxide::handler] WS Invalid message: data did not match any variant of untagged enum Message
[2026-09-09T22:54:26.206Z WARN  chromiumoxide::handler] WS Invalid message: data did not match any variant of untagged enum Message
[2026-09-09T22:54:26.206Z WARN  chromiumoxide::handler] WS Invalid message: data did not match any variant of untagged enum Message
[2026-09-09T22:54:26.206Z WARN  chromiumoxide::handler] WS Invalid message: data did not match any variant of untagged enum Message
[2026-09-09T22:54:26.206Z WARN  chromiumoxide::handler] WS Invalid message: data did not match any variant of untagged enum Message
[2026-09-09T22:54:26.213Z WARN  chromiumoxide::handler] WS Invalid message: data did not match any variant of untagged enum Message
[2026-09-09T22:54:26.214Z WARN  chromiumoxide::handler] WS Invalid message: data did not match any variant of untagged enum Message
[2026-09-09T22:54:26.214Z WARN  chromiumoxide::handler] WS Invalid message: data did not match any variant of untagged enum Message
[2026-09-09T22:54:26.250Z WARN  chromiumoxide::handler] WS Invalid message: data did not match any variant of untagged enum Message
[2026-09-09T22:54:26.253Z WARN  chromiumoxide::handler] WS Invalid message: data did not match any variant of untagged enum Message
[2026-09-09T22:54:26.291Z WARN  chromiumoxide::handler] WS Invalid message: data did not match any variant of untagged enum Message
[2026-09-09T22:54:26.291Z WARN  chromiumoxide::handler] WS Invalid message: data did not match any variant of untagged enum Message
[2026-09-09T22:54:26.292Z WARN  chromiumoxide::handler] WS Invalid message: data did not match any variant of untagged enum Message
[2026-09-09T22:54:26.416Z WARN  chromiumoxide::handler] WS Invalid message: data did not match any variant of untagged enum Message
[2026-09-09T22:54:26.416Z WARN  chromiumoxide::handler] WS Invalid message: data did not match any variant of untagged enum Message
[2026-09-09T22:54:26.489Z WARN  chromiumoxide::handler] WS Invalid message: data did not match any variant of untagged enum Message
[2026-09-09T22:54:26.490Z WARN  chromiumoxide::handler] WS Invalid message: data did not match any variant of untagged enum Message
[2026-09-09T22:54:26.498Z WARN  chromiumoxide::handler] WS Invalid message: data did not match any variant of untagged enum Message
[2026-09-09T22:54:26.498Z WARN  chromiumoxide::handler] WS Invalid message: data did not match any variant of untagged enum Message
[2026-09-09T22:54:26.499Z WARN  chromiumoxide::handler] WS Invalid message: data did not match any variant of untagged enum Message
[2026-09-09T22:54:26.499Z WARN  chromiumoxide::handler] WS Invalid message: data did not match any variant of untagged enum Message
[2026-09-09T22:54:26.519Z WARN  chromiumoxide::handler] WS Invalid message: data did not match any variant of untagged enum Message
[2026-09-09T22:54:26.883Z WARN  chromiumoxide::handler] WS Invalid message: data did not match any variant of untagged enum Message
[2026-09-09T22:54:26.905Z WARN  chromiumoxide::handler] WS Invalid message: data did not match any variant of untagged enum Message
[2026-09-09T22:54:27.194Z WARN  chromiumoxide::handler] WS Invalid message: data did not match any variant of untagged enum Message
[2026-09-09T22:54:27.203Z WARN  chromiumoxide::handler] WS Invalid message: data did not match any variant of untagged enum Message
[2026-09-09T22:54:27.226Z WARN  chromiumoxide::handler] WS Invalid message: data did not match any variant of untagged enum Message
[2026-09-09T22:54:27.227Z WARN  chromiumoxide::handler] WS Invalid message: data did not match any variant of untagged enum Message
[2026-09-09T22:54:27.227Z WARN  chromiumoxide::handler] WS Invalid message: data did not match any variant of untagged enum Message
[2026-09-09T22:54:27.280Z WARN  chromiumoxide::handler] WS Invalid message: data did not match any variant of untagged enum Message
[2026-09-09T22:54:27.495Z WARN  chromiumoxide::handler] WS Invalid message: data did not match any variant of untagged enum Message
[2026-09-09T22:54:27.568Z WARN  chromiumoxide::handler] WS Invalid message: data did not match any variant of untagged enum Message
[2026-09-09T22:54:28.541Z WARN  chromiumoxide::handler] WS Invalid message: data did not match any variant of untagged enum Message
[2026-09-09T22:54:29.077Z WARN  chromiumoxide::handler] WS Invalid message: data did not match any variant of untagged enum Message
[2026-09-09T22:54:29.077Z WARN  chromiumoxide::handler] WS Invalid message: data did not match any variant of untagged enum Message
[2026-09-09T22:54:30.929Z WARN  chromiumoxide::handler] WS Invalid message: data did not match any variant of untagged enum Message
[2026-09-09T22:54:30.970Z WARN  chromiumoxide::handler] WS Invalid message: data did not match any variant of untagged enum Message
[2026-09-09T22:54:30.974Z WARN  chromiumoxide::handler] WS Invalid message: data did not match any variant of untagged enum Message
[2026-09-09T22:54:30.974Z WARN  chromiumoxide::handler] WS Invalid message: data did not match any variant of untagged enum Message
{"level":30,"time":1788994471235,"pid":49295,"hostname":"vps-15cf2c41","reqId":"req-1u","req":{"method":"GET","url":"/api/v1/workspace/meta","host":"127.0.0.1:6140","remoteAddress":"127.0.0.1","remotePort":33290},"msg":"incoming request"}
[2026-09-09T22:54:31.237Z WARN  chromiumoxide::handler] WS Invalid message: data did not match any variant of untagged enum Message
[2026-09-09T22:54:31.237Z WARN  chromiumoxide::handler] WS Invalid message: data did not match any variant of untagged enum Message
[2026-09-09T22:54:31.237Z WARN  chromiumoxide::handler] WS Invalid message: data did not match any variant of untagged enum Message
{"level":30,"time":1788994471237,"pid":49295,"hostname":"vps-15cf2c41","reqId":"req-1u","res":{"statusCode":200},"responseTime":0.8718700000026729,"msg":"request completed"}
{"level":30,"time":1788994471243,"pid":49295,"hostname":"vps-15cf2c41","reqId":"req-1v","req":{"method":"GET","url":"/api/v1/workspace/meta","host":"127.0.0.1:6140","remoteAddress":"127.0.0.1","remotePort":33294},"msg":"incoming request"}
{"level":30,"time":1788994471243,"pid":49295,"hostname":"vps-15cf2c41","reqId":"req-1v","res":{"statusCode":200},"responseTime":0.42394000000786036,"msg":"request completed"}
[2026-09-09T22:54:31.247Z WARN  chromiumoxide::handler] WS Invalid message: data did not match any variant of untagged enum Message
[2026-09-09T22:54:31.366Z WARN  chromiumoxide::handler] WS Invalid message: data did not match any variant of untagged enum Message
{"level":30,"time":1788994471369,"pid":49295,"hostname":"vps-15cf2c41","reqId":"req-1w","req":{"method":"GET","url":"/api/v1/tree?path=.","host":"127.0.0.1:6140","remoteAddress":"127.0.0.1","remotePort":33300},"msg":"incoming request"}
[2026-09-09T22:54:31.373Z WARN  chromiumoxide::handler] WS Invalid message: data did not match any variant of untagged enum Message
{"level":30,"time":1788994471376,"pid":49295,"hostname":"vps-15cf2c41","reqId":"req-1x","req":{"method":"PUT","url":"/api/v1/ui/state","host":"127.0.0.1:6140","remoteAddress":"127.0.0.1","remotePort":33314},"msg":"incoming request"}
{"level":30,"time":1788994471377,"pid":49295,"hostname":"vps-15cf2c41","reqId":"req-1x","res":{"statusCode":204},"responseTime":1.4525579999899492,"msg":"request completed"}
{"level":30,"time":1788994471381,"pid":49295,"hostname":"vps-15cf2c41","reqId":"req-1w","res":{"statusCode":200},"responseTime":11.110826000003726,"msg":"request completed"}
[2026-09-09T22:54:31.383Z WARN  chromiumoxide::handler] WS Invalid message: data did not match any variant of untagged enum Message
{"level":30,"time":1788994471384,"pid":49295,"hostname":"vps-15cf2c41","reqId":"req-1y","req":{"method":"GET","url":"/api/v1/filesystems","host":"127.0.0.1:6140","remoteAddress":"127.0.0.1","remotePort":33330},"msg":"incoming request"}
{"level":30,"time":1788994471385,"pid":49295,"hostname":"vps-15cf2c41","reqId":"req-1y","res":{"statusCode":200},"responseTime":0.7371270000003278,"msg":"request completed"}
{"level":30,"time":1788994471445,"pid":49295,"hostname":"vps-15cf2c41","reqId":"req-1z","req":{"method":"GET","url":"/api/v1/agents","host":"127.0.0.1:6140","remoteAddress":"127.0.0.1","remotePort":33338},"msg":"incoming request"}
[2026-09-09T22:54:31.443Z WARN  chromiumoxide::handler] WS Invalid message: data did not match any variant of untagged enum Message
{"level":30,"time":1788994471446,"pid":49295,"hostname":"vps-15cf2c41","reqId":"req-1z","res":{"statusCode":200},"responseTime":0.8452560000005178,"msg":"request completed"}
[2026-09-09T22:54:31.459Z WARN  chromiumoxide::handler] WS Invalid message: data did not match any variant of untagged enum Message
{"level":30,"time":1788994471460,"pid":49295,"hostname":"vps-15cf2c41","reqId":"req-20","req":{"method":"GET","url":"/api/v1/tree?path=.","host":"127.0.0.1:6140","remoteAddress":"127.0.0.1","remotePort":33350},"msg":"incoming request"}
[2026-09-09T22:54:31.462Z WARN  chromiumoxide::handler] WS Invalid message: data did not match any variant of untagged enum Message
[2026-09-09T22:54:31.464Z WARN  chromiumoxide::handler] WS Invalid message: data did not match any variant of untagged enum Message
{"level":30,"time":1788994471465,"pid":49295,"hostname":"vps-15cf2c41","reqId":"req-21","req":{"method":"PUT","url":"/api/v1/ui/state","host":"127.0.0.1:6140","remoteAddress":"127.0.0.1","remotePort":33360},"msg":"incoming request"}
{"level":30,"time":1788994471467,"pid":49295,"hostname":"vps-15cf2c41","reqId":"req-21","res":{"statusCode":204},"responseTime":1.2209050000092248,"msg":"request completed"}
{"level":30,"time":1788994471472,"pid":49295,"hostname":"vps-15cf2c41","reqId":"req-22","req":{"method":"GET","url":"/api/v1/filesystems","host":"127.0.0.1:6140","remoteAddress":"127.0.0.1","remotePort":33376},"msg":"incoming request"}
{"level":30,"time":1788994471473,"pid":49295,"hostname":"vps-15cf2c41","reqId":"req-22","res":{"statusCode":200},"responseTime":1.1015349999943282,"msg":"request completed"}
{"level":30,"time":1788994471477,"pid":49295,"hostname":"vps-15cf2c41","reqId":"req-20","res":{"statusCode":200},"responseTime":16.865850000001956,"msg":"request completed"}
[2026-09-09T22:54:31.552Z WARN  chromiumoxide::handler] WS Invalid message: data did not match any variant of untagged enum Message
00:00.000 Waiting
[2026-09-09T22:54:31.616Z WARN  chromiumoxide::handler] WS Invalid message: data did not match any variant of untagged enum Message
[2026-09-09T22:54:31.617Z WARN  chromiumoxide::handler] WS Invalid message: data did not match any variant of untagged enum Message
[2026-09-09T22:54:31.617Z WARN  chromiumoxide::handler] WS Invalid message: data did not match any variant of untagged enum Message
{"level":30,"time":1788994471622,"pid":49295,"hostname":"vps-15cf2c41","reqId":"req-23","req":{"method":"GET","url":"/api/v1/fs/events?workspaceId=workspace","host":"127.0.0.1:6140","remoteAddress":"127.0.0.1","remotePort":33384},"msg":"incoming request"}
{"level":30,"time":1788994471625,"pid":49295,"hostname":"vps-15cf2c41","reqId":"req-24","req":{"method":"GET","url":"/api/v1/ui/commands/next?workspaceId=workspace","host":"127.0.0.1:6140","remoteAddress":"127.0.0.1","remotePort":33386},"msg":"incoming request"}
{"level":30,"time":1788994471628,"pid":49295,"hostname":"vps-15cf2c41","reqId":"req-25","req":{"method":"GET","url":"/api/v1/ui/state","host":"127.0.0.1:6140","remoteAddress":"127.0.0.1","remotePort":33402},"msg":"incoming request"}
{"level":30,"time":1788994471629,"pid":49295,"hostname":"vps-15cf2c41","reqId":"req-25","res":{"statusCode":200},"responseTime":0.7453680000035092,"msg":"request completed"}
[2026-09-09T22:54:31.694Z WARN  chromiumoxide::handler] WS Invalid message: data did not match any variant of untagged enum Message
[2026-09-09T22:54:31.697Z WARN  chromiumoxide::handler] WS Invalid message: data did not match any variant of untagged enum Message
[2026-09-09T22:54:31.699Z WARN  chromiumoxide::handler] WS Invalid message: data did not match any variant of untagged enum Message
{"level":30,"time":1788994471700,"pid":49295,"hostname":"vps-15cf2c41","reqId":"req-26","req":{"method":"GET","url":"/api/v1/agents/alpha/sessions?limit=50&archived=active","host":"127.0.0.1:6140","remoteAddress":"127.0.0.1","remotePort":33418},"msg":"incoming request"}
{"level":30,"time":1788994471708,"pid":49295,"hostname":"vps-15cf2c41","reqId":"req-27","req":{"method":"GET","url":"/api/v1/tree?path=.","host":"127.0.0.1:6140","remoteAddress":"127.0.0.1","remotePort":33428},"msg":"incoming request"}
{"level":30,"time":1788994471710,"pid":49295,"hostname":"vps-15cf2c41","reqId":"req-28","req":{"method":"GET","url":"/api/v1/agents/alpha/ready-status","host":"127.0.0.1:6140","remoteAddress":"127.0.0.1","remotePort":33436},"msg":"incoming request"}
{"level":30,"time":1788994471717,"pid":49295,"hostname":"vps-15cf2c41","reqId":"req-27","res":{"statusCode":200},"responseTime":8.499681000001146,"msg":"request completed"}
[2026-09-09T22:54:31.725Z WARN  chromiumoxide::handler] WS Invalid message: data did not match any variant of untagged enum Message
{"level":30,"time":1788994471728,"pid":49295,"hostname":"vps-15cf2c41","reqId":"req-29","req":{"method":"GET","url":"/api/v1/tree?path=.","host":"127.0.0.1:6140","remoteAddress":"127.0.0.1","remotePort":33450},"msg":"incoming request"}
{"level":30,"time":1788994471736,"pid":49295,"hostname":"vps-15cf2c41","reqId":"req-29","res":{"statusCode":200},"responseTime":7.468284999995376,"msg":"request completed"}
{"level":30,"time":1788994471747,"pid":49295,"hostname":"vps-15cf2c41","reqId":"req-26","res":{"statusCode":200},"responseTime":47.40082899999106,"msg":"request completed"}
{"level":30,"time":1788994471756,"pid":49295,"hostname":"vps-15cf2c41","reqId":"req-28","res":{"statusCode":200},"responseTime":46.11077800000203,"msg":"request completed"}
[2026-09-09T22:54:31.758Z WARN  chromiumoxide::handler] WS Invalid message: data did not match any variant of untagged enum Message
{"level":30,"time":1788994471761,"pid":49295,"hostname":"vps-15cf2c41","reqId":"req-2a","req":{"method":"GET","url":"/api/v1/agents/alpha/sessions?limit=50&archived=active","host":"127.0.0.1:6140","remoteAddress":"127.0.0.1","remotePort":33452},"msg":"incoming request"}
[2026-09-09T22:54:31.766Z WARN  chromiumoxide::handler] WS Invalid message: data did not match any variant of untagged enum Message
{"level":30,"time":1788994471767,"pid":49295,"hostname":"vps-15cf2c41","reqId":"req-2b","req":{"method":"GET","url":"/api/v1/agents/alpha/ready-status","host":"127.0.0.1:6140","remoteAddress":"127.0.0.1","remotePort":33468},"msg":"incoming request"}
{"level":30,"time":1788994471778,"pid":49295,"hostname":"vps-15cf2c41","reqId":"req-2b","res":{"statusCode":200},"responseTime":11.204591000001528,"msg":"request completed"}
{"level":30,"time":1788994471780,"pid":49295,"hostname":"vps-15cf2c41","reqId":"req-2a","res":{"statusCode":200},"responseTime":19.310050000000047,"msg":"request completed"}
00:00.221 Clicking <button> (x: 137.5, y: 82.0, content: "Search⌘K")
[2026-09-09T22:54:31.830Z WARN  chromiumoxide::handler] WS Invalid message: data did not match any variant of untagged enum Message
{"level":30,"time":1788994471832,"pid":49295,"hostname":"vps-15cf2c41","reqId":"req-2c","req":{"method":"GET","url":"/api/v1/ui/state","host":"127.0.0.1:6140","remoteAddress":"127.0.0.1","remotePort":33480},"msg":"incoming request"}
{"level":30,"time":1788994471832,"pid":49295,"hostname":"vps-15cf2c41","reqId":"req-2c","res":{"statusCode":200},"responseTime":0.5712669999920763,"msg":"request completed"}
{"level":30,"time":1788994471922,"pid":49295,"hostname":"vps-15cf2c41","reqId":"req-2d","req":{"method":"POST","url":"/api/v1/workspace-bridge/call","host":"127.0.0.1:6140","remoteAddress":"127.0.0.1","remotePort":33490},"msg":"incoming request"}
{"level":30,"time":1788994471924,"pid":49295,"hostname":"vps-15cf2c41","reqId":"req-2d","res":{"statusCode":200},"responseTime":2.468304999987595,"msg":"request completed"}
[2026-09-09T22:54:31.929Z WARN  chromiumoxide::handler] WS Invalid message: data did not match any variant of untagged enum Message
{"level":30,"time":1788994471935,"pid":49295,"hostname":"vps-15cf2c41","reqId":"req-2e","req":{"method":"GET","url":"/api/v1/agents/alpha/sessions?limit=50&archived=archived","host":"127.0.0.1:6140","remoteAddress":"127.0.0.1","remotePort":33498},"msg":"incoming request"}
[2026-09-09T22:54:31.934Z WARN  chromiumoxide::handler] WS Invalid message: data did not match any variant of untagged enum Message
{"level":30,"time":1788994471955,"pid":49295,"hostname":"vps-15cf2c41","reqId":"req-2e","res":{"statusCode":200},"responseTime":19.783643999995547,"msg":"request completed"}
[2026-09-09T22:54:32.295Z WARN  chromiumoxide::handler] WS Invalid message: data did not match any variant of untagged enum Message
[2026-09-09T22:54:32.306Z WARN  chromiumoxide::handler] WS Invalid message: data did not match any variant of untagged enum Message
{"level":30,"time":1788994472308,"pid":49295,"hostname":"vps-15cf2c41","reqId":"req-2f","req":{"method":"GET","url":"/api/v1/agents/session-activity/events?workspaceId=workspace","host":"127.0.0.1:6140","remoteAddress":"127.0.0.1","remotePort":33506},"msg":"incoming request"}
00:00.862 Waiting
00:01.122 Typing > (delay: 0ms)
00:01.276 Typing > (delay: 0ms)
00:01.388 Typing no-matching-fixture-command (delay: 0ms)
[2026-09-09T22:54:34.027Z WARN  chromiumoxide::handler] WS Invalid message: data did not match any variant of untagged enum Message
{"level":30,"time":1788994474026,"pid":49295,"hostname":"vps-15cf2c41","reqId":"req-2g","req":{"method":"POST","url":"/api/v1/agents/alpha/sessions","host":"127.0.0.1:6140","remoteAddress":"127.0.0.1","remotePort":33512},"msg":"incoming request"}
{"level":30,"time":1788994474038,"pid":49295,"hostname":"vps-15cf2c41","reqId":"req-2g","res":{"statusCode":201},"responseTime":11.2558779999963,"msg":"request completed"}
{"level":30,"time":1788994474059,"pid":49295,"hostname":"vps-15cf2c41","reqId":"req-2h","req":{"method":"GET","url":"/api/v1/agents/alpha/sessions?limit=50&archived=active","host":"127.0.0.1:6140","remoteAddress":"127.0.0.1","remotePort":33520},"msg":"incoming request"}
[2026-09-09T22:54:34.062Z WARN  chromiumoxide::handler] WS Invalid message: data did not match any variant of untagged enum Message
{"level":30,"time":1788994474076,"pid":49295,"hostname":"vps-15cf2c41","reqId":"req-2h","res":{"statusCode":200},"responseTime":16.567912999991677,"msg":"request completed"}
[2026-09-09T22:54:34.121Z WARN  chromiumoxide::handler] WS Invalid message: data did not match any variant of untagged enum Message
[2026-09-09T22:54:34.122Z WARN  chromiumoxide::handler] WS Invalid message: data did not match any variant of untagged enum Message
{"level":30,"time":1788994474123,"pid":49295,"hostname":"vps-15cf2c41","reqId":"req-2i","req":{"method":"GET","url":"/api/v1/ui/state","host":"127.0.0.1:6140","remoteAddress":"127.0.0.1","remotePort":33522},"msg":"incoming request"}
{"level":30,"time":1788994474124,"pid":49295,"hostname":"vps-15cf2c41","reqId":"req-2i","res":{"statusCode":200},"responseTime":0.538046999994549,"msg":"request completed"}
{"level":30,"time":1788994474126,"pid":49295,"hostname":"vps-15cf2c41","reqId":"req-2j","req":{"method":"GET","url":"/api/v1/agents/alpha/sessions?limit=50&archived=archived","host":"127.0.0.1:6140","remoteAddress":"127.0.0.1","remotePort":33536},"msg":"incoming request"}
{"level":30,"time":1788994474137,"pid":49295,"hostname":"vps-15cf2c41","reqId":"req-2j","res":{"statusCode":200},"responseTime":11.317352999991272,"msg":"request completed"}
[2026-09-09T22:54:34.189Z WARN  chromiumoxide::handler] WS Invalid message: data did not match any variant of untagged enum Message
{"level":30,"time":1788994474190,"pid":49295,"hostname":"vps-15cf2c41","reqId":"req-2k","req":{"method":"POST","url":"/api/v1/workspace-bridge/call","host":"127.0.0.1:6140","remoteAddress":"127.0.0.1","remotePort":33544},"msg":"incoming request"}
{"level":30,"time":1788994474192,"pid":49295,"hostname":"vps-15cf2c41","reqId":"req-2k","res":{"statusCode":200},"responseTime":1.294731000001775,"msg":"request completed"}
[2026-09-09T22:54:34.663Z WARN  chromiumoxide::handler] WS Invalid message: data did not match any variant of untagged enum Message
{"level":30,"time":1788994474667,"pid":49295,"hostname":"vps-15cf2c41","reqId":"req-2l","req":{"method":"GET","url":"/api/v1/agents/session-activity/events?workspaceId=workspace","host":"127.0.0.1:6140","remoteAddress":"127.0.0.1","remotePort":33558},"msg":"incoming request"}
00:03.161 Pressing Escape (code: 27)
[2026-09-09T22:54:35.245Z WARN  chromiumoxide::handler] WS Invalid message: data did not match any variant of untagged enum Message
{"level":30,"time":1788994475247,"pid":49295,"hostname":"vps-15cf2c41","reqId":"req-2m","req":{"method":"PUT","url":"/api/v1/ui/state","host":"127.0.0.1:6140","remoteAddress":"127.0.0.1","remotePort":33564},"msg":"incoming request"}
{"level":30,"time":1788994475249,"pid":49295,"hostname":"vps-15cf2c41","reqId":"req-2m","res":{"statusCode":204},"responseTime":1.2119160000002012,"msg":"request completed"}
[2026-09-09T22:54:35.264Z WARN  chromiumoxide::handler] WS Invalid message: data did not match any variant of untagged enum Message
{"level":30,"time":1788994475267,"pid":49295,"hostname":"vps-15cf2c41","reqId":"req-2n","req":{"method":"GET","url":"/api/v1/agents/alpha/models","host":"127.0.0.1:6140","remoteAddress":"127.0.0.1","remotePort":33570},"msg":"incoming request"}
[2026-09-09T22:54:35.287Z WARN  chromiumoxide::handler] WS Invalid message: data did not match any variant of untagged enum Message
[2026-09-09T22:54:35.290Z WARN  chromiumoxide::handler] WS Invalid message: data did not match any variant of untagged enum Message
{"level":30,"time":1788994475297,"pid":49295,"hostname":"vps-15cf2c41","reqId":"req-2o","req":{"method":"GET","url":"/api/v1/agents/alpha/commands?sessionId=scripted-2","host":"127.0.0.1:6140","remoteAddress":"127.0.0.1","remotePort":33576},"msg":"incoming request"}
{"level":30,"time":1788994475302,"pid":49295,"hostname":"vps-15cf2c41","reqId":"req-2p","req":{"method":"GET","url":"/api/v1/workspace/meta","host":"127.0.0.1:6140","remoteAddress":"127.0.0.1","remotePort":33592},"msg":"incoming request"}
{"level":30,"time":1788994475303,"pid":49295,"hostname":"vps-15cf2c41","reqId":"req-2p","res":{"statusCode":200},"responseTime":0.607216000003973,"msg":"request completed"}
{"level":30,"time":1788994475317,"pid":49295,"hostname":"vps-15cf2c41","reqId":"req-2n","res":{"statusCode":200},"responseTime":49.6573470000003,"msg":"request completed"}
{"level":30,"time":1788994475330,"pid":49295,"hostname":"vps-15cf2c41","reqId":"req-2q","req":{"method":"GET","url":"/api/v1/agents/alpha/models","host":"127.0.0.1:6140","remoteAddress":"127.0.0.1","remotePort":33608},"msg":"incoming request"}
[2026-09-09T22:54:35.341Z WARN  chromiumoxide::handler] WS Invalid message: data did not match any variant of untagged enum Message
[2026-09-09T22:54:35.341Z WARN  chromiumoxide::handler] WS Invalid message: data did not match any variant of untagged enum Message
{"level":30,"time":1788994475341,"pid":49295,"hostname":"vps-15cf2c41","reqId":"req-2r","req":{"method":"GET","url":"/api/v1/workspace/meta","host":"127.0.0.1:6140","remoteAddress":"127.0.0.1","remotePort":33616},"msg":"incoming request"}
{"level":30,"time":1788994475343,"pid":49295,"hostname":"vps-15cf2c41","reqId":"req-2r","res":{"statusCode":200},"responseTime":1.4910990000062156,"msg":"request completed"}
{"level":30,"time":1788994475358,"pid":49295,"hostname":"vps-15cf2c41","reqId":"req-2o","res":{"statusCode":200},"responseTime":58.56313300000329,"msg":"request completed"}
[2026-09-09T22:54:35.371Z WARN  chromiumoxide::handler] WS Invalid message: data did not match any variant of untagged enum Message
{"level":30,"time":1788994475373,"pid":49295,"hostname":"vps-15cf2c41","reqId":"req-2s","req":{"method":"GET","url":"/api/v1/agents/alpha/commands?sessionId=scripted-2","host":"127.0.0.1:6140","remoteAddress":"127.0.0.1","remotePort":33632},"msg":"incoming request"}
{"level":30,"time":1788994475387,"pid":49295,"hostname":"vps-15cf2c41","reqId":"req-2q","res":{"statusCode":200},"responseTime":55.59129199999734,"msg":"request completed"}
{"level":30,"time":1788994475399,"pid":49295,"hostname":"vps-15cf2c41","reqId":"req-2s","res":{"statusCode":200},"responseTime":26.140534000005573,"msg":"request completed"}
{"level":30,"time":1788994475445,"pid":49295,"hostname":"vps-15cf2c41","reqId":"req-2t","req":{"method":"GET","url":"/api/v1/agents/alpha/sessions/scripted-2/state","host":"127.0.0.1:6140","remoteAddress":"127.0.0.1","remotePort":33638},"msg":"incoming request"}
[2026-09-09T22:54:35.452Z WARN  chromiumoxide::handler] WS Invalid message: data did not match any variant of untagged enum Message
{"level":30,"time":1788994475465,"pid":49295,"hostname":"vps-15cf2c41","reqId":"req-2t","res":{"statusCode":200},"responseTime":19.95413600000029,"msg":"request completed"}
00:03.915 Waiting
00:03.989 Waiting
{"level":30,"time":1788994475643,"pid":49295,"hostname":"vps-15cf2c41","reqId":"req-2u","req":{"method":"GET","url":"/api/v1/agents/alpha/models","host":"127.0.0.1:6140","remoteAddress":"127.0.0.1","remotePort":33646},"msg":"incoming request"}
{"level":30,"time":1788994475647,"pid":49295,"hostname":"vps-15cf2c41","reqId":"req-2v","req":{"method":"GET","url":"/api/v1/agents/alpha/sessions/scripted-2/events?cursor=0","host":"127.0.0.1:6140","remoteAddress":"127.0.0.1","remotePort":33656},"msg":"incoming request"}
[2026-09-09T22:54:35.646Z WARN  chromiumoxide::handler] WS Invalid message: data did not match any variant of untagged enum Message
[2026-09-09T22:54:35.646Z WARN  chromiumoxide::handler] WS Invalid message: data did not match any variant of untagged enum Message
{"level":30,"time":1788994475660,"pid":49295,"hostname":"vps-15cf2c41","reqId":"req-2u","res":{"statusCode":200},"responseTime":16.577581999998074,"msg":"request completed"}
00:04.179 Clicking <button> (x: 137.5, y: 82.0, content: "Search⌘K")
00:04.526 Pressing Escape (code: 27)
00:04.780 Waiting
00:05.078 Clicking <button> (x: 137.5, y: 82.0, content: "Search⌘K")
00:05.352 Typing no-matching-fixture-command (delay: 0ms)
00:06.471 Typing no-matching-fixture-command (delay: 0ms)
00:07.674 Clicking <button> (x: 526.0, y: 377.5, content: "Commands")
00:07.871 Clicking <button> (x: 526.0, y: 377.5, content: "Commands")
00:08.012 Typing no-matching-fixture-command (delay: 0ms)
00:09.158 Pressing Escape (code: 27)
00:09.421 Waiting
00:09.546 Clicking <button> (x: 137.5, y: 82.0, content: "Search⌘K")
00:09.850 Pressing Escape (code: 27)
00:10.075 Waiting
00:10.181 Clicking <button> (x: 137.5, y: 82.0, content: "Search⌘K")
00:10.518 Typing > (delay: 0ms)
00:10.790 Typing > (delay: 0ms)
00:10.949 Waiting
00:11.270 Typing no-matching-fixture-command (delay: 0ms)
00:12.534 Waiting
00:12.836 Pressing Escape (code: 27)
00:13.057 Waiting
00:13.174 Waiting
00:13.477 Waiting
00:13.782 Waiting
00:14.100 Clicking <button> (x: 137.5, y: 82.0, content: "Search⌘K")
00:14.424 Typing > (delay: 0ms)
00:14.598 Waiting
00:14.701 Clicking <button> (x: 526.0, y: 321.5, content: "Commands")
00:14.826 Waiting
00:15.127 Clicking <button> (x: 526.0, y: 321.5, content: "Commands")
00:15.289 Pressing Escape (code: 27)
00:15.872 Waiting
00:16.190 Clicking <button> (x: 137.5, y: 82.0, content: "Search⌘K")
00:16.506 Typing no-matching-fixture-command (delay: 0ms)
00:17.566 Typing no-matching-fixture-command (delay: 0ms)
00:18.451 Waiting
00:18.543 Clicking <button> (x: 526.0, y: 377.5, content: "Commands")
00:18.705 Typing > (delay: 0ms)
00:18.843 Pressing Escape (code: 27)
00:19.028 Waiting
00:19.174 Waiting
00:19.470 Clicking <button> (x: 137.5, y: 82.0, content: "Search⌘K")
00:19.750 Clicking <button> (x: 526.0, y: 379.5, content: "Commands")
00:19.959 Typing no-matching-fixture-command (delay: 0ms)

Test finished after time limit!

Inspect the test results using:

  bombadil browser inspect /dev/shm/cpr-176/boring-ui-review-run.jYFVHO/explore-desktop.HrOUCW

Reproduce this test using:

  bombadil browser test http://127.0.0.1:6130/?fresh=1 <sandbox-root>/tools/ui-review/src/review-specs/workspace-command-palette/bombadil.spec.ts --width 1440 --height 900 --headless --no-sandbox --reproduce /dev/shm/cpr-176/boring-ui-review-run.jYFVHO/explore-desktop.HrOUCW

{"level":30,"time":1788994492749,"pid":49295,"hostname":"vps-15cf2c41","reqId":"req-2v","res":{"statusCode":200},"msg":"stream closed prematurely"}
[2026-09-09T22:55:02.096Z WARN  chromiumoxide::handler] WS Invalid message: data did not match any variant of untagged enum Message
[2026-09-09T22:55:02.102Z WARN  chromiumoxide::handler] WS Invalid message: data did not match any variant of untagged enum Message
[2026-09-09T22:55:02.102Z WARN  chromiumoxide::handler] WS Invalid message: data did not match any variant of untagged enum Message
[2026-09-09T22:55:02.167Z WARN  chromiumoxide::handler] WS Invalid message: data did not match any variant of untagged enum Message
[2026-09-09T22:55:02.233Z WARN  chromiumoxide::handler] WS Invalid message: data did not match any variant of untagged enum Message
[2026-09-09T22:55:02.233Z WARN  chromiumoxide::handler] WS Invalid message: data did not match any variant of untagged enum Message
[2026-09-09T22:55:02.236Z WARN  chromiumoxide::handler] WS Invalid message: data did not match any variant of untagged enum Message
[2026-09-09T22:55:02.241Z WARN  chromiumoxide::handler] WS Invalid message: data did not match any variant of untagged enum Message
[2026-09-09T22:55:02.241Z WARN  chromiumoxide::handler] WS Invalid message: data did not match any variant of untagged enum Message
[2026-09-09T22:55:02.241Z WARN  chromiumoxide::handler] WS Invalid message: data did not match any variant of untagged enum Message
[2026-09-09T22:55:02.241Z WARN  chromiumoxide::handler] WS Invalid message: data did not match any variant of untagged enum Message
[2026-09-09T22:55:02.242Z WARN  chromiumoxide::handler] WS Invalid message: data did not match any variant of untagged enum Message
[2026-09-09T22:55:02.333Z WARN  chromiumoxide::handler] WS Invalid message: data did not match any variant of untagged enum Message
[2026-09-09T22:55:02.694Z WARN  chromiumoxide::handler] WS Invalid message: data did not match any variant of untagged enum Message
[2026-09-09T22:55:02.694Z WARN  chromiumoxide::handler] WS Invalid message: data did not match any variant of untagged enum Message
[2026-09-09T22:55:02.694Z WARN  chromiumoxide::handler] WS Invalid message: data did not match any variant of untagged enum Message
[2026-09-09T22:55:02.694Z WARN  chromiumoxide::handler] WS Invalid message: data did not match any variant of untagged enum Message
[2026-09-09T22:55:02.695Z WARN  chromiumoxide::handler] WS Invalid message: data did not match any variant of untagged enum Message
[2026-09-09T22:55:02.695Z WARN  chromiumoxide::handler] WS Invalid message: data did not match any variant of untagged enum Message
[2026-09-09T22:55:02.717Z WARN  chromiumoxide::handler] WS Invalid message: data did not match any variant of untagged enum Message
[2026-09-09T22:55:02.746Z WARN  chromiumoxide::handler] WS Invalid message: data did not match any variant of untagged enum Message
[2026-09-09T22:55:02.762Z WARN  chromiumoxide::handler] WS Invalid message: data did not match any variant of untagged enum Message
[2026-09-09T22:55:02.823Z WARN  chromiumoxide::handler] WS Invalid message: data did not match any variant of untagged enum Message
[2026-09-09T22:55:02.874Z WARN  chromiumoxide::handler] WS Invalid message: data did not match any variant of untagged enum Message
[2026-09-09T22:55:02.879Z WARN  chromiumoxide::handler] WS Invalid message: data did not match any variant of untagged enum Message
[2026-09-09T22:55:02.891Z WARN  chromiumoxide::handler] WS Invalid message: data did not match any variant of untagged enum Message
[2026-09-09T22:55:03.011Z WARN  chromiumoxide::handler] WS Invalid message: data did not match any variant of untagged enum Message
[2026-09-09T22:55:03.014Z WARN  chromiumoxide::handler] WS Invalid message: data did not match any variant of untagged enum Message
[2026-09-09T22:55:03.016Z WARN  chromiumoxide::handler] WS Invalid message: data did not match any variant of untagged enum Message
[2026-09-09T22:55:03.069Z WARN  chromiumoxide::handler] WS Invalid message: data did not match any variant of untagged enum Message
[2026-09-09T22:55:03.078Z WARN  chromiumoxide::handler] WS Invalid message: data did not match any variant of untagged enum Message
[2026-09-09T22:55:03.078Z WARN  chromiumoxide::handler] WS Invalid message: data did not match any variant of untagged enum Message
[2026-09-09T22:55:03.097Z WARN  chromiumoxide::handler] WS Invalid message: data did not match any variant of untagged enum Message
[2026-09-09T22:55:03.160Z WARN  chromiumoxide::handler] WS Invalid message: data did not match any variant of untagged enum Message
[2026-09-09T22:55:03.162Z WARN  chromiumoxide::handler] WS Invalid message: data did not match any variant of untagged enum Message
[2026-09-09T22:55:03.190Z WARN  chromiumoxide::handler] WS Invalid message: data did not match any variant of untagged enum Message
[2026-09-09T22:55:03.224Z WARN  chromiumoxide::handler] WS Invalid message: data did not match any variant of untagged enum Message
[2026-09-09T22:55:03.224Z WARN  chromiumoxide::handler] WS Invalid message: data did not match any variant of untagged enum Message
[2026-09-09T22:55:03.224Z WARN  chromiumoxide::handler] WS Invalid message: data did not match any variant of untagged enum Message
[2026-09-09T22:55:03.224Z WARN  chromiumoxide::handler] WS Invalid message: data did not match any variant of untagged enum Message
[2026-09-09T22:55:03.224Z WARN  chromiumoxide::handler] WS Invalid message: data did not match any variant of untagged enum Message
[2026-09-09T22:55:03.225Z WARN  chromiumoxide::handler] WS Invalid message: data did not match any variant of untagged enum Message
[2026-09-09T22:55:03.235Z WARN  chromiumoxide::handler] WS Invalid message: data did not match any variant of untagged enum Message
[2026-09-09T22:55:03.235Z WARN  chromiumoxide::handler] WS Invalid message: data did not match any variant of untagged enum Message
[2026-09-09T22:55:03.235Z WARN  chromiumoxide::handler] WS Invalid message: data did not match any variant of untagged enum Message
[2026-09-09T22:55:03.244Z WARN  chromiumoxide::handler] WS Invalid message: data did not match any variant of untagged enum Message
[2026-09-09T22:55:03.247Z WARN  chromiumoxide::handler] WS Invalid message: data did not match any variant of untagged enum Message
[2026-09-09T22:55:03.273Z WARN  chromiumoxide::handler] WS Invalid message: data did not match any variant of untagged enum Message
[2026-09-09T22:55:03.280Z WARN  chromiumoxide::handler] WS Invalid message: data did not match any variant of untagged enum Message
[2026-09-09T22:55:03.280Z WARN  chromiumoxide::handler] WS Invalid message: data did not match any variant of untagged enum Message
[2026-09-09T22:55:03.282Z WARN  chromiumoxide::handler] WS Invalid message: data did not match any variant of untagged enum Message
[2026-09-09T22:55:03.440Z WARN  chromiumoxide::handler] WS Invalid message: data did not match any variant of untagged enum Message
[2026-09-09T22:55:03.440Z WARN  chromiumoxide::handler] WS Invalid message: data did not match any variant of untagged enum Message
[2026-09-09T22:55:03.440Z WARN  chromiumoxide::handler] WS Invalid message: data did not match any variant of untagged enum Message
[2026-09-09T22:55:03.440Z WARN  chromiumoxide::handler] WS Invalid message: data did not match any variant of untagged enum Message
[2026-09-09T22:55:03.440Z WARN  chromiumoxide::handler] WS Invalid message: data did not match any variant of untagged enum Message
[2026-09-09T22:55:03.440Z WARN  chromiumoxide::handler] WS Invalid message: data did not match any variant of untagged enum Message
[2026-09-09T22:55:03.440Z WARN  chromiumoxide::handler] WS Invalid message: data did not match any variant of untagged enum Message
[2026-09-09T22:55:03.441Z WARN  chromiumoxide::handler] WS Invalid message: data did not match any variant of untagged enum Message
[2026-09-09T22:55:03.717Z WARN  chromiumoxide::handler] WS Invalid message: data did not match any variant of untagged enum Message
[2026-09-09T22:55:03.735Z WARN  chromiumoxide::handler] WS Invalid message: data did not match any variant of untagged enum Message
[2026-09-09T22:55:03.771Z WARN  chromiumoxide::handler] WS Invalid message: data did not match any variant of untagged enum Message
[2026-09-09T22:55:03.771Z WARN  chromiumoxide::handler] WS Invalid message: data did not match any variant of untagged enum Message
[2026-09-09T22:55:03.771Z WARN  chromiumoxide::handler] WS Invalid message: data did not match any variant of untagged enum Message
[2026-09-09T22:55:03.771Z WARN  chromiumoxide::handler] WS Invalid message: data did not match any variant of untagged enum Message
[2026-09-09T22:55:03.771Z WARN  chromiumoxide::handler] WS Invalid message: data did not match any variant of untagged enum Message
[2026-09-09T22:55:03.773Z WARN  chromiumoxide::handler] WS Invalid message: data did not match any variant of untagged enum Message
[2026-09-09T22:55:03.774Z WARN  chromiumoxide::handler] WS Invalid message: data did not match any variant of untagged enum Message
[2026-09-09T22:55:03.775Z WARN  chromiumoxide::handler] WS Invalid message: data did not match any variant of untagged enum Message
[2026-09-09T22:55:03.775Z WARN  chromiumoxide::handler] WS Invalid message: data did not match any variant of untagged enum Message
[2026-09-09T22:55:03.775Z WARN  chromiumoxide::handler] WS Invalid message: data did not match any variant of untagged enum Message
[2026-09-09T22:55:03.775Z WARN  chromiumoxide::handler] WS Invalid message: data did not match any variant of untagged enum Message
[2026-09-09T22:55:03.779Z WARN  chromiumoxide::handler] WS Invalid message: data did not match any variant of untagged enum Message
[2026-09-09T22:55:03.805Z WARN  chromiumoxide::handler] WS Invalid message: data did not match any variant of untagged enum Message
[2026-09-09T22:55:03.805Z WARN  chromiumoxide::handler] WS Invalid message: data did not match any variant of untagged enum Message
[2026-09-09T22:55:03.805Z WARN  chromiumoxide::handler] WS Invalid message: data did not match any variant of untagged enum Message
[2026-09-09T22:55:03.814Z WARN  chromiumoxide::handler] WS Invalid message: data did not match any variant of untagged enum Message
[2026-09-09T22:55:03.814Z WARN  chromiumoxide::handler] WS Invalid message: data did not match any variant of untagged enum Message
[2026-09-09T22:55:03.814Z WARN  chromiumoxide::handler] WS Invalid message: data did not match any variant of untagged enum Message
[2026-09-09T22:55:03.814Z WARN  chromiumoxide::handler] WS Invalid message: data did not match any variant of untagged enum Message
[2026-09-09T22:55:03.815Z WARN  chromiumoxide::handler] WS Invalid message: data did not match any variant of untagged enum Message
[2026-09-09T22:55:03.863Z WARN  chromiumoxide::handler] WS Invalid message: data did not match any variant of untagged enum Message
[2026-09-09T22:55:03.884Z WARN  chromiumoxide::handler] WS Invalid message: data did not match any variant of untagged enum Message
[2026-09-09T22:55:03.884Z WARN  chromiumoxide::handler] WS Invalid message: data did not match any variant of untagged enum Message
[2026-09-09T22:55:03.895Z WARN  chromiumoxide::handler] WS Invalid message: data did not match any variant of untagged enum Message
[2026-09-09T22:55:03.895Z WARN  chromiumoxide::handler] WS Invalid message: data did not match any variant of untagged enum Message
[2026-09-09T22:55:03.954Z WARN  chromiumoxide::handler] WS Invalid message: data did not match any variant of untagged enum Message
[2026-09-09T22:55:03.954Z WARN  chromiumoxide::handler] WS Invalid message: data did not match any variant of untagged enum Message
[2026-09-09T22:55:03.954Z WARN  chromiumoxide::handler] WS Invalid message: data did not match any variant of untagged enum Message
[2026-09-09T22:55:03.954Z WARN  chromiumoxide::handler] WS Invalid message: data did not match any variant of untagged enum Message
[2026-09-09T22:55:03.956Z WARN  chromiumoxide::handler] WS Invalid message: data did not match any variant of untagged enum Message
[2026-09-09T22:55:03.979Z WARN  chromiumoxide::handler] WS Invalid message: data did not match any variant of untagged enum Message
[2026-09-09T22:55:03.979Z WARN  chromiumoxide::handler] WS Invalid message: data did not match any variant of untagged enum Message
[2026-09-09T22:55:04.009Z WARN  chromiumoxide::handler] WS Invalid message: data did not match any variant of untagged enum Message
[2026-09-09T22:55:04.013Z WARN  chromiumoxide::handler] WS Invalid message: data did not match any variant of untagged enum Message
[2026-09-09T22:55:04.028Z WARN  chromiumoxide::handler] WS Invalid message: data did not match any variant of untagged enum Message
[2026-09-09T22:55:04.029Z WARN  chromiumoxide::handler] WS Invalid message: data did not match any variant of untagged enum Message
[2026-09-09T22:55:04.029Z WARN  chromiumoxide::handler] WS Invalid message: data did not match any variant of untagged enum Message
[2026-09-09T22:55:04.029Z WARN  chromiumoxide::handler] WS Invalid message: data did not match any variant of untagged enum Message
[2026-09-09T22:55:04.029Z WARN  chromiumoxide::handler] WS Invalid message: data did not match any variant of untagged enum Message
[2026-09-09T22:55:04.029Z WARN  chromiumoxide::handler] WS Invalid message: data did not match any variant of untagged enum Message
[2026-09-09T22:55:04.048Z WARN  chromiumoxide::handler] WS Invalid message: data did not match any variant of untagged enum Message
[2026-09-09T22:55:04.048Z WARN  chromiumoxide::handler] WS Invalid message: data did not match any variant of untagged enum Message
[2026-09-09T22:55:04.048Z WARN  chromiumoxide::handler] WS Invalid message: data did not match any variant of untagged enum Message
[2026-09-09T22:55:04.048Z WARN  chromiumoxide::handler] WS Invalid message: data did not match any variant of untagged enum Message
[2026-09-09T22:55:04.060Z WARN  chromiumoxide::handler] WS Invalid message: data did not match any variant of untagged enum Message
[2026-09-09T22:55:04.133Z WARN  chromiumoxide::handler] WS Invalid message: data did not match any variant of untagged enum Message
[2026-09-09T22:55:04.133Z WARN  chromiumoxide::handler] WS Invalid message: data did not match any variant of untagged enum Message
[2026-09-09T22:55:04.171Z WARN  chromiumoxide::handler] WS Invalid message: data did not match any variant of untagged enum Message
[2026-09-09T22:55:04.171Z WARN  chromiumoxide::handler] WS Invalid message: data did not match any variant of untagged enum Message
[2026-09-09T22:55:04.171Z WARN  chromiumoxide::handler] WS Invalid message: data did not match any variant of untagged enum Message
[2026-09-09T22:55:04.195Z WARN  chromiumoxide::handler] WS Invalid message: data did not match any variant of untagged enum Message
[2026-09-09T22:55:04.195Z WARN  chromiumoxide::handler] WS Invalid message: data did not match any variant of untagged enum Message
[2026-09-09T22:55:04.196Z WARN  chromiumoxide::handler] WS Invalid message: data did not match any variant of untagged enum Message
[2026-09-09T22:55:04.210Z WARN  chromiumoxide::handler] WS Invalid message: data did not match any variant of untagged enum Message
[2026-09-09T22:55:04.212Z WARN  chromiumoxide::handler] WS Invalid message: data did not match any variant of untagged enum Message
[2026-09-09T22:55:04.216Z WARN  chromiumoxide::handler] WS Invalid message: data did not match any variant of untagged enum Message
[2026-09-09T22:55:04.217Z WARN  chromiumoxide::handler] WS Invalid message: data did not match any variant of untagged enum Message
[2026-09-09T22:55:04.217Z WARN  chromiumoxide::handler] WS Invalid message: data did not match any variant of untagged enum Message
[2026-09-09T22:55:04.219Z WARN  chromiumoxide::handler] WS Invalid message: data did not match any variant of untagged enum Message
[2026-09-09T22:55:04.219Z WARN  chromiumoxide::handler] WS Invalid message: data did not match any variant of untagged enum Message
[2026-09-09T22:55:04.227Z WARN  chromiumoxide::handler] WS Invalid message: data did not match any variant of untagged enum Message
[2026-09-09T22:55:04.344Z WARN  chromiumoxide::handler] WS Invalid message: data did not match any variant of untagged enum Message
[2026-09-09T22:55:04.651Z WARN  chromiumoxide::handler] WS Invalid message: data did not match any variant of untagged enum Message
[2026-09-09T22:55:04.651Z WARN  chromiumoxide::handler] WS Invalid message: data did not match any variant of untagged enum Message
[2026-09-09T22:55:04.652Z WARN  chromiumoxide::handler] WS Invalid message: data did not match any variant of untagged enum Message
[2026-09-09T22:55:04.652Z WARN  chromiumoxide::handler] WS Invalid message: data did not match any variant of untagged enum Message
[2026-09-09T22:55:04.653Z WARN  chromiumoxide::handler] WS Invalid message: data did not match any variant of untagged enum Message
[2026-09-09T22:55:04.653Z WARN  chromiumoxide::handler] WS Invalid message: data did not match any variant of untagged enum Message
[2026-09-09T22:55:04.763Z WARN  chromiumoxide::handler] WS Invalid message: data did not match any variant of untagged enum Message
[2026-09-09T22:55:04.780Z WARN  chromiumoxide::handler] WS Invalid message: data did not match any variant of untagged enum Message
[2026-09-09T22:55:04.797Z WARN  chromiumoxide::handler] WS Invalid message: data did not match any variant of untagged enum Message
[2026-09-09T22:55:04.799Z WARN  chromiumoxide::handler] WS Invalid message: data did not match any variant of untagged enum Message
[2026-09-09T22:55:04.841Z WARN  chromiumoxide::handler] WS Invalid message: data did not match any variant of untagged enum Message
[2026-09-09T22:55:04.842Z WARN  chromiumoxide::handler] WS Invalid message: data did not match any variant of untagged enum Message
[2026-09-09T22:55:04.842Z WARN  chromiumoxide::handler] WS Invalid message: data did not match any variant of untagged enum Message
[2026-09-09T22:55:04.842Z WARN  chromiumoxide::handler] WS Invalid message: data did not match any variant of untagged enum Message
[2026-09-09T22:55:04.842Z WARN  chromiumoxide::handler] WS Invalid message: data did not match any variant of untagged enum Message
[2026-09-09T22:55:04.844Z WARN  chromiumoxide::handler] WS Invalid message: data did not match any variant of untagged enum Message
[2026-09-09T22:55:04.847Z WARN  chromiumoxide::handler] WS Invalid message: data did not match any variant of untagged enum Message
[2026-09-09T22:55:04.857Z WARN  chromiumoxide::handler] WS Invalid message: data did not match any variant of untagged enum Message
[2026-09-09T22:55:04.861Z WARN  chromiumoxide::handler] WS Invalid message: data did not match any variant of untagged enum Message
[2026-09-09T22:55:04.861Z WARN  chromiumoxide::handler] WS Invalid message: data did not match any variant of untagged enum Message
[2026-09-09T22:55:04.870Z WARN  chromiumoxide::handler] WS Invalid message: data did not match any variant of untagged enum Message
[2026-09-09T22:55:04.882Z WARN  chromiumoxide::handler] WS Invalid message: data did not match any variant of untagged enum Message
[2026-09-09T22:55:04.882Z WARN  chromiumoxide::handler] WS Invalid message: data did not match any variant of untagged enum Message
[2026-09-09T22:55:04.923Z WARN  chromiumoxide::handler] WS Invalid message: data did not match any variant of untagged enum Message
[2026-09-09T22:55:04.923Z WARN  chromiumoxide::handler] WS Invalid message: data did not match any variant of untagged enum Message
[2026-09-09T22:55:04.923Z WARN  chromiumoxide::handler] WS Invalid message: data did not match any variant of untagged enum Message
[2026-09-09T22:55:04.923Z WARN  chromiumoxide::handler] WS Invalid message: data did not match any variant of untagged enum Message
[2026-09-09T22:55:04.923Z WARN  chromiumoxide::handler] WS Invalid message: data did not match any variant of untagged enum Message
[2026-09-09T22:55:04.938Z WARN  chromiumoxide::handler] WS Invalid message: data did not match any variant of untagged enum Message
[2026-09-09T22:55:04.944Z WARN  chromiumoxide::handler] WS Invalid message: data did not match any variant of untagged enum Message
[2026-09-09T22:55:04.945Z WARN  chromiumoxide::handler] WS Invalid message: data did not match any variant of untagged enum Message
[2026-09-09T22:55:04.945Z WARN  chromiumoxide::handler] WS Invalid message: data did not match any variant of untagged enum Message
[2026-09-09T22:55:04.945Z WARN  chromiumoxide::handler] WS Invalid message: data did not match any variant of untagged enum Message
[2026-09-09T22:55:04.945Z WARN  chromiumoxide::handler] WS Invalid message: data did not match any variant of untagged enum Message
[2026-09-09T22:55:04.956Z WARN  chromiumoxide::handler] WS Invalid message: data did not match any variant of untagged enum Message
[2026-09-09T22:55:04.970Z WARN  chromiumoxide::handler] WS Invalid message: data did not match any variant of untagged enum Message
[2026-09-09T22:55:05.053Z WARN  chromiumoxide::handler] WS Invalid message: data did not match any variant of untagged enum Message
[2026-09-09T22:55:05.053Z WARN  chromiumoxide::handler] WS Invalid message: data did not match any variant of untagged enum Message
[2026-09-09T22:55:05.058Z WARN  chromiumoxide::handler] WS Invalid message: data did not match any variant of untagged enum Message
[2026-09-09T22:55:05.058Z WARN  chromiumoxide::handler] WS Invalid message: data did not match any variant of untagged enum Message
[2026-09-09T22:55:05.100Z WARN  chromiumoxide::handler] WS Invalid message: data did not match any variant of untagged enum Message
[2026-09-09T22:55:05.230Z WARN  chromiumoxide::handler] WS Invalid message: data did not match any variant of untagged enum Message
[2026-09-09T22:55:05.230Z WARN  chromiumoxide::handler] WS Invalid message: data did not match any variant of untagged enum Message
[2026-09-09T22:55:05.306Z WARN  chromiumoxide::handler] WS Invalid message: data did not match any variant of untagged enum Message
[2026-09-09T22:55:05.306Z WARN  chromiumoxide::handler] WS Invalid message: data did not match any variant of untagged enum Message
[2026-09-09T22:55:05.306Z WARN  chromiumoxide::handler] WS Invalid message: data did not match any variant of untagged enum Message
[2026-09-09T22:55:05.306Z WARN  chromiumoxide::handler] WS Invalid message: data did not match any variant of untagged enum Message
[2026-09-09T22:55:05.306Z WARN  chromiumoxide::handler] WS Invalid message: data did not match any variant of untagged enum Message
[2026-09-09T22:55:05.329Z WARN  chromiumoxide::handler] WS Invalid message: data did not match any variant of untagged enum Message
[2026-09-09T22:55:05.433Z WARN  chromiumoxide::handler] WS Invalid message: data did not match any variant of untagged enum Message
[2026-09-09T22:55:05.433Z WARN  chromiumoxide::handler] WS Invalid message: data did not match any variant of untagged enum Message
[2026-09-09T22:55:05.817Z WARN  chromiumoxide::handler] WS Invalid message: data did not match any variant of untagged enum Message
[2026-09-09T22:55:06.105Z WARN  chromiumoxide::handler] WS Invalid message: data did not match any variant of untagged enum Message
[2026-09-09T22:55:06.224Z WARN  chromiumoxide::handler] WS Invalid message: data did not match any variant of untagged enum Message
[2026-09-09T22:55:06.224Z WARN  chromiumoxide::handler] WS Invalid message: data did not match any variant of untagged enum Message
[2026-09-09T22:55:06.224Z WARN  chromiumoxide::handler] WS Invalid message: data did not match any variant of untagged enum Message
[2026-09-09T22:55:06.242Z WARN  chromiumoxide::handler] WS Invalid message: data did not match any variant of untagged enum Message
[2026-09-09T22:55:06.250Z WARN  chromiumoxide::handler] WS Invalid message: data did not match any variant of untagged enum Message
[2026-09-09T22:55:06.285Z WARN  chromiumoxide::handler] WS Invalid message: data did not match any variant of untagged enum Message
[2026-09-09T22:55:07.183Z WARN  chromiumoxide::handler] WS Invalid message: data did not match any variant of untagged enum Message
[2026-09-09T22:55:07.651Z WARN  chromiumoxide::handler] WS Invalid message: data did not match any variant of untagged enum Message
[2026-09-09T22:55:08.192Z WARN  chromiumoxide::handler] WS Invalid message: data did not match any variant of untagged enum Message
[2026-09-09T22:55:08.195Z WARN  chromiumoxide::handler] WS Invalid message: data did not match any variant of untagged enum Message
[2026-09-09T22:55:10.315Z WARN  chromiumoxide::handler] WS Invalid message: data did not match any variant of untagged enum Message
[2026-09-09T22:55:10.320Z WARN  chromiumoxide::handler] WS Invalid message: data did not match any variant of untagged enum Message
[2026-09-09T22:55:10.320Z WARN  chromiumoxide::handler] WS Invalid message: data did not match any variant of untagged enum Message
[2026-09-09T22:55:10.433Z WARN  chromiumoxide::handler] WS Invalid message: data did not match any variant of untagged enum Message
[2026-09-09T22:55:10.434Z WARN  chromiumoxide::handler] WS Invalid message: data did not match any variant of untagged enum Message
[2026-09-09T22:55:10.437Z WARN  chromiumoxide::handler] WS Invalid message: data did not match any variant of untagged enum Message
{"level":30,"time":1788994510440,"pid":49295,"hostname":"vps-15cf2c41","reqId":"req-2w","req":{"method":"GET","url":"/api/v1/workspace/meta","host":"127.0.0.1:6140","remoteAddress":"127.0.0.1","remotePort":56720},"msg":"incoming request"}
{"level":30,"time":1788994510442,"pid":49295,"hostname":"vps-15cf2c41","reqId":"req-2w","res":{"statusCode":200},"responseTime":1.4533539999974892,"msg":"request completed"}
[2026-09-09T22:55:10.448Z WARN  chromiumoxide::handler] WS Invalid message: data did not match any variant of untagged enum Message
{"level":30,"time":1788994510450,"pid":49295,"hostname":"vps-15cf2c41","reqId":"req-2x","req":{"method":"GET","url":"/api/v1/workspace/meta","host":"127.0.0.1:6140","remoteAddress":"127.0.0.1","remotePort":56722},"msg":"incoming request"}
{"level":30,"time":1788994510451,"pid":49295,"hostname":"vps-15cf2c41","reqId":"req-2x","res":{"statusCode":200},"responseTime":0.7126290000014706,"msg":"request completed"}
{"level":30,"time":1788994510582,"pid":49295,"hostname":"vps-15cf2c41","reqId":"req-2y","req":{"method":"GET","url":"/api/v1/tree?path=.","host":"127.0.0.1:6140","remoteAddress":"127.0.0.1","remotePort":56734},"msg":"incoming request"}
[2026-09-09T22:55:10.581Z WARN  chromiumoxide::handler] WS Invalid message: data did not match any variant of untagged enum Message
{"level":30,"time":1788994510590,"pid":49295,"hostname":"vps-15cf2c41","reqId":"req-2y","res":{"statusCode":200},"responseTime":7.301067000007606,"msg":"request completed"}
[2026-09-09T22:55:10.593Z WARN  chromiumoxide::handler] WS Invalid message: data did not match any variant of untagged enum Message
{"level":30,"time":1788994510595,"pid":49295,"hostname":"vps-15cf2c41","reqId":"req-2z","req":{"method":"PUT","url":"/api/v1/ui/state","host":"127.0.0.1:6140","remoteAddress":"127.0.0.1","remotePort":56742},"msg":"incoming request"}
{"level":30,"time":1788994510598,"pid":49295,"hostname":"vps-15cf2c41","reqId":"req-2z","res":{"statusCode":204},"responseTime":2.2093220000097062,"msg":"request completed"}
{"level":30,"time":1788994510602,"pid":49295,"hostname":"vps-15cf2c41","reqId":"req-30","req":{"method":"GET","url":"/api/v1/filesystems","host":"127.0.0.1:6140","remoteAddress":"127.0.0.1","remotePort":56748},"msg":"incoming request"}
{"level":30,"time":1788994510604,"pid":49295,"hostname":"vps-15cf2c41","reqId":"req-30","res":{"statusCode":200},"responseTime":1.5039339999930235,"msg":"request completed"}
[2026-09-09T22:55:10.606Z WARN  chromiumoxide::handler] WS Invalid message: data did not match any variant of untagged enum Message
[2026-09-09T22:55:10.613Z WARN  chromiumoxide::handler] WS Invalid message: data did not match any variant of untagged enum Message
{"level":30,"time":1788994510619,"pid":49295,"hostname":"vps-15cf2c41","reqId":"req-31","req":{"method":"GET","url":"/api/v1/agents","host":"127.0.0.1:6140","remoteAddress":"127.0.0.1","remotePort":56754},"msg":"incoming request"}
{"level":30,"time":1788994510620,"pid":49295,"hostname":"vps-15cf2c41","reqId":"req-31","res":{"statusCode":200},"responseTime":1.1541360000119312,"msg":"request completed"}
[2026-09-09T22:55:10.630Z WARN  chromiumoxide::handler] WS Invalid message: data did not match any variant of untagged enum Message
[2026-09-09T22:55:10.631Z WARN  chromiumoxide::handler] WS Invalid message: data did not match any variant of untagged enum Message
[2026-09-09T22:55:10.631Z WARN  chromiumoxide::handler] WS Invalid message: data did not match any variant of untagged enum Message
{"level":30,"time":1788994510639,"pid":49295,"hostname":"vps-15cf2c41","reqId":"req-32","req":{"method":"GET","url":"/api/v1/tree?path=.","host":"127.0.0.1:6140","remoteAddress":"127.0.0.1","remotePort":56760},"msg":"incoming request"}
{"level":30,"time":1788994510641,"pid":49295,"hostname":"vps-15cf2c41","reqId":"req-33","req":{"method":"GET","url":"/api/v1/filesystems","host":"127.0.0.1:6140","remoteAddress":"127.0.0.1","remotePort":56774},"msg":"incoming request"}
{"level":30,"time":1788994510643,"pid":49295,"hostname":"vps-15cf2c41","reqId":"req-33","res":{"statusCode":200},"responseTime":1.6009850000118604,"msg":"request completed"}
{"level":30,"time":1788994510645,"pid":49295,"hostname":"vps-15cf2c41","reqId":"req-34","req":{"method":"PUT","url":"/api/v1/ui/state","host":"127.0.0.1:6140","remoteAddress":"127.0.0.1","remotePort":56786},"msg":"incoming request"}
{"level":30,"time":1788994510647,"pid":49295,"hostname":"vps-15cf2c41","reqId":"req-34","res":{"statusCode":204},"responseTime":1.5286580000101821,"msg":"request completed"}
{"level":30,"time":1788994510656,"pid":49295,"hostname":"vps-15cf2c41","reqId":"req-32","res":{"statusCode":200},"responseTime":16.57494000000588,"msg":"request completed"}
00:00.000 Waiting
[2026-09-09T22:55:10.750Z WARN  chromiumoxide::handler] WS Invalid message: data did not match any variant of untagged enum Message
[2026-09-09T22:55:10.750Z WARN  chromiumoxide::handler] WS Invalid message: data did not match any variant of untagged enum Message
[2026-09-09T22:55:10.752Z WARN  chromiumoxide::handler] WS Invalid message: data did not match any variant of untagged enum Message
{"level":30,"time":1788994510755,"pid":49295,"hostname":"vps-15cf2c41","reqId":"req-35","req":{"method":"GET","url":"/api/v1/fs/events?workspaceId=workspace","host":"127.0.0.1:6140","remoteAddress":"127.0.0.1","remotePort":56800},"msg":"incoming request"}
{"level":30,"time":1788994510757,"pid":49295,"hostname":"vps-15cf2c41","reqId":"req-36","req":{"method":"GET","url":"/api/v1/ui/commands/next?workspaceId=workspace","host":"127.0.0.1:6140","remoteAddress":"127.0.0.1","remotePort":56810},"msg":"incoming request"}
{"level":30,"time":1788994510758,"pid":49295,"hostname":"vps-15cf2c41","reqId":"req-37","req":{"method":"GET","url":"/api/v1/ui/state","host":"127.0.0.1:6140","remoteAddress":"127.0.0.1","remotePort":56820},"msg":"incoming request"}
{"level":30,"time":1788994510759,"pid":49295,"hostname":"vps-15cf2c41","reqId":"req-37","res":{"statusCode":200},"responseTime":0.5106570000061765,"msg":"request completed"}
[2026-09-09T22:55:10.799Z WARN  chromiumoxide::handler] WS Invalid message: data did not match any variant of untagged enum Message
[2026-09-09T22:55:10.799Z WARN  chromiumoxide::handler] WS Invalid message: data did not match any variant of untagged enum Message
[2026-09-09T22:55:10.800Z WARN  chromiumoxide::handler] WS Invalid message: data did not match any variant of untagged enum Message
{"level":30,"time":1788994510805,"pid":49295,"hostname":"vps-15cf2c41","reqId":"req-38","req":{"method":"GET","url":"/api/v1/agents/alpha/sessions?limit=50&archived=active","host":"127.0.0.1:6140","remoteAddress":"127.0.0.1","remotePort":56828},"msg":"incoming request"}
{"level":30,"time":1788994510809,"pid":49295,"hostname":"vps-15cf2c41","reqId":"req-39","req":{"method":"GET","url":"/api/v1/tree?path=.","host":"127.0.0.1:6140","remoteAddress":"127.0.0.1","remotePort":56830},"msg":"incoming request"}
{"level":30,"time":1788994510811,"pid":49295,"hostname":"vps-15cf2c41","reqId":"req-3a","req":{"method":"GET","url":"/api/v1/agents/alpha/ready-status","host":"127.0.0.1:6140","remoteAddress":"127.0.0.1","remotePort":56840},"msg":"incoming request"}
{"level":30,"time":1788994510821,"pid":49295,"hostname":"vps-15cf2c41","reqId":"req-39","res":{"statusCode":200},"responseTime":11.185293000002275,"msg":"request completed"}
[2026-09-09T22:55:10.832Z WARN  chromiumoxide::handler] WS Invalid message: data did not match any variant of untagged enum Message
{"level":30,"time":1788994510833,"pid":49295,"hostname":"vps-15cf2c41","reqId":"req-3b","req":{"method":"GET","url":"/api/v1/tree?path=.","host":"127.0.0.1:6140","remoteAddress":"127.0.0.1","remotePort":56852},"msg":"incoming request"}
{"level":30,"time":1788994510839,"pid":49295,"hostname":"vps-15cf2c41","reqId":"req-3b","res":{"statusCode":200},"responseTime":5.534062999999151,"msg":"request completed"}
{"level":30,"time":1788994510848,"pid":49295,"hostname":"vps-15cf2c41","reqId":"req-38","res":{"statusCode":200},"responseTime":43.317829000006896,"msg":"request completed"}
[2026-09-09T22:55:10.853Z WARN  chromiumoxide::handler] WS Invalid message: data did not match any variant of untagged enum Message
{"level":30,"time":1788994510857,"pid":49295,"hostname":"vps-15cf2c41","reqId":"req-3c","req":{"method":"GET","url":"/api/v1/agents/alpha/ready-status","host":"127.0.0.1:6140","remoteAddress":"127.0.0.1","remotePort":56860},"msg":"incoming request"}
[2026-09-09T22:55:10.859Z WARN  chromiumoxide::handler] WS Invalid message: data did not match any variant of untagged enum Message
[2026-09-09T22:55:10.861Z WARN  chromiumoxide::handler] WS Invalid message: data did not match any variant of untagged enum Message
{"level":30,"time":1788994510866,"pid":49295,"hostname":"vps-15cf2c41","reqId":"req-3d","req":{"method":"GET","url":"/api/v1/agents/alpha/sessions?limit=50&archived=active","host":"127.0.0.1:6140","remoteAddress":"127.0.0.1","remotePort":56862},"msg":"incoming request"}
{"level":30,"time":1788994510870,"pid":49295,"hostname":"vps-15cf2c41","reqId":"req-3e","req":{"method":"GET","url":"/api/v1/ui/state","host":"127.0.0.1:6140","remoteAddress":"127.0.0.1","remotePort":56868},"msg":"incoming request"}
{"level":30,"time":1788994510871,"pid":49295,"hostname":"vps-15cf2c41","reqId":"req-3e","res":{"statusCode":200},"responseTime":0.9392270000098506,"msg":"request completed"}
{"level":30,"time":1788994510884,"pid":49295,"hostname":"vps-15cf2c41","reqId":"req-3c","res":{"statusCode":200},"responseTime":25.339229000004707,"msg":"request completed"}
{"level":30,"time":1788994510891,"pid":49295,"hostname":"vps-15cf2c41","reqId":"req-3d","res":{"statusCode":200},"responseTime":24.16725700000825,"msg":"request completed"}
00:00.218 Clicking <button> (x: 28.0, y: 30.0)
[2026-09-09T22:55:10.988Z WARN  chromiumoxide::handler] WS Invalid message: data did not match any variant of untagged enum Message
{"level":30,"time":1788994510990,"pid":49295,"hostname":"vps-15cf2c41","reqId":"req-3f","req":{"method":"POST","url":"/api/v1/workspace-bridge/call","host":"127.0.0.1:6140","remoteAddress":"127.0.0.1","remotePort":56884},"msg":"incoming request"}
{"level":30,"time":1788994510992,"pid":49295,"hostname":"vps-15cf2c41","reqId":"req-3f","res":{"statusCode":200},"responseTime":1.3838919999980135,"msg":"request completed"}
[2026-09-09T22:55:11.188Z WARN  chromiumoxide::handler] WS Invalid message: data did not match any variant of untagged enum Message
{"level":30,"time":1788994511190,"pid":49295,"hostname":"vps-15cf2c41","reqId":"req-3g","req":{"method":"GET","url":"/api/v1/agents/alpha/sessions?limit=50&archived=archived","host":"127.0.0.1:6140","remoteAddress":"127.0.0.1","remotePort":56888},"msg":"incoming request"}
{"level":30,"time":1788994511206,"pid":49295,"hostname":"vps-15cf2c41","reqId":"req-3g","res":{"statusCode":200},"responseTime":16.069422000000486,"msg":"request completed"}
[2026-09-09T22:55:11.299Z WARN  chromiumoxide::handler] WS Invalid message: data did not match any variant of untagged enum Message
[2026-09-09T22:55:11.345Z WARN  chromiumoxide::handler] WS Invalid message: data did not match any variant of untagged enum Message
{"level":30,"time":1788994511347,"pid":49295,"hostname":"vps-15cf2c41","reqId":"req-3h","req":{"method":"GET","url":"/api/v1/agents/session-activity/events?workspaceId=workspace","host":"127.0.0.1:6140","remoteAddress":"127.0.0.1","remotePort":56902},"msg":"incoming request"}
00:00.673 Clicking <button> (x: 166.7, y: 82.0, content: "Search⌘K")
00:00.974 Typing > (delay: 0ms)
00:01.245 Waiting
00:01.481 Waiting
00:01.755 Typing > (delay: 0ms)
00:01.857 Waiting
00:02.104 Clicking <button> (x: 303.7, y: 99.0, content: "Commands")
00:02.230 Typing no-matching-fixture-command (delay: 0ms)
[2026-09-09T22:55:13.255Z WARN  chromiumoxide::handler] WS Invalid message: data did not match any variant of untagged enum Message
{"level":30,"time":1788994513255,"pid":49295,"hostname":"vps-15cf2c41","reqId":"req-3i","req":{"method":"POST","url":"/api/v1/agents/alpha/sessions","host":"127.0.0.1:6140","remoteAddress":"127.0.0.1","remotePort":56908},"msg":"incoming request"}
{"level":30,"time":1788994513274,"pid":49295,"hostname":"vps-15cf2c41","reqId":"req-3i","res":{"statusCode":201},"responseTime":17.011396000001696,"msg":"request completed"}
[2026-09-09T22:55:13.343Z WARN  chromiumoxide::handler] WS Invalid message: data did not match any variant of untagged enum Message
{"level":30,"time":1788994513344,"pid":49295,"hostname":"vps-15cf2c41","reqId":"req-3j","req":{"method":"GET","url":"/api/v1/agents/alpha/sessions?limit=50&archived=active","host":"127.0.0.1:6140","remoteAddress":"127.0.0.1","remotePort":56912},"msg":"incoming request"}
{"level":30,"time":1788994513362,"pid":49295,"hostname":"vps-15cf2c41","reqId":"req-3j","res":{"statusCode":200},"responseTime":17.388792000012472,"msg":"request completed"}
[2026-09-09T22:55:13.453Z WARN  chromiumoxide::handler] WS Invalid message: data did not match any variant of untagged enum Message
[2026-09-09T22:55:13.453Z WARN  chromiumoxide::handler] WS Invalid message: data did not match any variant of untagged enum Message
{"level":30,"time":1788994513456,"pid":49295,"hostname":"vps-15cf2c41","reqId":"req-3k","req":{"method":"GET","url":"/api/v1/ui/state","host":"127.0.0.1:6140","remoteAddress":"127.0.0.1","remotePort":56914},"msg":"incoming request"}
{"level":30,"time":1788994513456,"pid":49295,"hostname":"vps-15cf2c41","reqId":"req-3k","res":{"statusCode":200},"responseTime":0.5302800000063144,"msg":"request completed"}
{"level":30,"time":1788994513458,"pid":49295,"hostname":"vps-15cf2c41","reqId":"req-3l","req":{"method":"GET","url":"/api/v1/agents/alpha/sessions?limit=50&archived=archived","host":"127.0.0.1:6140","remoteAddress":"127.0.0.1","remotePort":56920},"msg":"incoming request"}
{"level":30,"time":1788994513469,"pid":49295,"hostname":"vps-15cf2c41","reqId":"req-3l","res":{"statusCode":200},"responseTime":11.373501999987639,"msg":"request completed"}
[2026-09-09T22:55:13.535Z WARN  chromiumoxide::handler] WS Invalid message: data did not match any variant of untagged enum Message
{"level":30,"time":1788994513537,"pid":49295,"hostname":"vps-15cf2c41","reqId":"req-3m","req":{"method":"POST","url":"/api/v1/workspace-bridge/call","host":"127.0.0.1:6140","remoteAddress":"127.0.0.1","remotePort":56922},"msg":"incoming request"}
{"level":30,"time":1788994513538,"pid":49295,"hostname":"vps-15cf2c41","reqId":"req-3m","res":{"statusCode":200},"responseTime":1.3704410000063945,"msg":"request completed"}
{"level":30,"time":1788994513886,"pid":49295,"hostname":"vps-15cf2c41","reqId":"req-3n","req":{"method":"GET","url":"/api/v1/agents/alpha/models","host":"127.0.0.1:6140","remoteAddress":"127.0.0.1","remotePort":56936},"msg":"incoming request"}
[2026-09-09T22:55:13.886Z WARN  chromiumoxide::handler] WS Invalid message: data did not match any variant of untagged enum Message
[2026-09-09T22:55:13.904Z WARN  chromiumoxide::handler] WS Invalid message: data did not match any variant of untagged enum Message
[2026-09-09T22:55:13.905Z WARN  chromiumoxide::handler] WS Invalid message: data did not match any variant of untagged enum Message
{"level":30,"time":1788994513907,"pid":49295,"hostname":"vps-15cf2c41","reqId":"req-3o","req":{"method":"GET","url":"/api/v1/agents/alpha/commands?sessionId=scripted-3","host":"127.0.0.1:6140","remoteAddress":"127.0.0.1","remotePort":56940},"msg":"incoming request"}
{"level":30,"time":1788994513910,"pid":49295,"hostname":"vps-15cf2c41","reqId":"req-3p","req":{"method":"GET","url":"/api/v1/workspace/meta","host":"127.0.0.1:6140","remoteAddress":"127.0.0.1","remotePort":56944},"msg":"incoming request"}
{"level":30,"time":1788994513911,"pid":49295,"hostname":"vps-15cf2c41","reqId":"req-3p","res":{"statusCode":200},"responseTime":0.8112560000008671,"msg":"request completed"}
{"level":30,"time":1788994513918,"pid":49295,"hostname":"vps-15cf2c41","reqId":"req-3q","req":{"method":"GET","url":"/api/v1/workspace/meta","host":"127.0.0.1:6140","remoteAddress":"127.0.0.1","remotePort":56952},"msg":"incoming request"}
{"level":30,"time":1788994513919,"pid":49295,"hostname":"vps-15cf2c41","reqId":"req-3q","res":{"statusCode":200},"responseTime":0.856365999992704,"msg":"request completed"}
[2026-09-09T22:55:13.922Z WARN  chromiumoxide::handler] WS Invalid message: data did not match any variant of untagged enum Message
{"level":30,"time":1788994513938,"pid":49295,"hostname":"vps-15cf2c41","reqId":"req-3n","res":{"statusCode":200},"responseTime":51.32098799999221,"msg":"request completed"}
{"level":30,"time":1788994513943,"pid":49295,"hostname":"vps-15cf2c41","reqId":"req-3r","req":{"method":"GET","url":"/api/v1/agents/alpha/models","host":"127.0.0.1:6140","remoteAddress":"127.0.0.1","remotePort":56954},"msg":"incoming request"}
{"level":30,"time":1788994513953,"pid":49295,"hostname":"vps-15cf2c41","reqId":"req-3o","res":{"statusCode":200},"responseTime":45.903693999993266,"msg":"request completed"}
[2026-09-09T22:55:13.957Z WARN  chromiumoxide::handler] WS Invalid message: data did not match any variant of untagged enum Message
{"level":30,"time":1788994513972,"pid":49295,"hostname":"vps-15cf2c41","reqId":"req-3r","res":{"statusCode":200},"responseTime":28.529827000005753,"msg":"request completed"}
{"level":30,"time":1788994513983,"pid":49295,"hostname":"vps-15cf2c41","reqId":"req-3s","req":{"method":"GET","url":"/api/v1/agents/alpha/commands?sessionId=scripted-3","host":"127.0.0.1:6140","remoteAddress":"127.0.0.1","remotePort":56966},"msg":"incoming request"}
[2026-09-09T22:55:13.988Z WARN  chromiumoxide::handler] WS Invalid message: data did not match any variant of untagged enum Message
{"level":30,"time":1788994514013,"pid":49295,"hostname":"vps-15cf2c41","reqId":"req-3s","res":{"statusCode":200},"responseTime":29.90364099999715,"msg":"request completed"}
{"level":30,"time":1788994514024,"pid":49295,"hostname":"vps-15cf2c41","reqId":"req-3t","req":{"method":"GET","url":"/api/v1/agents/alpha/commands?sessionId=scripted-3","host":"127.0.0.1:6140","remoteAddress":"127.0.0.1","remotePort":56970},"msg":"incoming request"}
[2026-09-09T22:55:14.022Z WARN  chromiumoxide::handler] WS Invalid message: data did not match any variant of untagged enum Message
{"level":30,"time":1788994514034,"pid":49295,"hostname":"vps-15cf2c41","reqId":"req-3t","res":{"statusCode":200},"responseTime":9.320988999999827,"msg":"request completed"}
{"level":30,"time":1788994514089,"pid":49295,"hostname":"vps-15cf2c41","reqId":"req-3u","req":{"method":"GET","url":"/api/v1/agents/alpha/sessions/scripted-3/state","host":"127.0.0.1:6140","remoteAddress":"127.0.0.1","remotePort":56984},"msg":"incoming request"}
[2026-09-09T22:55:14.090Z WARN  chromiumoxide::handler] WS Invalid message: data did not match any variant of untagged enum Message
{"level":30,"time":1788994514143,"pid":49295,"hostname":"vps-15cf2c41","reqId":"req-3u","res":{"statusCode":200},"responseTime":53.36212499999965,"msg":"request completed"}
[2026-09-09T22:55:14.204Z WARN  chromiumoxide::handler] WS Invalid message: data did not match any variant of untagged enum Message
{"level":30,"time":1788994514211,"pid":49295,"hostname":"vps-15cf2c41","reqId":"req-3v","req":{"method":"GET","url":"/api/v1/agents/session-activity/events?workspaceId=workspace","host":"127.0.0.1:6140","remoteAddress":"127.0.0.1","remotePort":56994},"msg":"incoming request"}
{"level":30,"time":1788994514431,"pid":49295,"hostname":"vps-15cf2c41","reqId":"req-3w","req":{"method":"GET","url":"/api/v1/agents/alpha/models","host":"127.0.0.1:6140","remoteAddress":"127.0.0.1","remotePort":56998},"msg":"incoming request"}
{"level":30,"time":1788994514435,"pid":49295,"hostname":"vps-15cf2c41","reqId":"req-3x","req":{"method":"GET","url":"/api/v1/agents/alpha/sessions/scripted-3/events?cursor=0","host":"127.0.0.1:6140","remoteAddress":"127.0.0.1","remotePort":57004},"msg":"incoming request"}
[2026-09-09T22:55:14.433Z WARN  chromiumoxide::handler] WS Invalid message: data did not match any variant of untagged enum Message
[2026-09-09T22:55:14.433Z WARN  chromiumoxide::handler] WS Invalid message: data did not match any variant of untagged enum Message
{"level":30,"time":1788994514453,"pid":49295,"hostname":"vps-15cf2c41","reqId":"req-3w","res":{"statusCode":200},"responseTime":21.93592200000421,"msg":"request completed"}
[2026-09-09T22:55:15.000Z WARN  chromiumoxide::handler] WS Invalid message: data did not match any variant of untagged enum Message
{"level":30,"time":1788994515000,"pid":49295,"hostname":"vps-15cf2c41","reqId":"req-3y","req":{"method":"PUT","url":"/api/v1/ui/state","host":"127.0.0.1:6140","remoteAddress":"127.0.0.1","remotePort":57020},"msg":"incoming request"}
{"level":30,"time":1788994515004,"pid":49295,"hostname":"vps-15cf2c41","reqId":"req-3y","res":{"statusCode":204},"responseTime":3.1449920000013663,"msg":"request completed"}
[2026-09-09T22:55:15.011Z WARN  chromiumoxide::handler] WS Invalid message: data did not match any variant of untagged enum Message
{"level":30,"time":1788994515012,"pid":49295,"hostname":"vps-15cf2c41","reqId":"req-3z","req":{"method":"GET","url":"/api/v1/agents/alpha/commands?sessionId=scripted-3","host":"127.0.0.1:6140","remoteAddress":"127.0.0.1","remotePort":57024},"msg":"incoming request"}
{"level":30,"time":1788994515024,"pid":49295,"hostname":"vps-15cf2c41","reqId":"req-3z","res":{"statusCode":200},"responseTime":11.97936500000651,"msg":"request completed"}
00:04.333 Pressing Escape (code: 27)
00:04.465 Clicking <button> (x: 199.4, y: 23.5)
00:04.732 Pressing Escape (code: 27)
00:05.043 Clicking <button> (x: 199.4, y: 23.5)
00:05.409 Typing > (delay: 0ms)
00:05.713 Waiting
00:06.010 Pressing Escape (code: 27)
00:06.346 Clicking <button> (x: 199.4, y: 23.5)
00:06.738 Clicking <button> (x: 303.7, y: 99.0, content: "Commands")
00:07.076 Typing no-matching-fixture-command (delay: 0ms)
00:07.929 Waiting
00:08.223 Pressing Escape (code: 27)
00:08.522 Clicking <button> (x: 199.4, y: 23.5)
00:08.876 Typing > (delay: 0ms)
00:09.182 Typing > (delay: 0ms)
00:09.285 Typing no-matching-fixture-command (delay: 0ms)
00:10.244 Typing > (delay: 0ms)
00:10.375 Typing > (delay: 0ms)
00:10.513 Typing > (delay: 0ms)
00:10.646 Clicking <button> (x: 303.7, y: 99.0, content: "Commands")
00:10.768 Typing no-matching-fixture-command (delay: 0ms)
00:11.785 Typing > (delay: 0ms)
00:11.923 Typing > (delay: 0ms)
00:12.063 Typing no-matching-fixture-command (delay: 0ms)
00:12.978 Typing > (delay: 0ms)
00:13.097 Waiting
00:13.395 Clicking <button> (x: 303.7, y: 99.0, content: "Commands")
00:13.520 Typing no-matching-fixture-command (delay: 0ms)
00:14.458 Clicking <button> (x: 303.7, y: 99.0, content: "Commands")
00:14.587 Pressing Escape (code: 27)
00:14.875 Waiting
00:15.173 Waiting
00:15.475 Waiting
00:15.791 Clicking <button> (x: 199.4, y: 23.5)
00:16.181 Clicking <button> (x: 303.7, y: 99.0, content: "Commands")
00:16.520 Clicking <button> (x: 303.7, y: 99.0, content: "Commands")
00:16.659 Typing no-matching-fixture-command (delay: 0ms)
00:17.718 Clicking <button> (x: 303.7, y: 99.0, content: "Commands")
00:17.825 Typing no-matching-fixture-command (delay: 0ms)
00:18.642 Typing > (delay: 0ms)
00:18.778 Waiting
00:19.073 Typing no-matching-fixture-command (delay: 0ms)
00:19.803 Typing > (delay: 0ms)
00:19.931 Typing no-matching-fixture-command (delay: 0ms)

Test finished after time limit!

Inspect the test results using:

  bombadil browser inspect /dev/shm/cpr-176/boring-ui-review-run.jYFVHO/explore-mobile.M35uiZ

Reproduce this test using:

  bombadil browser test http://127.0.0.1:6130/?fresh=1 <sandbox-root>/tools/ui-review/src/review-specs/workspace-command-palette/bombadil.spec.ts --width 390 --height 844 --headless --no-sandbox --reproduce /dev/shm/cpr-176/boring-ui-review-run.jYFVHO/explore-mobile.M35uiZ

{"level":30,"time":1788994531426,"pid":49295,"hostname":"vps-15cf2c41","reqId":"req-3x","res":{"statusCode":200},"msg":"stream closed prematurely"}
[2026-09-09T22:55:35.070Z WARN  chromiumoxide::handler] WS Invalid message: data did not match any variant of untagged enum Message
[2026-09-09T22:55:35.077Z WARN  chromiumoxide::handler] WS Invalid message: data did not match any variant of untagged enum Message
[2026-09-09T22:55:35.077Z WARN  chromiumoxide::handler] WS Invalid message: data did not match any variant of untagged enum Message
[2026-09-09T22:55:35.112Z WARN  chromiumoxide::handler] WS Invalid message: data did not match any variant of untagged enum Message
[2026-09-09T22:55:35.142Z WARN  chromiumoxide::handler] WS Invalid message: data did not match any variant of untagged enum Message
[2026-09-09T22:55:35.190Z WARN  chromiumoxide::handler] WS Invalid message: data did not match any variant of untagged enum Message
[2026-09-09T22:55:35.198Z WARN  chromiumoxide::handler] WS Invalid message: data did not match any variant of untagged enum Message
[2026-09-09T22:55:35.198Z WARN  chromiumoxide::handler] WS Invalid message: data did not match any variant of untagged enum Message
[2026-09-09T22:55:35.224Z WARN  chromiumoxide::handler] WS Invalid message: data did not match any variant of untagged enum Message
[2026-09-09T22:55:35.233Z WARN  chromiumoxide::handler] WS Invalid message: data did not match any variant of untagged enum Message
[2026-09-09T22:55:35.233Z WARN  chromiumoxide::handler] WS Invalid message: data did not match any variant of untagged enum Message
[2026-09-09T22:55:35.233Z WARN  chromiumoxide::handler] WS Invalid message: data did not match any variant of untagged enum Message
[2026-09-09T22:55:35.264Z WARN  chromiumoxide::handler] WS Invalid message: data did not match any variant of untagged enum Message
[2026-09-09T22:55:35.558Z WARN  chromiumoxide::handler] WS Invalid message: data did not match any variant of untagged enum Message
[2026-09-09T22:55:35.559Z WARN  chromiumoxide::handler] WS Invalid message: data did not match any variant of untagged enum Message
[2026-09-09T22:55:35.559Z WARN  chromiumoxide::handler] WS Invalid message: data did not match any variant of untagged enum Message
[2026-09-09T22:55:35.559Z WARN  chromiumoxide::handler] WS Invalid message: data did not match any variant of untagged enum Message
[2026-09-09T22:55:35.559Z WARN  chromiumoxide::handler] WS Invalid message: data did not match any variant of untagged enum Message
[2026-09-09T22:55:35.559Z WARN  chromiumoxide::handler] WS Invalid message: data did not match any variant of untagged enum Message
[2026-09-09T22:55:35.581Z WARN  chromiumoxide::handler] WS Invalid message: data did not match any variant of untagged enum Message
[2026-09-09T22:55:35.613Z WARN  chromiumoxide::handler] WS Invalid message: data did not match any variant of untagged enum Message
[2026-09-09T22:55:35.714Z WARN  chromiumoxide::handler] WS Invalid message: data did not match any variant of untagged enum Message
[2026-09-09T22:55:35.756Z WARN  chromiumoxide::handler] WS Invalid message: data did not match any variant of untagged enum Message
[2026-09-09T22:55:35.785Z WARN  chromiumoxide::handler] WS Invalid message: data did not match any variant of untagged enum Message
[2026-09-09T22:55:35.923Z WARN  chromiumoxide::handler] WS Invalid message: data did not match any variant of untagged enum Message
[2026-09-09T22:55:35.923Z WARN  chromiumoxide::handler] WS Invalid message: data did not match any variant of untagged enum Message
[2026-09-09T22:55:35.923Z WARN  chromiumoxide::handler] WS Invalid message: data did not match any variant of untagged enum Message
[2026-09-09T22:55:35.924Z WARN  chromiumoxide::handler] WS Invalid message: data did not match any variant of untagged enum Message
[2026-09-09T22:55:35.924Z WARN  chromiumoxide::handler] WS Invalid message: data did not match any variant of untagged enum Message
[2026-09-09T22:55:35.924Z WARN  chromiumoxide::handler] WS Invalid message: data did not match any variant of untagged enum Message
[2026-09-09T22:55:36.043Z WARN  chromiumoxide::handler] WS Invalid message: data did not match any variant of untagged enum Message
[2026-09-09T22:55:36.048Z WARN  chromiumoxide::handler] WS Invalid message: data did not match any variant of untagged enum Message
[2026-09-09T22:55:36.076Z WARN  chromiumoxide::handler] WS Invalid message: data did not match any variant of untagged enum Message
[2026-09-09T22:55:36.076Z WARN  chromiumoxide::handler] WS Invalid message: data did not match any variant of untagged enum Message
[2026-09-09T22:55:36.170Z WARN  chromiumoxide::handler] WS Invalid message: data did not match any variant of untagged enum Message
[2026-09-09T22:55:36.199Z WARN  chromiumoxide::handler] WS Invalid message: data did not match any variant of untagged enum Message
[2026-09-09T22:55:36.199Z WARN  chromiumoxide::handler] WS Invalid message: data did not match any variant of untagged enum Message
[2026-09-09T22:55:36.199Z WARN  chromiumoxide::handler] WS Invalid message: data did not match any variant of untagged enum Message
[2026-09-09T22:55:36.201Z WARN  chromiumoxide::handler] WS Invalid message: data did not match any variant of untagged enum Message
[2026-09-09T22:55:36.201Z WARN  chromiumoxide::handler] WS Invalid message: data did not match any variant of untagged enum Message
[2026-09-09T22:55:36.210Z WARN  chromiumoxide::handler] WS Invalid message: data did not match any variant of untagged enum Message
[2026-09-09T22:55:36.218Z WARN  chromiumoxide::handler] WS Invalid message: data did not match any variant of untagged enum Message
[2026-09-09T22:55:36.379Z WARN  chromiumoxide::handler] WS Invalid message: data did not match any variant of untagged enum Message
[2026-09-09T22:55:36.379Z WARN  chromiumoxide::handler] WS Invalid message: data did not match any variant of untagged enum Message
[2026-09-09T22:55:36.379Z WARN  chromiumoxide::handler] WS Invalid message: data did not match any variant of untagged enum Message
[2026-09-09T22:55:36.379Z WARN  chromiumoxide::handler] WS Invalid message: data did not match any variant of untagged enum Message
[2026-09-09T22:55:36.379Z WARN  chromiumoxide::handler] WS Invalid message: data did not match any variant of untagged enum Message
[2026-09-09T22:55:36.380Z WARN  chromiumoxide::handler] WS Invalid message: data did not match any variant of untagged enum Message
[2026-09-09T22:55:36.380Z WARN  chromiumoxide::handler] WS Invalid message: data did not match any variant of untagged enum Message
[2026-09-09T22:55:36.380Z WARN  chromiumoxide::handler] WS Invalid message: data did not match any variant of untagged enum Message
[2026-09-09T22:55:36.380Z WARN  chromiumoxide::handler] WS Invalid message: data did not match any variant of untagged enum Message
[2026-09-09T22:55:36.396Z WARN  chromiumoxide::handler] WS Invalid message: data did not match any variant of untagged enum Message
[2026-09-09T22:55:36.403Z WARN  chromiumoxide::handler] WS Invalid message: data did not match any variant of untagged enum Message
[2026-09-09T22:55:36.413Z WARN  chromiumoxide::handler] WS Invalid message: data did not match any variant of untagged enum Message
[2026-09-09T22:55:36.414Z WARN  chromiumoxide::handler] WS Invalid message: data did not match any variant of untagged enum Message
[2026-09-09T22:55:36.439Z WARN  chromiumoxide::handler] WS Invalid message: data did not match any variant of untagged enum Message
[2026-09-09T22:55:36.500Z WARN  chromiumoxide::handler] WS Invalid message: data did not match any variant of untagged enum Message
[2026-09-09T22:55:36.642Z WARN  chromiumoxide::handler] WS Invalid message: data did not match any variant of untagged enum Message
[2026-09-09T22:55:36.647Z WARN  chromiumoxide::handler] WS Invalid message: data did not match any variant of untagged enum Message
[2026-09-09T22:55:36.800Z WARN  chromiumoxide::handler] WS Invalid message: data did not match any variant of untagged enum Message
[2026-09-09T22:55:36.807Z WARN  chromiumoxide::handler] WS Invalid message: data did not match any variant of untagged enum Message
[2026-09-09T22:55:36.808Z WARN  chromiumoxide::handler] WS Invalid message: data did not match any variant of untagged enum Message
[2026-09-09T22:55:36.808Z WARN  chromiumoxide::handler] WS Invalid message: data did not match any variant of untagged enum Message
[2026-09-09T22:55:36.828Z WARN  chromiumoxide::handler] WS Invalid message: data did not match any variant of untagged enum Message
[2026-09-09T22:55:36.829Z WARN  chromiumoxide::handler] WS Invalid message: data did not match any variant of untagged enum Message
[2026-09-09T22:55:36.829Z WARN  chromiumoxide::handler] WS Invalid message: data did not match any variant of untagged enum Message
[2026-09-09T22:55:36.830Z WARN  chromiumoxide::handler] WS Invalid message: data did not match any variant of untagged enum Message
[2026-09-09T22:55:36.830Z WARN  chromiumoxide::handler] WS Invalid message: data did not match any variant of untagged enum Message
[2026-09-09T22:55:36.830Z WARN  chromiumoxide::handler] WS Invalid message: data did not match any variant of untagged enum Message
[2026-09-09T22:55:36.846Z WARN  chromiumoxide::handler] WS Invalid message: data did not match any variant of untagged enum Message
[2026-09-09T22:55:36.846Z WARN  chromiumoxide::handler] WS Invalid message: data did not match any variant of untagged enum Message
[2026-09-09T22:55:36.847Z WARN  chromiumoxide::handler] WS Invalid message: data did not match any variant of untagged enum Message
[2026-09-09T22:55:36.847Z WARN  chromiumoxide::handler] WS Invalid message: data did not match any variant of untagged enum Message
[2026-09-09T22:55:36.851Z WARN  chromiumoxide::handler] WS Invalid message: data did not match any variant of untagged enum Message
[2026-09-09T22:55:36.852Z WARN  chromiumoxide::handler] WS Invalid message: data did not match any variant of untagged enum Message
[2026-09-09T22:55:36.863Z WARN  chromiumoxide::handler] WS Invalid message: data did not match any variant of untagged enum Message
[2026-09-09T22:55:36.868Z WARN  chromiumoxide::handler] WS Invalid message: data did not match any variant of untagged enum Message
[2026-09-09T22:55:36.870Z WARN  chromiumoxide::handler] WS Invalid message: data did not match any variant of untagged enum Message
[2026-09-09T22:55:36.871Z WARN  chromiumoxide::handler] WS Invalid message: data did not match any variant of untagged enum Message
[2026-09-09T22:55:36.871Z WARN  chromiumoxide::handler] WS Invalid message: data did not match any variant of untagged enum Message
[2026-09-09T22:55:36.871Z WARN  chromiumoxide::handler] WS Invalid message: data did not match any variant of untagged enum Message
[2026-09-09T22:55:36.873Z WARN  chromiumoxide::handler] WS Invalid message: data did not match any variant of untagged enum Message
[2026-09-09T22:55:36.880Z WARN  chromiumoxide::handler] WS Invalid message: data did not match any variant of untagged enum Message
[2026-09-09T22:55:36.892Z WARN  chromiumoxide::handler] WS Invalid message: data did not match any variant of untagged enum Message
[2026-09-09T22:55:36.892Z WARN  chromiumoxide::handler] WS Invalid message: data did not match any variant of untagged enum Message
[2026-09-09T22:55:36.947Z WARN  chromiumoxide::handler] WS Invalid message: data did not match any variant of untagged enum Message
[2026-09-09T22:55:36.947Z WARN  chromiumoxide::handler] WS Invalid message: data did not match any variant of untagged enum Message
[2026-09-09T22:55:36.947Z WARN  chromiumoxide::handler] WS Invalid message: data did not match any variant of untagged enum Message
[2026-09-09T22:55:36.947Z WARN  chromiumoxide::handler] WS Invalid message: data did not match any variant of untagged enum Message
[2026-09-09T22:55:36.947Z WARN  chromiumoxide::handler] WS Invalid message: data did not match any variant of untagged enum Message
[2026-09-09T22:55:36.948Z WARN  chromiumoxide::handler] WS Invalid message: data did not match any variant of untagged enum Message
[2026-09-09T22:55:36.959Z WARN  chromiumoxide::handler] WS Invalid message: data did not match any variant of untagged enum Message
[2026-09-09T22:55:36.981Z WARN  chromiumoxide::handler] WS Invalid message: data did not match any variant of untagged enum Message
[2026-09-09T22:55:36.982Z WARN  chromiumoxide::handler] WS Invalid message: data did not match any variant of untagged enum Message
[2026-09-09T22:55:36.982Z WARN  chromiumoxide::handler] WS Invalid message: data did not match any variant of untagged enum Message
[2026-09-09T22:55:36.982Z WARN  chromiumoxide::handler] WS Invalid message: data did not match any variant of untagged enum Message
[2026-09-09T22:55:36.988Z WARN  chromiumoxide::handler] WS Invalid message: data did not match any variant of untagged enum Message
[2026-09-09T22:55:36.988Z WARN  chromiumoxide::handler] WS Invalid message: data did not match any variant of untagged enum Message
[2026-09-09T22:55:36.988Z WARN  chromiumoxide::handler] WS Invalid message: data did not match any variant of untagged enum Message
[2026-09-09T22:55:37.016Z WARN  chromiumoxide::handler] WS Invalid message: data did not match any variant of untagged enum Message
[2026-09-09T22:55:37.016Z WARN  chromiumoxide::handler] WS Invalid message: data did not match any variant of untagged enum Message
[2026-09-09T22:55:37.016Z WARN  chromiumoxide::handler] WS Invalid message: data did not match any variant of untagged enum Message
[2026-09-09T22:55:37.017Z WARN  chromiumoxide::handler] WS Invalid message: data did not match any variant of untagged enum Message
[2026-09-09T22:55:37.018Z WARN  chromiumoxide::handler] WS Invalid message: data did not match any variant of untagged enum Message
[2026-09-09T22:55:37.018Z WARN  chromiumoxide::handler] WS Invalid message: data did not match any variant of untagged enum Message
[2026-09-09T22:55:37.055Z WARN  chromiumoxide::handler] WS Invalid message: data did not match any variant of untagged enum Message
[2026-09-09T22:55:37.088Z WARN  chromiumoxide::handler] WS Invalid message: data did not match any variant of untagged enum Message
[2026-09-09T22:55:37.090Z WARN  chromiumoxide::handler] WS Invalid message: data did not match any variant of untagged enum Message
[2026-09-09T22:55:37.158Z WARN  chromiumoxide::handler] WS Invalid message: data did not match any variant of untagged enum Message
[2026-09-09T22:55:37.166Z WARN  chromiumoxide::handler] WS Invalid message: data did not match any variant of untagged enum Message
[2026-09-09T22:55:37.166Z WARN  chromiumoxide::handler] WS Invalid message: data did not match any variant of untagged enum Message
[2026-09-09T22:55:37.168Z WARN  chromiumoxide::handler] WS Invalid message: data did not match any variant of untagged enum Message
[2026-09-09T22:55:37.169Z WARN  chromiumoxide::handler] WS Invalid message: data did not match any variant of untagged enum Message
[2026-09-09T22:55:37.169Z WARN  chromiumoxide::handler] WS Invalid message: data did not match any variant of untagged enum Message
[2026-09-09T22:55:37.178Z WARN  chromiumoxide::handler] WS Invalid message: data did not match any variant of untagged enum Message
[2026-09-09T22:55:37.180Z WARN  chromiumoxide::handler] WS Invalid message: data did not match any variant of untagged enum Message
[2026-09-09T22:55:37.201Z WARN  chromiumoxide::handler] WS Invalid message: data did not match any variant of untagged enum Message
[2026-09-09T22:55:37.209Z WARN  chromiumoxide::handler] WS Invalid message: data did not match any variant of untagged enum Message
[2026-09-09T22:55:37.209Z WARN  chromiumoxide::handler] WS Invalid message: data did not match any variant of untagged enum Message
[2026-09-09T22:55:37.210Z WARN  chromiumoxide::handler] WS Invalid message: data did not match any variant of untagged enum Message
[2026-09-09T22:55:37.398Z WARN  chromiumoxide::handler] WS Invalid message: data did not match any variant of untagged enum Message
[2026-09-09T22:55:37.398Z WARN  chromiumoxide::handler] WS Invalid message: data did not match any variant of untagged enum Message
[2026-09-09T22:55:37.398Z WARN  chromiumoxide::handler] WS Invalid message: data did not match any variant of untagged enum Message
[2026-09-09T22:55:37.747Z WARN  chromiumoxide::handler] WS Invalid message: data did not match any variant of untagged enum Message
[2026-09-09T22:55:37.747Z WARN  chromiumoxide::handler] WS Invalid message: data did not match any variant of untagged enum Message
[2026-09-09T22:55:37.747Z WARN  chromiumoxide::handler] WS Invalid message: data did not match any variant of untagged enum Message
[2026-09-09T22:55:37.747Z WARN  chromiumoxide::handler] WS Invalid message: data did not match any variant of untagged enum Message
[2026-09-09T22:55:37.747Z WARN  chromiumoxide::handler] WS Invalid message: data did not match any variant of untagged enum Message
[2026-09-09T22:55:37.747Z WARN  chromiumoxide::handler] WS Invalid message: data did not match any variant of untagged enum Message
[2026-09-09T22:55:37.822Z WARN  chromiumoxide::handler] WS Invalid message: data did not match any variant of untagged enum Message
[2026-09-09T22:55:37.822Z WARN  chromiumoxide::handler] WS Invalid message: data did not match any variant of untagged enum Message
[2026-09-09T22:55:38.051Z WARN  chromiumoxide::handler] WS Invalid message: data did not match any variant of untagged enum Message
[2026-09-09T22:55:38.058Z WARN  chromiumoxide::handler] WS Invalid message: data did not match any variant of untagged enum Message
[2026-09-09T22:55:38.058Z WARN  chromiumoxide::handler] WS Invalid message: data did not match any variant of untagged enum Message
[2026-09-09T22:55:38.058Z WARN  chromiumoxide::handler] WS Invalid message: data did not match any variant of untagged enum Message
[2026-09-09T22:55:38.058Z WARN  chromiumoxide::handler] WS Invalid message: data did not match any variant of untagged enum Message
[2026-09-09T22:55:38.058Z WARN  chromiumoxide::handler] WS Invalid message: data did not match any variant of untagged enum Message
[2026-09-09T22:55:38.059Z WARN  chromiumoxide::handler] WS Invalid message: data did not match any variant of untagged enum Message
[2026-09-09T22:55:38.059Z WARN  chromiumoxide::handler] WS Invalid message: data did not match any variant of untagged enum Message
[2026-09-09T22:55:38.059Z WARN  chromiumoxide::handler] WS Invalid message: data did not match any variant of untagged enum Message
[2026-09-09T22:55:38.066Z WARN  chromiumoxide::handler] WS Invalid message: data did not match any variant of untagged enum Message
[2026-09-09T22:55:38.072Z WARN  chromiumoxide::handler] WS Invalid message: data did not match any variant of untagged enum Message
[2026-09-09T22:55:38.072Z WARN  chromiumoxide::handler] WS Invalid message: data did not match any variant of untagged enum Message
[2026-09-09T22:55:38.124Z WARN  chromiumoxide::handler] WS Invalid message: data did not match any variant of untagged enum Message
[2026-09-09T22:55:38.138Z WARN  chromiumoxide::handler] WS Invalid message: data did not match any variant of untagged enum Message
[2026-09-09T22:55:38.139Z WARN  chromiumoxide::handler] WS Invalid message: data did not match any variant of untagged enum Message
[2026-09-09T22:55:38.139Z WARN  chromiumoxide::handler] WS Invalid message: data did not match any variant of untagged enum Message
[2026-09-09T22:55:38.140Z WARN  chromiumoxide::handler] WS Invalid message: data did not match any variant of untagged enum Message
[2026-09-09T22:55:38.161Z WARN  chromiumoxide::handler] WS Invalid message: data did not match any variant of untagged enum Message
[2026-09-09T22:55:38.178Z WARN  chromiumoxide::handler] WS Invalid message: data did not match any variant of untagged enum Message
[2026-09-09T22:55:38.185Z WARN  chromiumoxide::handler] WS Invalid message: data did not match any variant of untagged enum Message
[2026-09-09T22:55:38.186Z WARN  chromiumoxide::handler] WS Invalid message: data did not match any variant of untagged enum Message
[2026-09-09T22:55:38.186Z WARN  chromiumoxide::handler] WS Invalid message: data did not match any variant of untagged enum Message
[2026-09-09T22:55:38.225Z WARN  chromiumoxide::handler] WS Invalid message: data did not match any variant of untagged enum Message
[2026-09-09T22:55:38.226Z WARN  chromiumoxide::handler] WS Invalid message: data did not match any variant of untagged enum Message
[2026-09-09T22:55:38.229Z WARN  chromiumoxide::handler] WS Invalid message: data did not match any variant of untagged enum Message
[2026-09-09T22:55:38.229Z WARN  chromiumoxide::handler] WS Invalid message: data did not match any variant of untagged enum Message
[2026-09-09T22:55:38.240Z WARN  chromiumoxide::handler] WS Invalid message: data did not match any variant of untagged enum Message
[2026-09-09T22:55:38.302Z WARN  chromiumoxide::handler] WS Invalid message: data did not match any variant of untagged enum Message
[2026-09-09T22:55:38.428Z WARN  chromiumoxide::handler] WS Invalid message: data did not match any variant of untagged enum Message
[2026-09-09T22:55:38.428Z WARN  chromiumoxide::handler] WS Invalid message: data did not match any variant of untagged enum Message
[2026-09-09T22:55:38.428Z WARN  chromiumoxide::handler] WS Invalid message: data did not match any variant of untagged enum Message
[2026-09-09T22:55:38.428Z WARN  chromiumoxide::handler] WS Invalid message: data did not match any variant of untagged enum Message
[2026-09-09T22:55:38.428Z WARN  chromiumoxide::handler] WS Invalid message: data did not match any variant of untagged enum Message
[2026-09-09T22:55:38.572Z WARN  chromiumoxide::handler] WS Invalid message: data did not match any variant of untagged enum Message
[2026-09-09T22:55:38.583Z WARN  chromiumoxide::handler] WS Invalid message: data did not match any variant of untagged enum Message
[2026-09-09T22:55:38.701Z WARN  chromiumoxide::handler] WS Invalid message: data did not match any variant of untagged enum Message
[2026-09-09T22:55:38.701Z WARN  chromiumoxide::handler] WS Invalid message: data did not match any variant of untagged enum Message
[2026-09-09T22:55:38.714Z WARN  chromiumoxide::handler] WS Invalid message: data did not match any variant of untagged enum Message
[2026-09-09T22:55:38.714Z WARN  chromiumoxide::handler] WS Invalid message: data did not match any variant of untagged enum Message
[2026-09-09T22:55:38.714Z WARN  chromiumoxide::handler] WS Invalid message: data did not match any variant of untagged enum Message
[2026-09-09T22:55:38.714Z WARN  chromiumoxide::handler] WS Invalid message: data did not match any variant of untagged enum Message
[2026-09-09T22:55:38.783Z WARN  chromiumoxide::handler] WS Invalid message: data did not match any variant of untagged enum Message
[2026-09-09T22:55:38.798Z WARN  chromiumoxide::handler] WS Invalid message: data did not match any variant of untagged enum Message
[2026-09-09T22:55:39.224Z WARN  chromiumoxide::handler] WS Invalid message: data did not match any variant of untagged enum Message
[2026-09-09T22:55:39.488Z WARN  chromiumoxide::handler] WS Invalid message: data did not match any variant of untagged enum Message
[2026-09-09T22:55:39.497Z WARN  chromiumoxide::handler] WS Invalid message: data did not match any variant of untagged enum Message
[2026-09-09T22:55:39.528Z WARN  chromiumoxide::handler] WS Invalid message: data did not match any variant of untagged enum Message
[2026-09-09T22:55:39.529Z WARN  chromiumoxide::handler] WS Invalid message: data did not match any variant of untagged enum Message
[2026-09-09T22:55:39.557Z WARN  chromiumoxide::handler] WS Invalid message: data did not match any variant of untagged enum Message
[2026-09-09T22:55:39.557Z WARN  chromiumoxide::handler] WS Invalid message: data did not match any variant of untagged enum Message
[2026-09-09T22:55:39.707Z WARN  chromiumoxide::handler] WS Invalid message: data did not match any variant of untagged enum Message
[2026-09-09T22:55:40.466Z WARN  chromiumoxide::handler] WS Invalid message: data did not match any variant of untagged enum Message
[2026-09-09T22:55:40.939Z WARN  chromiumoxide::handler] WS Invalid message: data did not match any variant of untagged enum Message
[2026-09-09T22:55:41.512Z WARN  chromiumoxide::handler] WS Invalid message: data did not match any variant of untagged enum Message
[2026-09-09T22:55:41.512Z WARN  chromiumoxide::handler] WS Invalid message: data did not match any variant of untagged enum Message
[2026-09-09T22:55:43.435Z WARN  chromiumoxide::handler] WS Invalid message: data did not match any variant of untagged enum Message
[2026-09-09T22:55:43.435Z WARN  chromiumoxide::handler] WS Invalid message: data did not match any variant of untagged enum Message
[2026-09-09T22:55:43.435Z WARN  chromiumoxide::handler] WS Invalid message: data did not match any variant of untagged enum Message
[2026-09-09T22:55:43.435Z WARN  chromiumoxide::handler] WS Invalid message: data did not match any variant of untagged enum Message
[2026-09-09T22:55:43.534Z WARN  chromiumoxide::handler] WS Invalid message: data did not match any variant of untagged enum Message
[2026-09-09T22:55:43.534Z WARN  chromiumoxide::handler] WS Invalid message: data did not match any variant of untagged enum Message
{"level":30,"time":1788994543542,"pid":49295,"hostname":"vps-15cf2c41","reqId":"req-40","req":{"method":"GET","url":"/api/v1/workspace/meta","host":"127.0.0.1:6140","remoteAddress":"127.0.0.1","remotePort":32950},"msg":"incoming request"}
[2026-09-09T22:55:43.543Z WARN  chromiumoxide::handler] WS Invalid message: data did not match any variant of untagged enum Message
{"level":30,"time":1788994543544,"pid":49295,"hostname":"vps-15cf2c41","reqId":"req-40","res":{"statusCode":200},"responseTime":0.7626670000026934,"msg":"request completed"}
[2026-09-09T22:55:43.555Z WARN  chromiumoxide::handler] WS Invalid message: data did not match any variant of untagged enum Message
{"level":30,"time":1788994543556,"pid":49295,"hostname":"vps-15cf2c41","reqId":"req-41","req":{"method":"GET","url":"/api/v1/workspace/meta","host":"127.0.0.1:6140","remoteAddress":"127.0.0.1","remotePort":32966},"msg":"incoming request"}
{"level":30,"time":1788994543557,"pid":49295,"hostname":"vps-15cf2c41","reqId":"req-41","res":{"statusCode":200},"responseTime":0.4439219999767374,"msg":"request completed"}
[2026-09-09T22:55:43.688Z WARN  chromiumoxide::handler] WS Invalid message: data did not match any variant of untagged enum Message
{"level":30,"time":1788994543689,"pid":49295,"hostname":"vps-15cf2c41","reqId":"req-42","req":{"method":"GET","url":"/api/v1/tree?path=.","host":"127.0.0.1:6140","remoteAddress":"127.0.0.1","remotePort":32972},"msg":"incoming request"}
{"level":30,"time":1788994543694,"pid":49295,"hostname":"vps-15cf2c41","reqId":"req-42","res":{"statusCode":200},"responseTime":4.4654110000119545,"msg":"request completed"}
[2026-09-09T22:55:43.697Z WARN  chromiumoxide::handler] WS Invalid message: data did not match any variant of untagged enum Message
{"level":30,"time":1788994543698,"pid":49295,"hostname":"vps-15cf2c41","reqId":"req-43","req":{"method":"PUT","url":"/api/v1/ui/state","host":"127.0.0.1:6140","remoteAddress":"127.0.0.1","remotePort":32986},"msg":"incoming request"}
{"level":30,"time":1788994543700,"pid":49295,"hostname":"vps-15cf2c41","reqId":"req-43","res":{"statusCode":204},"responseTime":2.204509000002872,"msg":"request completed"}
[2026-09-09T22:55:43.706Z WARN  chromiumoxide::handler] WS Invalid message: data did not match any variant of untagged enum Message
{"level":30,"time":1788994543708,"pid":49295,"hostname":"vps-15cf2c41","reqId":"req-44","req":{"method":"GET","url":"/api/v1/filesystems","host":"127.0.0.1:6140","remoteAddress":"127.0.0.1","remotePort":32988},"msg":"incoming request"}
{"level":30,"time":1788994543709,"pid":49295,"hostname":"vps-15cf2c41","reqId":"req-44","res":{"statusCode":200},"responseTime":0.8087830000149552,"msg":"request completed"}
[2026-09-09T22:55:43.747Z WARN  chromiumoxide::handler] WS Invalid message: data did not match any variant of untagged enum Message
{"level":30,"time":1788994543750,"pid":49295,"hostname":"vps-15cf2c41","reqId":"req-45","req":{"method":"GET","url":"/api/v1/agents","host":"127.0.0.1:6140","remoteAddress":"127.0.0.1","remotePort":32990},"msg":"incoming request"}
{"level":30,"time":1788994543751,"pid":49295,"hostname":"vps-15cf2c41","reqId":"req-45","res":{"statusCode":200},"responseTime":0.6488600000157021,"msg":"request completed"}
{"level":30,"time":1788994543762,"pid":49295,"hostname":"vps-15cf2c41","reqId":"req-46","req":{"method":"GET","url":"/api/v1/tree?path=.","host":"127.0.0.1:6140","remoteAddress":"127.0.0.1","remotePort":32996},"msg":"incoming request"}
[2026-09-09T22:55:43.764Z WARN  chromiumoxide::handler] WS Invalid message: data did not match any variant of untagged enum Message
{"level":30,"time":1788994543767,"pid":49295,"hostname":"vps-15cf2c41","reqId":"req-47","req":{"method":"PUT","url":"/api/v1/ui/state","host":"127.0.0.1:6140","remoteAddress":"127.0.0.1","remotePort":33000},"msg":"incoming request"}
{"level":30,"time":1788994543768,"pid":49295,"hostname":"vps-15cf2c41","reqId":"req-47","res":{"statusCode":204},"responseTime":0.8333609999972396,"msg":"request completed"}
[2026-09-09T22:55:43.765Z WARN  chromiumoxide::handler] WS Invalid message: data did not match any variant of untagged enum Message
{"level":30,"time":1788994543770,"pid":49295,"hostname":"vps-15cf2c41","reqId":"req-46","res":{"statusCode":200},"responseTime":7.068155000015395,"msg":"request completed"}
[2026-09-09T22:55:43.779Z WARN  chromiumoxide::handler] WS Invalid message: data did not match any variant of untagged enum Message
{"level":30,"time":1788994543780,"pid":49295,"hostname":"vps-15cf2c41","reqId":"req-48","req":{"method":"GET","url":"/api/v1/filesystems","host":"127.0.0.1:6140","remoteAddress":"127.0.0.1","remotePort":33002},"msg":"incoming request"}
{"level":30,"time":1788994543781,"pid":49295,"hostname":"vps-15cf2c41","reqId":"req-48","res":{"statusCode":200},"responseTime":0.6633549999969546,"msg":"request completed"}
[2026-09-09T22:55:43.836Z WARN  chromiumoxide::handler] WS Invalid message: data did not match any variant of untagged enum Message
00:00.000 Waiting
[2026-09-09T22:55:43.892Z WARN  chromiumoxide::handler] WS Invalid message: data did not match any variant of untagged enum Message
{"level":30,"time":1788994543895,"pid":49295,"hostname":"vps-15cf2c41","reqId":"req-49","req":{"method":"GET","url":"/api/v1/fs/events?workspaceId=workspace","host":"127.0.0.1:6140","remoteAddress":"127.0.0.1","remotePort":33012},"msg":"incoming request"}
[2026-09-09T22:55:43.898Z WARN  chromiumoxide::handler] WS Invalid message: data did not match any variant of untagged enum Message
[2026-09-09T22:55:43.898Z WARN  chromiumoxide::handler] WS Invalid message: data did not match any variant of untagged enum Message
{"level":30,"time":1788994543901,"pid":49295,"hostname":"vps-15cf2c41","reqId":"req-4a","req":{"method":"GET","url":"/api/v1/ui/commands/next?workspaceId=workspace","host":"127.0.0.1:6140","remoteAddress":"127.0.0.1","remotePort":33026},"msg":"incoming request"}
{"level":30,"time":1788994543903,"pid":49295,"hostname":"vps-15cf2c41","reqId":"req-4b","req":{"method":"GET","url":"/api/v1/ui/state","host":"127.0.0.1:6140","remoteAddress":"127.0.0.1","remotePort":33030},"msg":"incoming request"}
{"level":30,"time":1788994543904,"pid":49295,"hostname":"vps-15cf2c41","reqId":"req-4b","res":{"statusCode":200},"responseTime":0.6909809999924619,"msg":"request completed"}
00:00.095 Clicking <button> (x: 137.5, y: 82.0, content: "Search⌘K")
[2026-09-09T22:55:44.027Z WARN  chromiumoxide::handler] WS Invalid message: data did not match any variant of untagged enum Message
{"level":30,"time":1788994544029,"pid":49295,"hostname":"vps-15cf2c41","reqId":"req-4c","req":{"method":"GET","url":"/api/v1/agents/alpha/sessions?limit=50&archived=active","host":"127.0.0.1:6140","remoteAddress":"127.0.0.1","remotePort":33042},"msg":"incoming request"}
[2026-09-09T22:55:44.032Z WARN  chromiumoxide::handler] WS Invalid message: data did not match any variant of untagged enum Message
[2026-09-09T22:55:44.032Z WARN  chromiumoxide::handler] WS Invalid message: data did not match any variant of untagged enum Message
{"level":30,"time":1788994544035,"pid":49295,"hostname":"vps-15cf2c41","reqId":"req-4d","req":{"method":"GET","url":"/api/v1/tree?path=.","host":"127.0.0.1:6140","remoteAddress":"127.0.0.1","remotePort":33046},"msg":"incoming request"}
{"level":30,"time":1788994544037,"pid":49295,"hostname":"vps-15cf2c41","reqId":"req-4e","req":{"method":"GET","url":"/api/v1/agents/alpha/ready-status","host":"127.0.0.1:6140","remoteAddress":"127.0.0.1","remotePort":33062},"msg":"incoming request"}
{"level":30,"time":1788994544044,"pid":49295,"hostname":"vps-15cf2c41","reqId":"req-4d","res":{"statusCode":200},"responseTime":8.065663000015775,"msg":"request completed"}
[2026-09-09T22:55:44.048Z WARN  chromiumoxide::handler] WS Invalid message: data did not match any variant of untagged enum Message
{"level":30,"time":1788994544050,"pid":49295,"hostname":"vps-15cf2c41","reqId":"req-4f","req":{"method":"GET","url":"/api/v1/tree?path=.","host":"127.0.0.1:6140","remoteAddress":"127.0.0.1","remotePort":33072},"msg":"incoming request"}
{"level":30,"time":1788994544055,"pid":49295,"hostname":"vps-15cf2c41","reqId":"req-4f","res":{"statusCode":200},"responseTime":4.98888699998497,"msg":"request completed"}
{"level":30,"time":1788994544062,"pid":49295,"hostname":"vps-15cf2c41","reqId":"req-4c","res":{"statusCode":200},"responseTime":32.593124000006355,"msg":"request completed"}
{"level":30,"time":1788994544064,"pid":49295,"hostname":"vps-15cf2c41","reqId":"req-4e","res":{"statusCode":200},"responseTime":26.96664800000144,"msg":"request completed"}
[2026-09-09T22:55:44.069Z WARN  chromiumoxide::handler] WS Invalid message: data did not match any variant of untagged enum Message
[2026-09-09T22:55:44.070Z WARN  chromiumoxide::handler] WS Invalid message: data did not match any variant of untagged enum Message
{"level":30,"time":1788994544072,"pid":49295,"hostname":"vps-15cf2c41","reqId":"req-4g","req":{"method":"GET","url":"/api/v1/agents/alpha/sessions?limit=50&archived=active","host":"127.0.0.1:6140","remoteAddress":"127.0.0.1","remotePort":33074},"msg":"incoming request"}
{"level":30,"time":1788994544076,"pid":49295,"hostname":"vps-15cf2c41","reqId":"req-4h","req":{"method":"GET","url":"/api/v1/agents/alpha/ready-status","host":"127.0.0.1:6140","remoteAddress":"127.0.0.1","remotePort":33080},"msg":"incoming request"}
{"level":30,"time":1788994544088,"pid":49295,"hostname":"vps-15cf2c41","reqId":"req-4h","res":{"statusCode":200},"responseTime":11.756052999990061,"msg":"request completed"}
{"level":30,"time":1788994544089,"pid":49295,"hostname":"vps-15cf2c41","reqId":"req-4g","res":{"statusCode":200},"responseTime":16.63743999999133,"msg":"request completed"}
[2026-09-09T22:55:44.113Z WARN  chromiumoxide::handler] WS Invalid message: data did not match any variant of untagged enum Message
{"level":30,"time":1788994544116,"pid":49295,"hostname":"vps-15cf2c41","reqId":"req-4i","req":{"method":"GET","url":"/api/v1/ui/state","host":"127.0.0.1:6140","remoteAddress":"127.0.0.1","remotePort":33082},"msg":"incoming request"}
{"level":30,"time":1788994544117,"pid":49295,"hostname":"vps-15cf2c41","reqId":"req-4i","res":{"statusCode":200},"responseTime":0.9092940000118688,"msg":"request completed"}
[2026-09-09T22:55:44.420Z WARN  chromiumoxide::handler] WS Invalid message: data did not match any variant of untagged enum Message
[2026-09-09T22:55:44.533Z WARN  chromiumoxide::handler] WS Invalid message: data did not match any variant of untagged enum Message
{"level":30,"time":1788994544533,"pid":49295,"hostname":"vps-15cf2c41","reqId":"req-4j","req":{"method":"POST","url":"/api/v1/workspace-bridge/call","host":"127.0.0.1:6140","remoteAddress":"127.0.0.1","remotePort":33086},"msg":"incoming request"}
{"level":30,"time":1788994544540,"pid":49295,"hostname":"vps-15cf2c41","reqId":"req-4j","res":{"statusCode":200},"responseTime":5.724413000018103,"msg":"request completed"}
00:00.718 Waiting

Reproduction finished!

Inspect the test results using:

  bombadil browser inspect /dev/shm/cpr-176/boring-ui-review-run.jYFVHO/replay-desktop.d6iBVT

verified Bombadil replay final state: cpr-01:workspace-command-palette:candidate:desktop:explore-0004-dialog-popover:b154e331ec23
[2026-09-09T22:55:46.541Z WARN  chromiumoxide::handler] WS Invalid message: data did not match any variant of untagged enum Message
[2026-09-09T22:55:46.541Z WARN  chromiumoxide::handler] WS Invalid message: data did not match any variant of untagged enum Message
[2026-09-09T22:55:46.541Z WARN  chromiumoxide::handler] WS Invalid message: data did not match any variant of untagged enum Message
[2026-09-09T22:55:46.566Z WARN  chromiumoxide::handler] WS Invalid message: data did not match any variant of untagged enum Message
[2026-09-09T22:55:46.612Z WARN  chromiumoxide::handler] WS Invalid message: data did not match any variant of untagged enum Message
[2026-09-09T22:55:46.640Z WARN  chromiumoxide::handler] WS Invalid message: data did not match any variant of untagged enum Message
[2026-09-09T22:55:46.640Z WARN  chromiumoxide::handler] WS Invalid message: data did not match any variant of untagged enum Message
[2026-09-09T22:55:46.642Z WARN  chromiumoxide::handler] WS Invalid message: data did not match any variant of untagged enum Message
[2026-09-09T22:55:46.646Z WARN  chromiumoxide::handler] WS Invalid message: data did not match any variant of untagged enum Message
[2026-09-09T22:55:46.646Z WARN  chromiumoxide::handler] WS Invalid message: data did not match any variant of untagged enum Message
[2026-09-09T22:55:46.646Z WARN  chromiumoxide::handler] WS Invalid message: data did not match any variant of untagged enum Message
[2026-09-09T22:55:46.648Z WARN  chromiumoxide::handler] WS Invalid message: data did not match any variant of untagged enum Message
[2026-09-09T22:55:46.729Z WARN  chromiumoxide::handler] WS Invalid message: data did not match any variant of untagged enum Message
[2026-09-09T22:55:47.076Z WARN  chromiumoxide::handler] WS Invalid message: data did not match any variant of untagged enum Message
[2026-09-09T22:55:47.076Z WARN  chromiumoxide::handler] WS Invalid message: data did not match any variant of untagged enum Message
[2026-09-09T22:55:47.076Z WARN  chromiumoxide::handler] WS Invalid message: data did not match any variant of untagged enum Message
[2026-09-09T22:55:47.076Z WARN  chromiumoxide::handler] WS Invalid message: data did not match any variant of untagged enum Message
[2026-09-09T22:55:47.076Z WARN  chromiumoxide::handler] WS Invalid message: data did not match any variant of untagged enum Message
[2026-09-09T22:55:47.076Z WARN  chromiumoxide::handler] WS Invalid message: data did not match any variant of untagged enum Message
[2026-09-09T22:55:47.101Z WARN  chromiumoxide::handler] WS Invalid message: data did not match any variant of untagged enum Message
[2026-09-09T22:55:47.226Z WARN  chromiumoxide::handler] WS Invalid message: data did not match any variant of untagged enum Message
[2026-09-09T22:55:47.284Z WARN  chromiumoxide::handler] WS Invalid message: data did not match any variant of untagged enum Message
[2026-09-09T22:55:47.284Z WARN  chromiumoxide::handler] WS Invalid message: data did not match any variant of untagged enum Message
[2026-09-09T22:55:47.324Z WARN  chromiumoxide::handler] WS Invalid message: data did not match any variant of untagged enum Message
[2026-09-09T22:55:47.398Z WARN  chromiumoxide::handler] WS Invalid message: data did not match any variant of untagged enum Message
[2026-09-09T22:55:47.410Z WARN  chromiumoxide::handler] WS Invalid message: data did not match any variant of untagged enum Message
[2026-09-09T22:55:47.410Z WARN  chromiumoxide::handler] WS Invalid message: data did not match any variant of untagged enum Message
[2026-09-09T22:55:47.410Z WARN  chromiumoxide::handler] WS Invalid message: data did not match any variant of untagged enum Message
[2026-09-09T22:55:47.410Z WARN  chromiumoxide::handler] WS Invalid message: data did not match any variant of untagged enum Message
[2026-09-09T22:55:47.446Z WARN  chromiumoxide::handler] WS Invalid message: data did not match any variant of untagged enum Message
[2026-09-09T22:55:47.446Z WARN  chromiumoxide::handler] WS Invalid message: data did not match any variant of untagged enum Message
[2026-09-09T22:55:47.510Z WARN  chromiumoxide::handler] WS Invalid message: data did not match any variant of untagged enum Message
[2026-09-09T22:55:47.510Z WARN  chromiumoxide::handler] WS Invalid message: data did not match any variant of untagged enum Message
[2026-09-09T22:55:47.526Z WARN  chromiumoxide::handler] WS Invalid message: data did not match any variant of untagged enum Message
[2026-09-09T22:55:47.526Z WARN  chromiumoxide::handler] WS Invalid message: data did not match any variant of untagged enum Message
[2026-09-09T22:55:47.601Z WARN  chromiumoxide::handler] WS Invalid message: data did not match any variant of untagged enum Message
[2026-09-09T22:55:47.644Z WARN  chromiumoxide::handler] WS Invalid message: data did not match any variant of untagged enum Message
[2026-09-09T22:55:47.644Z WARN  chromiumoxide::handler] WS Invalid message: data did not match any variant of untagged enum Message
[2026-09-09T22:55:47.644Z WARN  chromiumoxide::handler] WS Invalid message: data did not match any variant of untagged enum Message
[2026-09-09T22:55:47.644Z WARN  chromiumoxide::handler] WS Invalid message: data did not match any variant of untagged enum Message
[2026-09-09T22:55:47.644Z WARN  chromiumoxide::handler] WS Invalid message: data did not match any variant of untagged enum Message
[2026-09-09T22:55:47.671Z WARN  chromiumoxide::handler] WS Invalid message: data did not match any variant of untagged enum Message
[2026-09-09T22:55:47.676Z WARN  chromiumoxide::handler] WS Invalid message: data did not match any variant of untagged enum Message
[2026-09-09T22:55:47.676Z WARN  chromiumoxide::handler] WS Invalid message: data did not match any variant of untagged enum Message
[2026-09-09T22:55:47.676Z WARN  chromiumoxide::handler] WS Invalid message: data did not match any variant of untagged enum Message
[2026-09-09T22:55:47.687Z WARN  chromiumoxide::handler] WS Invalid message: data did not match any variant of untagged enum Message
[2026-09-09T22:55:47.688Z WARN  chromiumoxide::handler] WS Invalid message: data did not match any variant of untagged enum Message
[2026-09-09T22:55:47.688Z WARN  chromiumoxide::handler] WS Invalid message: data did not match any variant of untagged enum Message
[2026-09-09T22:55:47.688Z WARN  chromiumoxide::handler] WS Invalid message: data did not match any variant of untagged enum Message
[2026-09-09T22:55:47.961Z WARN  chromiumoxide::handler] WS Invalid message: data did not match any variant of untagged enum Message
[2026-09-09T22:55:48.082Z WARN  chromiumoxide::handler] WS Invalid message: data did not match any variant of untagged enum Message
[2026-09-09T22:55:48.082Z WARN  chromiumoxide::handler] WS Invalid message: data did not match any variant of untagged enum Message
[2026-09-09T22:55:48.082Z WARN  chromiumoxide::handler] WS Invalid message: data did not match any variant of untagged enum Message
[2026-09-09T22:55:48.082Z WARN  chromiumoxide::handler] WS Invalid message: data did not match any variant of untagged enum Message
[2026-09-09T22:55:48.082Z WARN  chromiumoxide::handler] WS Invalid message: data did not match any variant of untagged enum Message
[2026-09-09T22:55:48.082Z WARN  chromiumoxide::handler] WS Invalid message: data did not match any variant of untagged enum Message
[2026-09-09T22:55:48.131Z WARN  chromiumoxide::handler] WS Invalid message: data did not match any variant of untagged enum Message
[2026-09-09T22:55:48.271Z WARN  chromiumoxide::handler] WS Invalid message: data did not match any variant of untagged enum Message
[2026-09-09T22:55:48.272Z WARN  chromiumoxide::handler] WS Invalid message: data did not match any variant of untagged enum Message
[2026-09-09T22:55:48.272Z WARN  chromiumoxide::handler] WS Invalid message: data did not match any variant of untagged enum Message
[2026-09-09T22:55:48.272Z WARN  chromiumoxide::handler] WS Invalid message: data did not match any variant of untagged enum Message
[2026-09-09T22:55:48.272Z WARN  chromiumoxide::handler] WS Invalid message: data did not match any variant of untagged enum Message
[2026-09-09T22:55:48.272Z WARN  chromiumoxide::handler] WS Invalid message: data did not match any variant of untagged enum Message
[2026-09-09T22:55:48.277Z WARN  chromiumoxide::handler] WS Invalid message: data did not match any variant of untagged enum Message
[2026-09-09T22:55:48.280Z WARN  chromiumoxide::handler] WS Invalid message: data did not match any variant of untagged enum Message
[2026-09-09T22:55:48.283Z WARN  chromiumoxide::handler] WS Invalid message: data did not match any variant of untagged enum Message
[2026-09-09T22:55:48.288Z WARN  chromiumoxide::handler] WS Invalid message: data did not match any variant of untagged enum Message
[2026-09-09T22:55:48.305Z WARN  chromiumoxide::handler] WS Invalid message: data did not match any variant of untagged enum Message
[2026-09-09T22:55:48.305Z WARN  chromiumoxide::handler] WS Invalid message: data did not match any variant of untagged enum Message
[2026-09-09T22:55:48.305Z WARN  chromiumoxide::handler] WS Invalid message: data did not match any variant of untagged enum Message
[2026-09-09T22:55:48.306Z WARN  chromiumoxide::handler] WS Invalid message: data did not match any variant of untagged enum Message
[2026-09-09T22:55:48.306Z WARN  chromiumoxide::handler] WS Invalid message: data did not match any variant of untagged enum Message
[2026-09-09T22:55:48.317Z WARN  chromiumoxide::handler] WS Invalid message: data did not match any variant of untagged enum Message
[2026-09-09T22:55:48.333Z WARN  chromiumoxide::handler] WS Invalid message: data did not match any variant of untagged enum Message
[2026-09-09T22:55:48.334Z WARN  chromiumoxide::handler] WS Invalid message: data did not match any variant of untagged enum Message
[2026-09-09T22:55:48.334Z WARN  chromiumoxide::handler] WS Invalid message: data did not match any variant of untagged enum Message
[2026-09-09T22:55:48.334Z WARN  chromiumoxide::handler] WS Invalid message: data did not match any variant of untagged enum Message
[2026-09-09T22:55:48.334Z WARN  chromiumoxide::handler] WS Invalid message: data did not match any variant of untagged enum Message
[2026-09-09T22:55:48.353Z WARN  chromiumoxide::handler] WS Invalid message: data did not match any variant of untagged enum Message
[2026-09-09T22:55:48.353Z WARN  chromiumoxide::handler] WS Invalid message: data did not match any variant of untagged enum Message
[2026-09-09T22:55:48.353Z WARN  chromiumoxide::handler] WS Invalid message: data did not match any variant of untagged enum Message
[2026-09-09T22:55:48.371Z WARN  chromiumoxide::handler] WS Invalid message: data did not match any variant of untagged enum Message
[2026-09-09T22:55:48.371Z WARN  chromiumoxide::handler] WS Invalid message: data did not match any variant of untagged enum Message
[2026-09-09T22:55:48.371Z WARN  chromiumoxide::handler] WS Invalid message: data did not match any variant of untagged enum Message
[2026-09-09T22:55:48.451Z WARN  chromiumoxide::handler] WS Invalid message: data did not match any variant of untagged enum Message
[2026-09-09T22:55:48.886Z WARN  chromiumoxide::handler] WS Invalid message: data did not match any variant of untagged enum Message
[2026-09-09T22:55:48.886Z WARN  chromiumoxide::handler] WS Invalid message: data did not match any variant of untagged enum Message
[2026-09-09T22:55:48.887Z WARN  chromiumoxide::handler] WS Invalid message: data did not match any variant of untagged enum Message
[2026-09-09T22:55:48.887Z WARN  chromiumoxide::handler] WS Invalid message: data did not match any variant of untagged enum Message
[2026-09-09T22:55:48.887Z WARN  chromiumoxide::handler] WS Invalid message: data did not match any variant of untagged enum Message
[2026-09-09T22:55:48.887Z WARN  chromiumoxide::handler] WS Invalid message: data did not match any variant of untagged enum Message
[2026-09-09T22:55:48.887Z WARN  chromiumoxide::handler] WS Invalid message: data did not match any variant of untagged enum Message
[2026-09-09T22:55:48.887Z WARN  chromiumoxide::handler] WS Invalid message: data did not match any variant of untagged enum Message
[2026-09-09T22:55:48.888Z WARN  chromiumoxide::handler] WS Invalid message: data did not match any variant of untagged enum Message
[2026-09-09T22:55:48.888Z WARN  chromiumoxide::handler] WS Invalid message: data did not match any variant of untagged enum Message
[2026-09-09T22:55:48.888Z WARN  chromiumoxide::handler] WS Invalid message: data did not match any variant of untagged enum Message
[2026-09-09T22:55:48.889Z WARN  chromiumoxide::handler] WS Invalid message: data did not match any variant of untagged enum Message
[2026-09-09T22:55:49.178Z WARN  chromiumoxide::handler] WS Invalid message: data did not match any variant of untagged enum Message
[2026-09-09T22:55:49.214Z WARN  chromiumoxide::handler] WS Invalid message: data did not match any variant of untagged enum Message
[2026-09-09T22:55:49.214Z WARN  chromiumoxide::handler] WS Invalid message: data did not match any variant of untagged enum Message
[2026-09-09T22:55:49.265Z WARN  chromiumoxide::handler] WS Invalid message: data did not match any variant of untagged enum Message
[2026-09-09T22:55:49.265Z WARN  chromiumoxide::handler] WS Invalid message: data did not match any variant of untagged enum Message
[2026-09-09T22:55:49.265Z WARN  chromiumoxide::handler] WS Invalid message: data did not match any variant of untagged enum Message
[2026-09-09T22:55:49.265Z WARN  chromiumoxide::handler] WS Invalid message: data did not match any variant of untagged enum Message
[2026-09-09T22:55:49.265Z WARN  chromiumoxide::handler] WS Invalid message: data did not match any variant of untagged enum Message
[2026-09-09T22:55:49.265Z WARN  chromiumoxide::handler] WS Invalid message: data did not match any variant of untagged enum Message
[2026-09-09T22:55:49.349Z WARN  chromiumoxide::handler] WS Invalid message: data did not match any variant of untagged enum Message
[2026-09-09T22:55:49.349Z WARN  chromiumoxide::handler] WS Invalid message: data did not match any variant of untagged enum Message
[2026-09-09T22:55:49.349Z WARN  chromiumoxide::handler] WS Invalid message: data did not match any variant of untagged enum Message
[2026-09-09T22:55:49.360Z WARN  chromiumoxide::handler] WS Invalid message: data did not match any variant of untagged enum Message
[2026-09-09T22:55:49.369Z WARN  chromiumoxide::handler] WS Invalid message: data did not match any variant of untagged enum Message
[2026-09-09T22:55:49.370Z WARN  chromiumoxide::handler] WS Invalid message: data did not match any variant of untagged enum Message
[2026-09-09T22:55:49.370Z WARN  chromiumoxide::handler] WS Invalid message: data did not match any variant of untagged enum Message
[2026-09-09T22:55:49.370Z WARN  chromiumoxide::handler] WS Invalid message: data did not match any variant of untagged enum Message
[2026-09-09T22:55:49.370Z WARN  chromiumoxide::handler] WS Invalid message: data did not match any variant of untagged enum Message
[2026-09-09T22:55:49.388Z WARN  chromiumoxide::handler] WS Invalid message: data did not match any variant of untagged enum Message
[2026-09-09T22:55:49.389Z WARN  chromiumoxide::handler] WS Invalid message: data did not match any variant of untagged enum Message
[2026-09-09T22:55:49.389Z WARN  chromiumoxide::handler] WS Invalid message: data did not match any variant of untagged enum Message
[2026-09-09T22:55:49.389Z WARN  chromiumoxide::handler] WS Invalid message: data did not match any variant of untagged enum Message
[2026-09-09T22:55:49.389Z WARN  chromiumoxide::handler] WS Invalid message: data did not match any variant of untagged enum Message
[2026-09-09T22:55:49.389Z WARN  chromiumoxide::handler] WS Invalid message: data did not match any variant of untagged enum Message
[2026-09-09T22:55:49.406Z WARN  chromiumoxide::handler] WS Invalid message: data did not match any variant of untagged enum Message
[2026-09-09T22:55:49.447Z WARN  chromiumoxide::handler] WS Invalid message: data did not match any variant of untagged enum Message
[2026-09-09T22:55:49.447Z WARN  chromiumoxide::handler] WS Invalid message: data did not match any variant of untagged enum Message
[2026-09-09T22:55:49.447Z WARN  chromiumoxide::handler] WS Invalid message: data did not match any variant of untagged enum Message
[2026-09-09T22:55:49.447Z WARN  chromiumoxide::handler] WS Invalid message: data did not match any variant of untagged enum Message
[2026-09-09T22:55:49.447Z WARN  chromiumoxide::handler] WS Invalid message: data did not match any variant of untagged enum Message
[2026-09-09T22:55:49.448Z WARN  chromiumoxide::handler] WS Invalid message: data did not match any variant of untagged enum Message
[2026-09-09T22:55:49.448Z WARN  chromiumoxide::handler] WS Invalid message: data did not match any variant of untagged enum Message
[2026-09-09T22:55:49.448Z WARN  chromiumoxide::handler] WS Invalid message: data did not match any variant of untagged enum Message
[2026-09-09T22:55:49.516Z WARN  chromiumoxide::handler] WS Invalid message: data did not match any variant of untagged enum Message
[2026-09-09T22:55:49.520Z WARN  chromiumoxide::handler] WS Invalid message: data did not match any variant of untagged enum Message
[2026-09-09T22:55:49.553Z WARN  chromiumoxide::handler] WS Invalid message: data did not match any variant of untagged enum Message
[2026-09-09T22:55:49.554Z WARN  chromiumoxide::handler] WS Invalid message: data did not match any variant of untagged enum Message
[2026-09-09T22:55:49.561Z WARN  chromiumoxide::handler] WS Invalid message: data did not match any variant of untagged enum Message
[2026-09-09T22:55:49.577Z WARN  chromiumoxide::handler] WS Invalid message: data did not match any variant of untagged enum Message
[2026-09-09T22:55:49.579Z WARN  chromiumoxide::handler] WS Invalid message: data did not match any variant of untagged enum Message
[2026-09-09T22:55:49.583Z WARN  chromiumoxide::handler] WS Invalid message: data did not match any variant of untagged enum Message
[2026-09-09T22:55:49.583Z WARN  chromiumoxide::handler] WS Invalid message: data did not match any variant of untagged enum Message
[2026-09-09T22:55:49.583Z WARN  chromiumoxide::handler] WS Invalid message: data did not match any variant of untagged enum Message
[2026-09-09T22:55:49.589Z WARN  chromiumoxide::handler] WS Invalid message: data did not match any variant of untagged enum Message
[2026-09-09T22:55:49.600Z WARN  chromiumoxide::handler] WS Invalid message: data did not match any variant of untagged enum Message
[2026-09-09T22:55:49.600Z WARN  chromiumoxide::handler] WS Invalid message: data did not match any variant of untagged enum Message
[2026-09-09T22:55:49.605Z WARN  chromiumoxide::handler] WS Invalid message: data did not match any variant of untagged enum Message
[2026-09-09T22:55:49.605Z WARN  chromiumoxide::handler] WS Invalid message: data did not match any variant of untagged enum Message
[2026-09-09T22:55:49.612Z WARN  chromiumoxide::handler] WS Invalid message: data did not match any variant of untagged enum Message
[2026-09-09T22:55:49.612Z WARN  chromiumoxide::handler] WS Invalid message: data did not match any variant of untagged enum Message
[2026-09-09T22:55:49.645Z WARN  chromiumoxide::handler] WS Invalid message: data did not match any variant of untagged enum Message
[2026-09-09T22:55:49.645Z WARN  chromiumoxide::handler] WS Invalid message: data did not match any variant of untagged enum Message
[2026-09-09T22:55:49.645Z WARN  chromiumoxide::handler] WS Invalid message: data did not match any variant of untagged enum Message
[2026-09-09T22:55:49.645Z WARN  chromiumoxide::handler] WS Invalid message: data did not match any variant of untagged enum Message
[2026-09-09T22:55:49.650Z WARN  chromiumoxide::handler] WS Invalid message: data did not match any variant of untagged enum Message
[2026-09-09T22:55:49.652Z WARN  chromiumoxide::handler] WS Invalid message: data did not match any variant of untagged enum Message
[2026-09-09T22:55:49.654Z WARN  chromiumoxide::handler] WS Invalid message: data did not match any variant of untagged enum Message
[2026-09-09T22:55:49.660Z WARN  chromiumoxide::handler] WS Invalid message: data did not match any variant of untagged enum Message
[2026-09-09T22:55:49.660Z WARN  chromiumoxide::handler] WS Invalid message: data did not match any variant of untagged enum Message
[2026-09-09T22:55:49.661Z WARN  chromiumoxide::handler] WS Invalid message: data did not match any variant of untagged enum Message
[2026-09-09T22:55:49.661Z WARN  chromiumoxide::handler] WS Invalid message: data did not match any variant of untagged enum Message
[2026-09-09T22:55:49.686Z WARN  chromiumoxide::handler] WS Invalid message: data did not match any variant of untagged enum Message
[2026-09-09T22:55:49.701Z WARN  chromiumoxide::handler] WS Invalid message: data did not match any variant of untagged enum Message
[2026-09-09T22:55:49.701Z WARN  chromiumoxide::handler] WS Invalid message: data did not match any variant of untagged enum Message
[2026-09-09T22:55:49.708Z WARN  chromiumoxide::handler] WS Invalid message: data did not match any variant of untagged enum Message
[2026-09-09T22:55:49.708Z WARN  chromiumoxide::handler] WS Invalid message: data did not match any variant of untagged enum Message
[2026-09-09T22:55:49.708Z WARN  chromiumoxide::handler] WS Invalid message: data did not match any variant of untagged enum Message
[2026-09-09T22:55:49.794Z WARN  chromiumoxide::handler] WS Invalid message: data did not match any variant of untagged enum Message
[2026-09-09T22:55:49.794Z WARN  chromiumoxide::handler] WS Invalid message: data did not match any variant of untagged enum Message
[2026-09-09T22:55:50.077Z WARN  chromiumoxide::handler] WS Invalid message: data did not match any variant of untagged enum Message
[2026-09-09T22:55:50.600Z WARN  chromiumoxide::handler] WS Invalid message: data did not match any variant of untagged enum Message
[2026-09-09T22:55:50.615Z WARN  chromiumoxide::handler] WS Invalid message: data did not match any variant of untagged enum Message
[2026-09-09T22:55:50.644Z WARN  chromiumoxide::handler] WS Invalid message: data did not match any variant of untagged enum Message
[2026-09-09T22:55:50.644Z WARN  chromiumoxide::handler] WS Invalid message: data did not match any variant of untagged enum Message
[2026-09-09T22:55:50.645Z WARN  chromiumoxide::handler] WS Invalid message: data did not match any variant of untagged enum Message
[2026-09-09T22:55:50.645Z WARN  chromiumoxide::handler] WS Invalid message: data did not match any variant of untagged enum Message
[2026-09-09T22:55:50.666Z WARN  chromiumoxide::handler] WS Invalid message: data did not match any variant of untagged enum Message
[2026-09-09T22:55:50.843Z WARN  chromiumoxide::handler] WS Invalid message: data did not match any variant of untagged enum Message
[2026-09-09T22:55:51.201Z WARN  chromiumoxide::handler] WS Invalid message: data did not match any variant of untagged enum Message
[2026-09-09T22:55:51.378Z WARN  chromiumoxide::handler] WS Invalid message: data did not match any variant of untagged enum Message
[2026-09-09T22:55:51.395Z WARN  chromiumoxide::handler] WS Invalid message: data did not match any variant of untagged enum Message
[2026-09-09T22:55:51.428Z WARN  chromiumoxide::handler] WS Invalid message: data did not match any variant of untagged enum Message
[2026-09-09T22:55:51.428Z WARN  chromiumoxide::handler] WS Invalid message: data did not match any variant of untagged enum Message
[2026-09-09T22:55:51.466Z WARN  chromiumoxide::handler] WS Invalid message: data did not match any variant of untagged enum Message
[2026-09-09T22:55:51.466Z WARN  chromiumoxide::handler] WS Invalid message: data did not match any variant of untagged enum Message
[2026-09-09T22:55:51.713Z WARN  chromiumoxide::handler] WS Invalid message: data did not match any variant of untagged enum Message
[2026-09-09T22:55:52.155Z WARN  chromiumoxide::handler] WS Invalid message: data did not match any variant of untagged enum Message
[2026-09-09T22:55:52.155Z WARN  chromiumoxide::handler] WS Invalid message: data did not match any variant of untagged enum Message
[2026-09-09T22:55:52.403Z WARN  chromiumoxide::handler] WS Invalid message: data did not match any variant of untagged enum Message
[2026-09-09T22:55:54.916Z WARN  chromiumoxide::handler] WS Invalid message: data did not match any variant of untagged enum Message
[2026-09-09T22:55:54.916Z WARN  chromiumoxide::handler] WS Invalid message: data did not match any variant of untagged enum Message
[2026-09-09T22:55:54.916Z WARN  chromiumoxide::handler] WS Invalid message: data did not match any variant of untagged enum Message
[2026-09-09T22:55:55.119Z WARN  chromiumoxide::handler] WS Invalid message: data did not match any variant of untagged enum Message
{"level":30,"time":1788994555125,"pid":49295,"hostname":"vps-15cf2c41","reqId":"req-4k","req":{"method":"GET","url":"/api/v1/workspace/meta","host":"127.0.0.1:6140","remoteAddress":"127.0.0.1","remotePort":46170},"msg":"incoming request"}
[2026-09-09T22:55:55.127Z WARN  chromiumoxide::handler] WS Invalid message: data did not match any variant of untagged enum Message
{"level":30,"time":1788994555127,"pid":49295,"hostname":"vps-15cf2c41","reqId":"req-4k","res":{"statusCode":200},"responseTime":1.457192000001669,"msg":"request completed"}
[2026-09-09T22:55:55.132Z WARN  chromiumoxide::handler] WS Invalid message: data did not match any variant of untagged enum Message
[2026-09-09T22:55:55.140Z WARN  chromiumoxide::handler] WS Invalid message: data did not match any variant of untagged enum Message
{"level":30,"time":1788994555142,"pid":49295,"hostname":"vps-15cf2c41","reqId":"req-4l","req":{"method":"GET","url":"/api/v1/workspace/meta","host":"127.0.0.1:6140","remoteAddress":"127.0.0.1","remotePort":46180},"msg":"incoming request"}
{"level":30,"time":1788994555143,"pid":49295,"hostname":"vps-15cf2c41","reqId":"req-4l","res":{"statusCode":200},"responseTime":0.6167610000120476,"msg":"request completed"}
00:00.000 Waiting
[2026-09-09T22:55:55.334Z WARN  chromiumoxide::handler] WS Invalid message: data did not match any variant of untagged enum Message
{"level":30,"time":1788994555335,"pid":49295,"hostname":"vps-15cf2c41","reqId":"req-4m","req":{"method":"GET","url":"/api/v1/tree?path=.","host":"127.0.0.1:6140","remoteAddress":"127.0.0.1","remotePort":46186},"msg":"incoming request"}
[2026-09-09T22:55:55.340Z WARN  chromiumoxide::handler] WS Invalid message: data did not match any variant of untagged enum Message
{"level":30,"time":1788994555343,"pid":49295,"hostname":"vps-15cf2c41","reqId":"req-4n","req":{"method":"PUT","url":"/api/v1/ui/state","host":"127.0.0.1:6140","remoteAddress":"127.0.0.1","remotePort":46188},"msg":"incoming request"}
{"level":30,"time":1788994555345,"pid":49295,"hostname":"vps-15cf2c41","reqId":"req-4n","res":{"statusCode":204},"responseTime":1.4245569999911822,"msg":"request completed"}
{"level":30,"time":1788994555347,"pid":49295,"hostname":"vps-15cf2c41","reqId":"req-4m","res":{"statusCode":200},"responseTime":11.610935999982757,"msg":"request completed"}
{"level":30,"time":1788994555361,"pid":49295,"hostname":"vps-15cf2c41","reqId":"req-4o","req":{"method":"GET","url":"/api/v1/filesystems","host":"127.0.0.1:6140","remoteAddress":"127.0.0.1","remotePort":46190},"msg":"incoming request"}
[2026-09-09T22:55:55.362Z WARN  chromiumoxide::handler] WS Invalid message: data did not match any variant of untagged enum Message
{"level":30,"time":1788994555362,"pid":49295,"hostname":"vps-15cf2c41","reqId":"req-4o","res":{"statusCode":200},"responseTime":0.9046659999876283,"msg":"request completed"}
[2026-09-09T22:55:55.373Z WARN  chromiumoxide::handler] WS Invalid message: data did not match any variant of untagged enum Message
[2026-09-09T22:55:55.374Z WARN  chromiumoxide::handler] WS Invalid message: data did not match any variant of untagged enum Message
[2026-09-09T22:55:55.375Z WARN  chromiumoxide::handler] WS Invalid message: data did not match any variant of untagged enum Message
[2026-09-09T22:55:55.375Z WARN  chromiumoxide::handler] WS Invalid message: data did not match any variant of untagged enum Message
{"level":30,"time":1788994555378,"pid":49295,"hostname":"vps-15cf2c41","reqId":"req-4p","req":{"method":"GET","url":"/api/v1/agents","host":"127.0.0.1:6140","remoteAddress":"127.0.0.1","remotePort":46202},"msg":"incoming request"}
{"level":30,"time":1788994555379,"pid":49295,"hostname":"vps-15cf2c41","reqId":"req-4p","res":{"statusCode":200},"responseTime":0.7985080000071321,"msg":"request completed"}
{"level":30,"time":1788994555381,"pid":49295,"hostname":"vps-15cf2c41","reqId":"req-4q","req":{"method":"PUT","url":"/api/v1/ui/state","host":"127.0.0.1:6140","remoteAddress":"127.0.0.1","remotePort":46216},"msg":"incoming request"}
{"level":30,"time":1788994555382,"pid":49295,"hostname":"vps-15cf2c41","reqId":"req-4q","res":{"statusCode":204},"responseTime":0.8120460000063758,"msg":"request completed"}
{"level":30,"time":1788994555384,"pid":49295,"hostname":"vps-15cf2c41","reqId":"req-4r","req":{"method":"GET","url":"/api/v1/filesystems","host":"127.0.0.1:6140","remoteAddress":"127.0.0.1","remotePort":46220},"msg":"incoming request"}
{"level":30,"time":1788994555385,"pid":49295,"hostname":"vps-15cf2c41","reqId":"req-4r","res":{"statusCode":200},"responseTime":0.6758440000121482,"msg":"request completed"}
{"level":30,"time":1788994555387,"pid":49295,"hostname":"vps-15cf2c41","reqId":"req-4s","req":{"method":"GET","url":"/api/v1/tree?path=.","host":"127.0.0.1:6140","remoteAddress":"127.0.0.1","remotePort":46230},"msg":"incoming request"}
{"level":30,"time":1788994555392,"pid":49295,"hostname":"vps-15cf2c41","reqId":"req-4s","res":{"statusCode":200},"responseTime":5.08791500001098,"msg":"request completed"}
[2026-09-09T22:55:55.442Z WARN  chromiumoxide::handler] WS Invalid message: data did not match any variant of untagged enum Message
[2026-09-09T22:55:55.442Z WARN  chromiumoxide::handler] WS Invalid message: data did not match any variant of untagged enum Message
[2026-09-09T22:55:55.443Z WARN  chromiumoxide::handler] WS Invalid message: data did not match any variant of untagged enum Message
{"level":30,"time":1788994555444,"pid":49295,"hostname":"vps-15cf2c41","reqId":"req-4t","req":{"method":"GET","url":"/api/v1/fs/events?workspaceId=workspace","host":"127.0.0.1:6140","remoteAddress":"127.0.0.1","remotePort":46234},"msg":"incoming request"}
{"level":30,"time":1788994555446,"pid":49295,"hostname":"vps-15cf2c41","reqId":"req-4u","req":{"method":"GET","url":"/api/v1/ui/commands/next?workspaceId=workspace","host":"127.0.0.1:6140","remoteAddress":"127.0.0.1","remotePort":46240},"msg":"incoming request"}
{"level":30,"time":1788994555450,"pid":49295,"hostname":"vps-15cf2c41","reqId":"req-4v","req":{"method":"GET","url":"/api/v1/ui/state","host":"127.0.0.1:6140","remoteAddress":"127.0.0.1","remotePort":46254},"msg":"incoming request"}
{"level":30,"time":1788994555451,"pid":49295,"hostname":"vps-15cf2c41","reqId":"req-4v","res":{"statusCode":200},"responseTime":0.6736939999973401,"msg":"request completed"}
[2026-09-09T22:55:55.464Z WARN  chromiumoxide::handler] WS Invalid message: data did not match any variant of untagged enum Message
{"level":30,"time":1788994555465,"pid":49295,"hostname":"vps-15cf2c41","reqId":"req-4w","req":{"method":"GET","url":"/api/v1/agents/alpha/sessions?limit=50&archived=active","host":"127.0.0.1:6140","remoteAddress":"127.0.0.1","remotePort":46268},"msg":"incoming request"}
[2026-09-09T22:55:55.468Z WARN  chromiumoxide::handler] WS Invalid message: data did not match any variant of untagged enum Message
[2026-09-09T22:55:55.470Z WARN  chromiumoxide::handler] WS Invalid message: data did not match any variant of untagged enum Message
{"level":30,"time":1788994555472,"pid":49295,"hostname":"vps-15cf2c41","reqId":"req-4x","req":{"method":"GET","url":"/api/v1/agents/alpha/ready-status","host":"127.0.0.1:6140","remoteAddress":"127.0.0.1","remotePort":46278},"msg":"incoming request"}
{"level":30,"time":1788994555474,"pid":49295,"hostname":"vps-15cf2c41","reqId":"req-4y","req":{"method":"GET","url":"/api/v1/tree?path=.","host":"127.0.0.1:6140","remoteAddress":"127.0.0.1","remotePort":46286},"msg":"incoming request"}
{"level":30,"time":1788994555481,"pid":49295,"hostname":"vps-15cf2c41","reqId":"req-4y","res":{"statusCode":200},"responseTime":5.991852999984985,"msg":"request completed"}
[2026-09-09T22:55:55.488Z WARN  chromiumoxide::handler] WS Invalid message: data did not match any variant of untagged enum Message
{"level":30,"time":1788994555493,"pid":49295,"hostname":"vps-15cf2c41","reqId":"req-4x","res":{"statusCode":200},"responseTime":21.394502000010107,"msg":"request completed"}
{"level":30,"time":1788994555494,"pid":49295,"hostname":"vps-15cf2c41","reqId":"req-4z","req":{"method":"GET","url":"/api/v1/tree?path=.","host":"127.0.0.1:6140","remoteAddress":"127.0.0.1","remotePort":46298},"msg":"incoming request"}
{"level":30,"time":1788994555496,"pid":49295,"hostname":"vps-15cf2c41","reqId":"req-4w","res":{"statusCode":200},"responseTime":30.210625999985496,"msg":"request completed"}
{"level":30,"time":1788994555502,"pid":49295,"hostname":"vps-15cf2c41","reqId":"req-4z","res":{"statusCode":200},"responseTime":8.175490000023274,"msg":"request completed"}
{"level":30,"time":1788994555515,"pid":49295,"hostname":"vps-15cf2c41","reqId":"req-50","req":{"method":"GET","url":"/api/v1/agents/alpha/ready-status","host":"127.0.0.1:6140","remoteAddress":"127.0.0.1","remotePort":46302},"msg":"incoming request"}
{"level":30,"time":1788994555518,"pid":49295,"hostname":"vps-15cf2c41","reqId":"req-51","req":{"method":"GET","url":"/api/v1/agents/alpha/sessions?limit=50&archived=active","host":"127.0.0.1:6140","remoteAddress":"127.0.0.1","remotePort":46316},"msg":"incoming request"}
[2026-09-09T22:55:55.525Z WARN  chromiumoxide::handler] WS Invalid message: data did not match any variant of untagged enum Message
[2026-09-09T22:55:55.526Z WARN  chromiumoxide::handler] WS Invalid message: data did not match any variant of untagged enum Message
{"level":30,"time":1788994555528,"pid":49295,"hostname":"vps-15cf2c41","reqId":"req-50","res":{"statusCode":200},"responseTime":12.513096999988193,"msg":"request completed"}
{"level":30,"time":1788994555533,"pid":49295,"hostname":"vps-15cf2c41","reqId":"req-51","res":{"statusCode":200},"responseTime":14.962606000015512,"msg":"request completed"}
{"level":30,"time":1788994555547,"pid":49295,"hostname":"vps-15cf2c41","reqId":"req-52","req":{"method":"GET","url":"/api/v1/ui/state","host":"127.0.0.1:6140","remoteAddress":"127.0.0.1","remotePort":46318},"msg":"incoming request"}
{"level":30,"time":1788994555548,"pid":49295,"hostname":"vps-15cf2c41","reqId":"req-52","res":{"statusCode":200},"responseTime":0.553645999985747,"msg":"request completed"}
[2026-09-09T22:55:55.552Z WARN  chromiumoxide::handler] WS Invalid message: data did not match any variant of untagged enum Message
00:00.415 Clicking <button> (x: 28.0, y: 30.0)
{"level":30,"time":1788994555673,"pid":49295,"hostname":"vps-15cf2c41","reqId":"req-53","req":{"method":"POST","url":"/api/v1/workspace-bridge/call","host":"127.0.0.1:6140","remoteAddress":"127.0.0.1","remotePort":46334},"msg":"incoming request"}
[2026-09-09T22:55:55.675Z WARN  chromiumoxide::handler] WS Invalid message: data did not match any variant of untagged enum Message
{"level":30,"time":1788994555675,"pid":49295,"hostname":"vps-15cf2c41","reqId":"req-53","res":{"statusCode":200},"responseTime":2.3192180000187363,"msg":"request completed"}
{"level":30,"time":1788994555723,"pid":49295,"hostname":"vps-15cf2c41","reqId":"req-54","req":{"method":"GET","url":"/api/v1/agents/session-activity/events?workspaceId=workspace","host":"127.0.0.1:6140","remoteAddress":"127.0.0.1","remotePort":46344},"msg":"incoming request"}
[2026-09-09T22:55:55.725Z WARN  chromiumoxide::handler] WS Invalid message: data did not match any variant of untagged enum Message
[2026-09-09T22:55:55.905Z WARN  chromiumoxide::handler] WS Invalid message: data did not match any variant of untagged enum Message
[2026-09-09T22:55:55.979Z WARN  chromiumoxide::handler] WS Invalid message: data did not match any variant of untagged enum Message
{"level":30,"time":1788994555980,"pid":49295,"hostname":"vps-15cf2c41","reqId":"req-55","req":{"method":"GET","url":"/api/v1/agents/alpha/sessions?limit=50&archived=archived","host":"127.0.0.1:6140","remoteAddress":"127.0.0.1","remotePort":46358},"msg":"incoming request"}
{"level":30,"time":1788994556001,"pid":49295,"hostname":"vps-15cf2c41","reqId":"req-55","res":{"statusCode":200},"responseTime":20.179776000004495,"msg":"request completed"}
00:01.050 Clicking <button> (x: 166.7, y: 82.0, content: "Search⌘K")
00:01.473 Typing > (delay: 0ms)
00:01.755 Waiting

Reproduction finished!

Inspect the test results using:

  bombadil browser inspect /dev/shm/cpr-176/boring-ui-review-run.jYFVHO/replay-mobile.BuQyWw

verified Bombadil replay final state: cpr-01:workspace-command-palette:candidate:mobile:explore-0006-dialog-popover:aaf24219c2a6
[WebServer] (!) Your Vite config uses features that are unsupported by `configLoader: 'native'`, which is planned to become the default in a future major version of Vite:
[WebServer]   - `__dirname` (vite.config.ts:9:59). Use `import.meta.dirname` instead
[WebServer]   - import "./src/server/dev" without a file extension (vite.config.ts:6:66). Add the file extension
[WebServer]   - import "./src/release-candidate-dist" without a file extension (vite.config.ts:7:50). Add the file extension
[WebServer]   - import "./testing/scriptedPiHarness" without a file extension (src/server/dev.ts:7:110). Add the file extension
[WebServer]   - import "../shared/showcaseSession" without a file extension (src/server/dev.ts:8:51). Add the file extension
[WebServer]   - import "./testing/twoAgentFleet" without a file extension (src/server/dev.ts:14:8). Add the file extension
[WebServer]   - import "./factoryAgents" without a file extension (src/server/dev.ts:17:41). Add the file extension
[WebServer]   - import "./playgroundAgentMode" without a file extension (src/server/dev.ts:18:44). Add the file extension
[WebServer]   - import "../shared/playgroundAgents" without a file extension (src/server/dev.ts:19:53). Add the file extension
[WebServer]   - import "../../shared/playgroundAgents" without a file extension (src/server/testing/twoAgentFleet.ts:2:48). Add the file extension
[WebServer] Set `VITE_CONFIG_NATIVE_IGNORE_WARNING=true` to suppress this warning.
[WebServer] 10:56:14 PM [vite] warning: `esbuild` option was specified by "vite:react-babel" plugin. This option is deprecated, please use `oxc` instead.
[WebServer] `optimizeDeps.rollupOptions` / `ssr.optimizeDeps.rollupOptions` is deprecated. Use `optimizeDeps.rolldownOptions` instead. Note that this option may be set by a plugin. Set VITE_DEPRECATION_TRACE=1 to see where it is called.
[WebServer] [vite:react-babel] We recommend switching to `@vitejs/plugin-react-oxc` for improved performance. More information at https://vite.dev/rolldown
[WebServer] (node:55229) ExperimentalWarning: SQLite is an experimental feature and might change at any time
[WebServer] (Use `node --trace-warnings ...` to show where the warning was created)
[WebServer] (node:55229) [BORING_WORKSPACE_BRIDGE_INSECURE_AUTH] Warning: createWorkspaceAgentServer is using createLocalCliBridgeAuthPolicy for WorkspaceBridge browser calls. This policy is unauthenticated, grants registered bridge capabilities to the fixed local principal, and is intended only for local/dev CLI usage. Provide workspaceBridge.browserAuthPolicy before exposing this server.

Running 1 test using 1 worker

  ✓  1 [chromium] › e2e/review.spec.ts:54:3 › UI review › captures and reviews workspace-command-palette (22.0s)

  1 passed (35.7s)
