
> @hachej/boring-ui-review-tools@0.0.1 ui:review <sandbox-root>/tools/ui-review
> tsx scripts/run-ui-review.mjs -- review workspace-command-palette --critic=fixture


> workspace-playground@0.0.1 build:deps <sandbox-root>/apps/workspace-playground
> pnpm --filter @hachej/boring-ui-kit build && pnpm --filter @hachej/boring-ui-plugin-cli build && pnpm --filter @hachej/boring-sandbox build && pnpm --filter @hachej/boring-bash build && pnpm --filter @hachej/boring-agent build && pnpm --filter @hachej/boring-pi build && pnpm --filter @hachej/boring-workspace build && pnpm --filter @hachej/boring-core build && pnpm --filter @hachej/boring-deck build && pnpm --filter @hachej/boring-ask-user build && pnpm --filter @hachej/boring-tasks build && pnpm --filter @hachej/boring-diagram build && pnpm --filter @hachej/boring-data-explorer build && pnpm --filter @hachej/boring-data-catalog build


> @hachej/boring-ui-kit@0.1.109 build <sandbox-root>/packages/ui
> tsup && node scripts/build-styles.mjs

CLI Building entry: {"index":"src/index.ts"}
CLI Using tsconfig: tsconfig.json
CLI tsup v8.5.1
CLI Using tsup config: <sandbox-root>/packages/ui/tsup.config.ts
CLI Target: es2022
CLI Cleaning output folder
ESM Build start
ESM dist/index.js 96.25 KB
ESM ⚡️ Build success in 92ms
DTS Build start
DTS ⚡️ Build success in 5891ms
DTS dist/index.d.ts 34.51 KB

> @hachej/boring-ui-plugin-cli@0.1.109 build <sandbox-root>/packages/plugin-cli
> tsup

CLI Building entry: {"index":"src/index.ts","bin":"src/bin.ts","plugin-sources":"src/server/pluginSources.ts"}
CLI Using tsconfig: tsconfig.json
CLI tsup v8.5.1
CLI Using tsup config: <sandbox-root>/packages/plugin-cli/tsup.config.ts
CLI Target: node20
CLI Cleaning output folder
ESM Build start
ESM dist/index.js          901.00 B
ESM dist/bin.js            265.00 B
ESM dist/chunk-KTILPA2U.js 26.73 KB
ESM dist/chunk-YUAML3DZ.js 43.52 KB
ESM dist/plugin-sources.js 497.00 B
ESM ⚡️ Build success in 48ms
DTS Build start
DTS ⚡️ Build success in 5522ms
DTS dist/bin.d.ts            20.00 B
DTS dist/plugin-sources.d.ts 3.60 KB
DTS dist/index.d.ts          4.45 KB

> @hachej/boring-sandbox@0.1.109 build <sandbox-root>/packages/boring-sandbox
> tsup

CLI Building entry: {"index":"src/index.ts","shared/index":"src/shared/index.ts","providers/index":"src/providers/index.ts","providers/direct/index":"src/providers/direct/index.ts","providers/bwrap/index":"src/providers/bwrap/index.ts","providers/node-workspace/index":"src/providers/node-workspace/index.ts","providers/blaxel/index":"src/providers/blaxel/index.ts","providers/vercel-sandbox/index":"src/providers/vercel-sandbox/index.ts","providers/runsc/index":"src/providers/runsc/index.ts","providers/remote-worker/index":"src/providers/remote-worker/index.ts"}
CLI Using tsconfig: tsconfig.json
CLI tsup v8.5.1
CLI Using tsup config: <sandbox-root>/packages/boring-sandbox/tsup.config.ts
CLI Target: es2022
CLI Cleaning output folder
ESM Build start
ESM dist/index.js                          19.35 KB
ESM dist/shared/index.js                   19.35 KB
ESM dist/providers/node-workspace/index.js 18.50 KB
ESM dist/providers/blaxel/index.js         74.90 KB
ESM dist/providers/index.js                241.49 KB
ESM dist/providers/direct/index.js         25.22 KB
ESM dist/providers/bwrap/index.js          36.60 KB
ESM dist/providers/vercel-sandbox/index.js 101.45 KB
ESM dist/providers/runsc/index.js          113.12 KB
ESM dist/providers/remote-worker/index.js  65.56 KB
ESM ⚡️ Build success in 189ms
DTS Build start
DTS ⚡️ Build success in 85693ms
DTS dist/providers/index.d.ts                      2.52 KB
DTS dist/providers/remote-worker/index.d.ts        5.26 KB
DTS dist/providers/blaxel/index.d.ts               2.04 KB
DTS dist/providers/node-workspace/index.d.ts       4.41 KB
DTS dist/providers/vercel-sandbox/index.d.ts       7.93 KB
DTS dist/providers/runsc/index.d.ts                23.47 KB
DTS dist/providers/bwrap/index.d.ts                2.10 KB
DTS dist/providers/direct/index.d.ts               666.00 B
DTS dist/shared/index.d.ts                         5.14 KB
DTS dist/index.d.ts                                4.32 KB
DTS dist/remoteWorkerProtocolV1-NU-MaJcz.d.ts      52.64 KB
DTS dist/qualificationBundle-BpxgRXzG.d.ts         16.09 KB
DTS dist/createBlaxelSandboxProvider-DNky2Rbo.d.ts 3.32 KB
DTS dist/providerV1-t-uEtu-o.d.ts                  11.26 KB
DTS dist/createRemoteWorkerProvider-G3u8nPAe.d.ts  4.67 KB
DTS dist/createVercelSandboxProvider-Bg12qM0D.d.ts 3.94 KB

> @hachej/boring-bash@0.1.109 build <sandbox-root>/packages/boring-bash
> tsup

CLI Building entry: {"index":"src/index.ts","agent/index":"src/agent/index.ts","shared/index":"src/shared/index.ts","server/index":"src/server/index.ts"}
CLI Using tsconfig: tsconfig.json
CLI tsup v8.5.1
CLI Using tsup config: <sandbox-root>/packages/boring-bash/tsup.config.ts
CLI Target: es2022
CLI Cleaning output folder
ESM Build start
ESM dist/index.js        2.49 KB
ESM dist/shared/index.js 3.41 KB
ESM dist/server/index.js 110.82 KB
ESM dist/agent/index.js  66.13 KB
ESM ⚡️ Build success in 128ms
DTS Build start
DTS ⚡️ Build success in 31255ms
DTS dist/agent/index.d.ts    7.65 KB
DTS dist/server/index.d.ts   24.76 KB
DTS dist/shared/index.d.ts   4.63 KB
DTS dist/index.d.ts          539.00 B
DTS dist/types-HnMSUqBc.d.ts 6.62 KB

> @hachej/boring-agent@0.1.109 build <sandbox-root>/packages/agent
> tsup && pnpm run build:assert

CLI Building entry: {"shared/index":"src/shared/index.ts","core/index":"src/core/index.ts","server/index":"src/server/index.ts","server/pi-session-readability":"src/server/harness/pi-coding-agent/sessionReadability.ts","server/agent-host/testing/gatewayConformance":"src/server/agent-host/testing/gatewayConformance.ts","server/agent-host/testing/compositionRouteProof":"src/server/agent-host/testing/compositionRouteProof.ts","server/worker/index":"src/server/worker/index.ts","front/index":"src/front/index.ts","front/artifacts":"src/front/artifacts.ts","eval/index":"src/eval/index.ts"}
CLI Using tsconfig: tsconfig.json
CLI tsup v8.5.1
CLI Using tsup config: <sandbox-root>/packages/agent/tsup.config.ts
CLI Target: es2022
CLI Cleaning output folder
ESM Build start
ESM dist/createHarness-WVOVOOJJ.js                          445.00 B
ESM dist/server/pi-session-readability.js                   940.00 B
ESM dist/server/worker/index.js                             13.49 KB
ESM dist/DebugDrawer-JNA43SVR.js                            139.00 B
ESM dist/chunk-6OANSUEI.js                                  47.63 KB
ESM dist/chunk-7XAOVFSN.js                                  664.00 B
ESM dist/front/index.js                                     495.27 KB
ESM dist/chunk-YTUZFKB3.js                                  2.91 KB
ESM dist/chunk-N6THTH7P.js                                  2.78 KB
ESM dist/chunk-EDI7C4MR.js                                  112.07 KB
ESM dist/chunk-4XOW57KJ.js                                  14.25 KB
ESM dist/chunk-2BGLZZ7T.js                                  174.00 B
ESM dist/chunk-YGRQ4Q5P.js                                  685.00 B
ESM dist/chunk-MVKXLMH3.js                                  13.98 KB
ESM dist/chunk-3JFPS2O6.js                                  5.57 KB
ESM dist/server/agent-host/testing/gatewayConformance.js    32.73 KB
ESM dist/chunk-DGIHXIFQ.js                                  580.48 KB
ESM dist/eval/index.js                                      16.12 KB
ESM dist/shared/index.js                                    6.54 KB
ESM dist/core/index.js                                      21.44 KB
ESM dist/server/index.js                                    6.19 KB
ESM dist/server/agent-host/testing/compositionRouteProof.js 3.65 KB
ESM dist/front/artifacts.js                                 381.00 B
ESM ⚡️ Build success in 353ms
DTS Build start
"buildBwrapArgs" and "createBwrapSandboxProvider" are imported from external module "@hachej/boring-sandbox/providers/bwrap" but never used in "host/sandbox.ts".
"createNodeWorkspace", "getBoringAgentPathEntries", "getBoringAgentRuntimeEnv" and "getBoringAgentRuntimePaths" are imported from external module "@hachej/boring-sandbox/providers/node-workspace" but never used in "host/sandbox.ts".
"createBlaxelSandboxProvider" and "BLAXEL_WORKSPACE_ROOT" are imported from external module "@hachej/boring-sandbox/providers/blaxel" but never used in "host/sandbox.ts".
"createDirectSandboxProvider" is imported from external module "@hachej/boring-sandbox/providers/direct" but never used in "host/sandbox.ts".
DTS ⚡️ Build success in 111383ms
DTS dist/core/index.d.ts                                      1.86 KB
DTS dist/server/agent-host/testing/compositionRouteProof.d.ts 312.00 B
DTS dist/server/agent-host/testing/gatewayConformance.d.ts    1.98 KB
DTS dist/server/pi-session-readability.d.ts                   501.00 B
DTS dist/eval/index.d.ts                                      8.97 KB
DTS dist/server/worker/index.d.ts                             3.05 KB
DTS dist/shared/index.d.ts                                    151.80 KB
DTS dist/front/index.d.ts                                     41.65 KB
DTS dist/server/index.d.ts                                    72.91 KB
DTS dist/front/artifacts.d.ts                                 1.83 KB
DTS dist/middleware-CaAEXpi5.d.ts                             3.17 KB
DTS dist/piChatSessionService-nvroRAVk.d.ts                   4.41 KB
DTS dist/file-search-C8G9Ca8V.d.ts                            4.19 KB
DTS dist/errors-CEU4iujR.d.ts                                 12.02 KB
DTS dist/sandbox-BMhut3kh.d.ts                                13.29 KB
DTS dist/harness-Ct0e4RWc.d.ts                                10.58 KB
DTS dist/piChatEvent-BUWIzw5l.d.ts                            63.86 KB
DTS dist/lease-nASWv2tU.d.ts                                  18.77 KB
DTS dist/types-fwlLd-cS.d.ts                                  41.86 KB

> @hachej/boring-agent@0.1.109 build:assert <sandbox-root>/packages/agent
> node ./scripts/assert-build-artifacts.mjs

build-artifacts: OK

> @hachej/boring-pi@0.1.13 build <sandbox-root>/packages/pi
> node scripts/assert-package.mjs

boring-pi package resources: OK

> @hachej/boring-workspace@0.1.109 build <sandbox-root>/packages/workspace
> tsup && vite build && node ./scripts/build-workspace-css.mjs && node ./scripts/assert-build-artifacts.mjs

CLI Building entry: {"app-server":"src/app/server/index.ts","server":"src/server/index.ts","runtime-server":"src/server/runtimeBackend/defineRuntimeServerPlugin.ts","shared":"src/shared/index.ts","bridge-client":"src/bridge-client/index.ts","events":"src/front/events/index.ts","plugin":"src/plugin.ts"}
CLI Using tsconfig: tsconfig.tsup.json
CLI tsup v8.5.1
CLI Using tsup config: <sandbox-root>/packages/workspace/tsup.config.ts
CLI Target: es2022
CLI Cleaning output folder
ESM Build start
ESM dist/shared.js         10.70 KB
ESM dist/runtime-server.js 1.12 KB
ESM dist/bridge-client.js  14.60 KB
ESM dist/events.js         2.96 KB
ESM dist/plugin.js         21.25 KB
ESM dist/app-server.js     287.79 KB
ESM dist/server.js         215.54 KB
ESM ⚡️ Build success in 205ms
DTS Build start
DTS ⚡️ Build success in 25386ms
DTS dist/app-server.d.ts                    22.10 KB
DTS dist/bridge-client.d.ts                 3.20 KB
DTS dist/events.d.ts                        7.32 KB
DTS dist/plugin.d.ts                        15.36 KB
DTS dist/server.d.ts                        38.49 KB
DTS dist/runtime-server.d.ts                2.12 KB
DTS dist/shared.d.ts                        11.84 KB
DTS dist/types-B1hDNDJf.d.ts                146.00 B
DTS dist/runtimeEnv-B8_Y4fhX.d.ts           20.92 KB
DTS dist/manifest-B3IoRf9m.d.ts             2.88 KB
DTS dist/surface-BppFFmNz.d.ts              5.29 KB
DTS dist/urlPane-D5wJ6ItF.d.ts              2.75 KB
DTS dist/agent-tool-Clfxoyef.d.ts           1.26 KB
DTS dist/workspace-bridge-rpc-BHsOJMlW.d.ts 5.41 KB
DTS dist/ui-bridge-DzjfAFqa.d.ts            2.36 KB
DTS dist/filesystem-BIUerwPV.d.ts           1.13 KB
(!) Your Vite config uses features that are unsupported by `configLoader: 'native'`, which is planned to become the default in a future major version of Vite:
  - `__dirname` (vite.config.ts:14:24). Use `import.meta.dirname` instead
Set `VITE_CONFIG_NATIVE_IGNORE_WARNING=true` to suppress this warning.
11:20:24 PM [vite] warning: `esbuild` option was specified by "vite:react-babel" plugin. This option is deprecated, please use `oxc` instead.
`optimizeDeps.rollupOptions` / `ssr.optimizeDeps.rollupOptions` is deprecated. Use `optimizeDeps.rolldownOptions` instead. Note that this option may be set by a plugin. Set VITE_DEPRECATION_TRACE=1 to see where it is called.
[vite:react-babel] We recommend switching to `@vitejs/plugin-react-oxc` for improved performance. More information at https://vite.dev/rolldown
vite v8.2.1 building client environment for production...
[2K
transforming...✓ 416 modules transformed.
rendering chunks...

[unplugin:dts] Start generate declaration files...
[unplugin:dts] Start bundling declaration files...

[unplugin:dts] Failed to load '@microsoft/api-extractor', have you installed it?


[unplugin:dts] Error occurred, skip bundle declaration files.

[unplugin:dts] Declaration files built in 50820ms.

computing gzip size...
dist/boring-workspace.css                    8.93 kB │ gzip:  1.90 kB
dist/loading.js                              0.10 kB │ gzip:  0.09 kB
dist/reloadEvent-Dm9lkxge.js                 0.12 kB │ gzip:  0.12 kB
dist/utils-BRcxFdrz.js                       0.18 kB │ gzip:  0.15 kB
dist/panel-C3f-tnSJ.js                       0.27 kB │ gzip:  0.16 kB
dist/filesystemErrorRedaction-DNGYs3Sy.js    0.29 kB │ gzip:  0.22 kB
dist/getFileIcon-DjXq4MdF.js                 0.67 kB │ gzip:  0.35 kB
dist/uiCommandBus-DxuPkZNB.js                0.67 kB │ gzip:  0.39 kB
dist/rolldown-runtime-B0aSnxlc.js            0.95 kB │ gzip:  0.52 kB
dist/toast-BPlCG87n.js                       1.10 kB │ gzip:  0.56 kB
dist/paneCollapseButton-CUlXaNnS.js          1.20 kB │ gzip:  0.67 kB
dist/ControlTooltip-Xjn2sRvU.js              1.31 kB │ gzip:  0.60 kB
dist/testing-e2e.js                          1.43 kB │ gzip:  0.79 kB
dist/MarkdownEditorPane-BXbMHcYS.js          1.59 kB │ gzip:  0.86 kB
dist/selectors-BfOn6gAj.js                   1.73 kB │ gzip:  0.69 kB
dist/cornerChrome-gUZ2SOjL.js                1.80 kB │ gzip:  0.91 kB
dist/events-C96ZDGkP.js                      1.80 kB │ gzip:  0.85 kB
dist/ManagementOverlaySurface-Doo3Oepq.js    2.53 kB │ gzip:  0.96 kB
dist/hooks-BWDHlN-r.js                       4.14 kB │ gzip:  1.51 kB
dist/ChatPaneStage-DF1_jK8Z.js               4.46 kB │ gzip:  1.72 kB
dist/useWorkspacePluginClient-DHk44NlO.js    4.81 kB │ gzip:  1.93 kB
dist/agentCapabilities-BmNe6PR0.js           5.75 kB │ gzip:  1.76 kB
dist/charts.js                               5.78 kB │ gzip:  2.01 kB
dist/MediaViewerPane-Cvso4fWA.js             7.03 kB │ gzip:  2.30 kB
dist/FileTreePane-AwQSjHph.js                7.21 kB │ gzip:  2.34 kB
dist/HtmlViewerPane-DXICxqBW.js              9.24 kB │ gzip:  3.17 kB
dist/FileTree-BwKnbnlr.js                   10.71 kB │ gzip:  3.79 kB
dist/CodeEditorPane-Ds4W2diM.js             11.73 kB │ gzip:  3.96 kB
dist/PluginErrorBoundary-DuqiraGI.js        11.97 kB │ gzip:  3.00 kB
dist/PluginsOverlay-BvNUnIe-.js             12.08 kB │ gzip:  3.09 kB
dist/WorkspaceLoadingState-CkhqHYO9.js      12.70 kB │ gzip:  1.98 kB
dist/FilePaneShell-7IOMMLIX.js              13.18 kB │ gzip:  4.12 kB
dist/AgentPage-CCGsD8ZW.js                  16.16 kB │ gzip:  3.69 kB
dist/DataProvider-0IOAFh9I.js               16.19 kB │ gzip:  5.32 kB
dist/WorkbenchLeftPane-ChtvMzRr.js          16.80 kB │ gzip:  4.64 kB
dist/ChatPaneStageDock-CE5AaFPC.js          19.77 kB │ gzip:  5.45 kB
dist/AgentDetailsOverlay-CrzbuuAk.js        21.08 kB │ gzip:  4.83 kB
dist/MarkdownEditor-D_C590Nj.js             31.74 kB │ gzip:  8.93 kB
dist/FileTreeView-CxiMNMze.js               41.19 kB │ gzip: 11.06 kB
dist/workspace.js                           41.61 kB │ gzip: 11.42 kB
dist/SurfaceShell-C68xs45I.js               48.50 kB │ gzip: 13.39 kB
dist/TopBar-DuYQbkc5.js                     51.35 kB │ gzip: 12.26 kB
dist/WorkspaceProvider-D0-Zt8MO.js         154.23 kB │ gzip: 39.08 kB
dist/app-front.js                          205.70 kB │ gzip: 48.11 kB
dist/testing.js                            255.27 kB │ gzip: 44.65 kB

✓ built in 52.17s
[33m[PLUGIN_TIMINGS] [0mYour build spent 98% of 52.1s inside plugin hooks (51.3s).
Measured inside the callback, so queue time is excluded and time the callback itself awaited is not:
  - unplugin-dts buildStart (90%, 46.8s, 1 call)
  - unplugin-dts writeBundle (6%, 2.9s, 1 call)
  - unplugin-dts transform (2%, 1.2s, 416 calls)
Those rows are 98% of the build; the rest of the 98% is below.
Not measurable — 1 hook whose calls overlap, so elapsed time covers work other calls were doing. Profile with `node --cpu-prof`:
  - vite:css transform (2 calls)
See https://rolldown.rs/reference/InputOptions.checks#plugintimings for more details.

assert-build-artifacts: all 21 artifacts present

> @hachej/boring-core@0.1.109 build <sandbox-root>/packages/core
> tsup && pnpm run build:assert

CLI Building entry: {"server/index":"src/server/index.ts","server/db/index":"src/server/db/index.ts","app/server/index":"src/app/server/index.ts","app/front/index":"src/app/front/index.ts","app/vite/index":"src/app/vite/index.ts","front/index":"src/front/index.ts","front/top-bar-slot":"src/front/components/TopBarSlot.tsx","shared/index":"src/shared/index.ts"}
CLI Using tsconfig: tsconfig.json
CLI tsup v8.5.1
CLI Using tsup config: <sandbox-root>/packages/core/tsup.config.ts
CLI Target: es2022
CLI Cleaning output folder
ESM Build start
ESM dist/chunk-XKKVA3WR.js     121.22 KB
ESM dist/shared/index.js       857.00 B
ESM dist/chunk-HYNKZSTF.js     437.00 B
ESM dist/chunk-YMWFQN6F.js     338.00 B
ESM dist/chunk-AQBXNPMD.js     254.00 B
ESM dist/chunk-H5XK7CBJ.js     150.28 KB
ESM dist/chunk-EEMKIN55.js     183.59 KB
ESM dist/chunk-I4PGL4ZD.js     488.00 B
ESM dist/chunk-XFTE4MLH.js     155.00 B
ESM dist/chunk-WYRJV2HL.js     2.68 KB
ESM dist/chunk-MLKGABMK.js     191.00 B
ESM dist/server/db/index.js    739.00 B
ESM dist/app/server/index.js   87.70 KB
ESM dist/front/index.js        2.53 KB
ESM dist/app/front/index.js    73.87 KB
ESM dist/app/vite/index.js     786.00 B
ESM dist/front/top-bar-slot.js 159.00 B
ESM dist/server/index.js       77.65 KB
ESM ⚡️ Build success in 245ms
DTS Build start
"magicLinkClient" is imported from external module "better-auth/client/plugins" but never used in "src/front/auth/authClient.ts".
DTS ⚡️ Build success in 117852ms
DTS dist/app/front/index.d.ts                   15.13 KB
DTS dist/app/server/index.d.ts                  14.07 KB
DTS dist/app/vite/index.d.ts                    1.35 KB
DTS dist/front/index.d.ts                       22.03 KB
DTS dist/front/top-bar-slot.d.ts                295.00 B
DTS dist/server/db/index.d.ts                   13.88 KB
DTS dist/server/index.d.ts                      48.40 KB
DTS dist/shared/index.d.ts                      3.38 KB
DTS dist/CoreFront-DB1OfNJU.d.ts                2.42 KB
DTS dist/loadConfig-J4PFyqIL.d.ts               6.80 KB
DTS dist/PostgresModelBudgetStore-CDH684E7.d.ts 16.58 KB
DTS dist/types-uiSO8ppZ.d.ts                    10.78 KB
DTS dist/telemetry-DR18MeI0.d.ts                466.00 B
DTS dist/types-brYS1KDl.d.ts                    10.69 KB

> @hachej/boring-core@0.1.109 build:assert <sandbox-root>/packages/core
> node ./scripts/assert-build-artifacts.mjs

assert-build-artifacts: all 10 exported artifact(s) present, 4 stylesheet(s) with resolvable @imports

> @hachej/boring-deck@0.1.109 build <sandbox-root>/plugins/deck
> tsup

CLI Building entry: {"front/index":"src/front/index.tsx","shared/index":"src/shared/index.ts"}
CLI Using tsconfig: tsconfig.json
CLI tsup v8.5.1
CLI Using tsup config: <sandbox-root>/plugins/deck/tsup.config.ts
CLI Target: es2022
CLI Cleaning output folder
ESM Build start
ESM dist/shared/index.js 8.25 KB
ESM dist/front/index.js  38.25 KB
ESM ⚡️ Build success in 55ms
DTS Build start
DTS ⚡️ Build success in 23238ms
DTS dist/front/index.d.ts    1.76 KB
DTS dist/shared/index.d.ts   961.00 B
DTS dist/types-Dt_A9RNg.d.ts 1.57 KB

> @hachej/boring-ask-user@0.1.109 build <sandbox-root>/plugins/ask-user
> tsup

CLI Building entry: {"front/index":"src/front/index.tsx","server/index":"src/server/index.ts","shared/index":"src/shared/index.ts"}
CLI Using tsconfig: tsconfig.json
CLI tsup v8.5.1
CLI Using tsup config: <sandbox-root>/plugins/ask-user/tsup.config.ts
CLI Target: es2022
CLI Cleaning output folder
ESM Build start
ESM dist/front/index.js  116.68 KB
ESM dist/server/index.js 81.55 KB
ESM dist/shared/index.js 15.86 KB
ESM ⚡️ Build success in 155ms
DTS Build start
DTS ⚡️ Build success in 39036ms
DTS dist/front/index.d.ts    854.00 B
DTS dist/server/index.d.ts   14.18 KB
DTS dist/shared/index.d.ts   121.45 KB
DTS dist/types-x1DmGJF4.d.ts 6.52 KB

> @hachej/boring-tasks@0.1.109 build <sandbox-root>/plugins/tasks
> tsup --config tsup.config.ts && tsup --config tsup.descriptor.config.ts && node scripts/assert-declarations.mjs

CLI Building entry: {"front/index":"src/front/index.tsx","server/index":"src/server/index.ts","shared/index":"src/shared/index.ts"}
CLI Using tsconfig: tsconfig.json
CLI tsup v8.5.1
CLI Using tsup config: <sandbox-root>/plugins/tasks/tsup.config.ts
CLI Target: es2022
CLI Cleaning output folder
ESM Build start
ESM dist/front/index.js  143.51 KB
ESM dist/shared/index.js 4.89 KB
ESM dist/server/index.js 102.42 KB
ESM ⚡️ Build success in 94ms
DTS Build start
DTS ⚡️ Build success in 48562ms
DTS dist/front/index.d.ts  2.63 KB
DTS dist/server/index.d.ts 11.43 KB
DTS dist/shared/index.d.ts 7.77 KB
CLI Building entry: {"front/descriptor":"src/front/descriptor.tsx"}
CLI Using tsconfig: tsconfig.json
CLI tsup v8.5.1
CLI Using tsup config: <sandbox-root>/plugins/tasks/tsup.descriptor.config.ts
CLI Target: es2022
ESM Build start
ESM dist/front/descriptor.js      3.89 KB
ESM dist/TasksOverlay-ILOTZDWQ.js 128.39 KB
ESM ⚡️ Build success in 72ms
DTS Build start
DTS ⚡️ Build success in 24160ms
DTS dist/front/descriptor.d.ts 172.00 B
tasks declarations: root, front, and front/descriptor types resolve through emitted/public paths

> @hachej/boring-diagram@0.1.109 build <sandbox-root>/plugins/diagram
> tsup

CLI Building entry: {"front/index":"src/front/index.tsx","server/index":"src/server/index.ts","shared/index":"src/shared/index.ts"}
CLI Using tsconfig: tsconfig.json
CLI tsup v8.5.1
CLI Using tsup config: <sandbox-root>/plugins/diagram/tsup.config.ts
CLI Target: es2022
CLI Cleaning output folder
ESM Build start
ESM dist/server/index.js 12.08 KB
ESM dist/shared/index.js 845.00 B
ESM dist/front/index.js  47.05 KB
ESM ⚡️ Build success in 52ms
DTS Build start
DTS ⚡️ Build success in 50349ms
DTS dist/front/index.d.ts  185.00 B
DTS dist/server/index.d.ts 384.00 B
DTS dist/shared/index.d.ts 424.00 B

> @hachej/boring-data-explorer@0.1.109 build <sandbox-root>/plugins/data-explorer
> tsup

CLI Building entry: {"front/index":"src/front/index.ts","shared/index":"src/shared/index.ts","testing/index":"src/testing/index.ts"}
CLI Using tsconfig: tsconfig.json
CLI tsup v8.5.1
CLI Using tsup config: <sandbox-root>/plugins/data-explorer/tsup.config.ts
CLI Target: es2022
CLI Cleaning output folder
ESM Build start
ESM dist/shared/index.js  0 B
ESM dist/front/index.js   25.36 KB
ESM dist/testing/index.js 4.81 KB
ESM ⚡️ Build success in 45ms
DTS Build start
DTS ⚡️ Build success in 6338ms
DTS dist/testing/index.d.ts 248.00 B
DTS dist/front/index.d.ts   3.88 KB
DTS dist/shared/index.d.ts  2.19 KB

> @hachej/boring-data-catalog@0.1.109 build <sandbox-root>/plugins/data-catalog
> tsup

CLI Building entry: {"front/index":"src/front/index.tsx","server/index":"src/server/index.ts","shared/index":"src/shared/index.ts"}
CLI Using tsconfig: tsconfig.json
CLI tsup v8.5.1
CLI Using tsup config: <sandbox-root>/plugins/data-catalog/tsup.config.ts
CLI Target: es2022
CLI Cleaning output folder
ESM Build start
ESM dist/front/index.js  10.63 KB
ESM dist/server/index.js 4.67 KB
ESM dist/shared/index.js 296.00 B
ESM ⚡️ Build success in 44ms
DTS Build start
DTS ⚡️ Build success in 48738ms
DTS dist/server/index.d.ts 1.29 KB
DTS dist/front/index.d.ts  5.59 KB
DTS dist/shared/index.d.ts 294.00 B
(!) Your Vite config uses features that are unsupported by `configLoader: 'native'`, which is planned to become the default in a future major version of Vite:
  - `__dirname` (vite.config.ts:9:59). Use `import.meta.dirname` instead
  - import "./src/server/dev" without a file extension (vite.config.ts:6:66). Add the file extension
  - import "./src/release-candidate-dist" without a file extension (vite.config.ts:7:50). Add the file extension
  - import "./testing/scriptedPiHarness" without a file extension (src/server/dev.ts:7:110). Add the file extension
  - import "../shared/showcaseSession" without a file extension (src/server/dev.ts:8:51). Add the file extension
  - import "./testing/twoAgentFleet" without a file extension (src/server/dev.ts:14:8). Add the file extension
  - import "./factoryAgents" without a file extension (src/server/dev.ts:17:41). Add the file extension
  - import "./playgroundAgentMode" without a file extension (src/server/dev.ts:18:44). Add the file extension
  - import "../shared/playgroundAgents" without a file extension (src/server/dev.ts:19:53). Add the file extension
  - import "../../shared/playgroundAgents" without a file extension (src/server/testing/twoAgentFleet.ts:2:48). Add the file extension
Set `VITE_CONFIG_NATIVE_IGNORE_WARNING=true` to suppress this warning.
11:27:51 PM [vite] warning: `esbuild` option was specified by "vite:react-babel" plugin. This option is deprecated, please use `oxc` instead.
`optimizeDeps.rollupOptions` / `ssr.optimizeDeps.rollupOptions` is deprecated. Use `optimizeDeps.rolldownOptions` instead. Note that this option may be set by a plugin. Set VITE_DEPRECATION_TRACE=1 to see where it is called.
[vite:react-babel] We recommend switching to `@vitejs/plugin-react-oxc` for improved performance. More information at https://vite.dev/rolldown
[workspace-playground] workspace root: /dev/shm/cpr-2ce/boring-ui-review-run.WYI7nL/isolation/workspace
[workspace-playground] runtime mode: local
(node:122630) ExperimentalWarning: SQLite is an experimental feature and might change at any time
(Use `node --trace-warnings ...` to show where the warning was created)
(node:122630) [BORING_WORKSPACE_BRIDGE_INSECURE_AUTH] Warning: createWorkspaceAgentServer is using createLocalCliBridgeAuthPolicy for WorkspaceBridge browser calls. This policy is unauthenticated, grants registered bridge capabilities to the fixed local principal, and is intended only for local/dev CLI usage. Provide workspaceBridge.browserAuthPolicy before exposing this server.
{"level":30,"time":1788996473357,"pid":122630,"hostname":"vps-15cf2c41","msg":"Server listening at http://127.0.0.1:6340"}

  VITE v8.2.1  ready in 7243 ms

  ➜  Local:   http://127.0.0.1:6330/
[33mWarning: Invalid input options (1 issue found)
- For the "jsx". Invalid key: Expected never but received "jsx". [0m
[33mWarning: Invalid input options (1 issue found)
- For the "jsx". Invalid key: Expected never but received "jsx". [0m
[33mWarning: Invalid input options (1 issue found)
- For the "jsx". Invalid key: Expected never but received "jsx". [0m
11:27:55 PM [vite] (client) [optimizer] bundling dependencies...
[33mWarning: Invalid input options (1 issue found)
- For the "jsx". Invalid key: Expected never but received "jsx". [0m
11:27:56 PM [vite] (client) dependency optimized: react-dom/client
11:27:57 PM [vite] (client) [optimizer] bundling dependencies...
[33mWarning: Invalid input options (1 issue found)
- For the "jsx". Invalid key: Expected never but received "jsx". [0m
11:28:03 PM [vite] (client) [optimizer] bundling dependencies...
11:28:09 PM [vite] (client) dependencies optimized: @codemirror/commands, @codemirror/lang-javascript, @codemirror/lang-json, @codemirror/lang-markdown, @codemirror/lang-python, @codemirror/lang-sql, @codemirror/lang-yaml, @codemirror/language, @codemirror/search, @codemirror/state, @codemirror/view, @excalidraw/excalidraw, @lezer/highlight, @radix-ui/react-alert-dialog, @radix-ui/react-checkbox, @radix-ui/react-collapsible, @radix-ui/react-dialog, @radix-ui/react-dropdown-menu, @radix-ui/react-hover-card, @radix-ui/react-label, @radix-ui/react-popover, @radix-ui/react-scroll-area, @radix-ui/react-select, @radix-ui/react-separator, @radix-ui/react-slot, @radix-ui/react-tabs, @radix-ui/react-tooltip, @radix-ui/react-use-controllable-state, @streamdown/cjk, @streamdown/code, @streamdown/math, @streamdown/mermaid, @tanstack/react-query, @tiptap/extension-code-block-lowlight, @tiptap/extension-highlight, @tiptap/extension-image, @tiptap/extension-link, @tiptap/extension-placeholder, @tiptap/extension-table-cell, @tiptap/extension-table-header, @tiptap/extension-table-row, @tiptap/extension-table, @tiptap/extension-task-item, @tiptap/extension-task-list, @tiptap/extension-text-align, @tiptap/extension-underline, @tiptap/markdown, @tiptap/react, @tiptap/starter-kit, class-variance-authority, clsx, cmdk, diff, dnd-core, dockview-react, lowlight, lucide-react, motion/react, nanoid, react-arborist, react-dnd-html5-backend, react-markdown, remark-gfm, shiki, streamdown, tailwind-merge, use-stick-to-bottom, zod, zustand, zustand/middleware
11:28:09 PM [vite] (client) optimized dependencies changed. reloading
{"level":30,"time":1788996515480,"pid":122630,"hostname":"vps-15cf2c41","reqId":"req-1","req":{"method":"GET","url":"/api/v1/workspace/meta","host":"127.0.0.1:6340","remoteAddress":"127.0.0.1","remotePort":38274},"msg":"incoming request"}
{"level":40,"time":1788996515482,"pid":122630,"hostname":"vps-15cf2c41","reqId":"req-1","msg":"No auth token set — running in dev mode"}
{"level":30,"time":1788996515489,"pid":122630,"hostname":"vps-15cf2c41","reqId":"req-1","res":{"statusCode":200},"responseTime":7.003857999996399,"msg":"request completed"}
{"level":30,"time":1788996515501,"pid":122630,"hostname":"vps-15cf2c41","reqId":"req-2","req":{"method":"GET","url":"/api/v1/workspace/meta","host":"127.0.0.1:6340","remoteAddress":"127.0.0.1","remotePort":38280},"msg":"incoming request"}
{"level":30,"time":1788996515502,"pid":122630,"hostname":"vps-15cf2c41","reqId":"req-2","res":{"statusCode":200},"responseTime":1.073764000000665,"msg":"request completed"}
{"level":30,"time":1788996515622,"pid":122630,"hostname":"vps-15cf2c41","reqId":"req-3","req":{"method":"GET","url":"/api/v1/tree?path=.","host":"127.0.0.1:6340","remoteAddress":"127.0.0.1","remotePort":38288},"msg":"incoming request"}
{"level":30,"time":1788996515632,"pid":122630,"hostname":"vps-15cf2c41","reqId":"req-4","req":{"method":"PUT","url":"/api/v1/ui/state","host":"127.0.0.1:6340","remoteAddress":"127.0.0.1","remotePort":38292},"msg":"incoming request"}
{"level":30,"time":1788996515639,"pid":122630,"hostname":"vps-15cf2c41","reqId":"req-4","res":{"statusCode":204},"responseTime":6.789839999997639,"msg":"request completed"}
{"level":30,"time":1788996515642,"pid":122630,"hostname":"vps-15cf2c41","reqId":"req-5","req":{"method":"GET","url":"/api/v1/filesystems","host":"127.0.0.1:6340","remoteAddress":"127.0.0.1","remotePort":38304},"msg":"incoming request"}
{"level":30,"time":1788996516260,"pid":122630,"hostname":"vps-15cf2c41","reqId":"req-6","req":{"method":"GET","url":"/api/v1/agents","host":"127.0.0.1:6340","remoteAddress":"127.0.0.1","remotePort":38308},"msg":"incoming request"}
{"level":30,"time":1788996516264,"pid":122630,"hostname":"vps-15cf2c41","reqId":"req-6","res":{"statusCode":200},"responseTime":2.7068099999960396,"msg":"request completed"}
{"level":30,"time":1788996516273,"pid":122630,"hostname":"vps-15cf2c41","reqId":"req-7","req":{"method":"PUT","url":"/api/v1/ui/state","host":"127.0.0.1:6340","remoteAddress":"127.0.0.1","remotePort":38324},"msg":"incoming request"}
{"level":30,"time":1788996516276,"pid":122630,"hostname":"vps-15cf2c41","reqId":"req-7","res":{"statusCode":204},"responseTime":3.209316000000399,"msg":"request completed"}
{"level":30,"time":1788996516287,"pid":122630,"hostname":"vps-15cf2c41","reqId":"req-8","req":{"method":"GET","url":"/api/v1/filesystems","host":"127.0.0.1:6340","remoteAddress":"127.0.0.1","remotePort":38328},"msg":"incoming request"}
{"level":30,"time":1788996516296,"pid":122630,"hostname":"vps-15cf2c41","reqId":"req-9","req":{"method":"GET","url":"/api/v1/tree?path=.","host":"127.0.0.1:6340","remoteAddress":"127.0.0.1","remotePort":38340},"msg":"incoming request"}
{"level":30,"time":1788996516302,"pid":122630,"hostname":"vps-15cf2c41","reqId":"req-a","req":{"method":"GET","url":"/api/v1/fs/events?workspaceId=workspace","host":"127.0.0.1:6340","remoteAddress":"127.0.0.1","remotePort":38348},"msg":"incoming request"}
{"level":30,"time":1788996516307,"pid":122630,"hostname":"vps-15cf2c41","reqId":"req-b","req":{"method":"GET","url":"/api/v1/ui/state","host":"127.0.0.1:6340","remoteAddress":"127.0.0.1","remotePort":38354},"msg":"incoming request"}
{"level":30,"time":1788996516308,"pid":122630,"hostname":"vps-15cf2c41","reqId":"req-b","res":{"statusCode":200},"responseTime":1.010855000000447,"msg":"request completed"}
{"level":30,"time":1788996516311,"pid":122630,"hostname":"vps-15cf2c41","reqId":"req-c","req":{"method":"GET","url":"/api/v1/ui/commands/next?workspaceId=workspace","host":"127.0.0.1:6340","remoteAddress":"127.0.0.1","remotePort":38364},"msg":"incoming request"}
{"level":30,"time":1788996516365,"pid":122630,"hostname":"vps-15cf2c41","reqId":"req-d","req":{"method":"GET","url":"/api/v1/agents/alpha/sessions?limit=50&archived=active","host":"127.0.0.1:6340","remoteAddress":"127.0.0.1","remotePort":38372},"msg":"incoming request"}
{"level":30,"time":1788996516392,"pid":122630,"hostname":"vps-15cf2c41","reqId":"req-e","req":{"method":"GET","url":"/api/v1/agents/alpha/ready-status","host":"127.0.0.1:6340","remoteAddress":"127.0.0.1","remotePort":38378},"msg":"incoming request"}
{"level":30,"time":1788996516428,"pid":122630,"hostname":"vps-15cf2c41","reqId":"req-d","res":{"statusCode":200},"responseTime":61.858884000001126,"msg":"request completed"}
{"level":30,"time":1788996516446,"pid":122630,"hostname":"vps-15cf2c41","reqId":"req-8","res":{"statusCode":200},"responseTime":157.58961599999748,"msg":"request completed"}
{"level":30,"time":1788996516461,"pid":122630,"hostname":"vps-15cf2c41","reqId":"req-f","req":{"method":"GET","url":"/api/v1/agents/alpha/ready-status","host":"127.0.0.1:6340","remoteAddress":"127.0.0.1","remotePort":38386},"msg":"incoming request"}
{"level":30,"time":1788996516477,"pid":122630,"hostname":"vps-15cf2c41","reqId":"req-g","req":{"method":"GET","url":"/api/v1/agents/alpha/sessions?limit=50&archived=active","host":"127.0.0.1:6340","remoteAddress":"127.0.0.1","remotePort":38400},"msg":"incoming request"}
{"level":30,"time":1788996516486,"pid":122630,"hostname":"vps-15cf2c41","reqId":"req-h","req":{"method":"GET","url":"/api/v1/ui/state","host":"127.0.0.1:6340","remoteAddress":"127.0.0.1","remotePort":38414},"msg":"incoming request"}
{"level":30,"time":1788996516488,"pid":122630,"hostname":"vps-15cf2c41","reqId":"req-h","res":{"statusCode":200},"responseTime":1.3253990000011981,"msg":"request completed"}
{"level":30,"time":1788996516510,"pid":122630,"hostname":"vps-15cf2c41","reqId":"req-9","res":{"statusCode":200},"responseTime":213.06843500000105,"msg":"request completed"}
{"level":30,"time":1788996516537,"pid":122630,"hostname":"vps-15cf2c41","reqId":"req-i","req":{"method":"POST","url":"/api/v1/workspace-bridge/call","host":"127.0.0.1:6340","remoteAddress":"127.0.0.1","remotePort":38428},"msg":"incoming request"}
{"level":30,"time":1788996516545,"pid":122630,"hostname":"vps-15cf2c41","reqId":"req-i","res":{"statusCode":200},"responseTime":7.462571000003663,"msg":"request completed"}
{"level":30,"time":1788996516554,"pid":122630,"hostname":"vps-15cf2c41","reqId":"req-j","req":{"method":"GET","url":"/api/v1/tree?path=.","host":"127.0.0.1:6340","remoteAddress":"127.0.0.1","remotePort":38444},"msg":"incoming request"}
{"level":30,"time":1788996516587,"pid":122630,"hostname":"vps-15cf2c41","reqId":"req-j","res":{"statusCode":200},"responseTime":32.23877299999731,"msg":"request completed"}
{"level":30,"time":1788996516606,"pid":122630,"hostname":"vps-15cf2c41","reqId":"req-f","res":{"statusCode":200},"responseTime":143.97472800000105,"msg":"request completed"}
{"level":30,"time":1788996516612,"pid":122630,"hostname":"vps-15cf2c41","reqId":"req-g","res":{"statusCode":200},"responseTime":133.71662500000093,"msg":"request completed"}
{"level":30,"time":1788996516744,"pid":122630,"hostname":"vps-15cf2c41","reqId":"req-k","req":{"method":"GET","url":"/api/v1/agents/alpha/sessions?limit=50&archived=archived","host":"127.0.0.1:6340","remoteAddress":"127.0.0.1","remotePort":38456},"msg":"incoming request"}
{"level":30,"time":1788996516750,"pid":122630,"hostname":"vps-15cf2c41","reqId":"req-l","req":{"method":"GET","url":"/api/v1/agents/session-activity/events?workspaceId=workspace","host":"127.0.0.1:6340","remoteAddress":"127.0.0.1","remotePort":38458},"msg":"incoming request"}
{"level":30,"time":1788996516782,"pid":122630,"hostname":"vps-15cf2c41","reqId":"req-k","res":{"statusCode":200},"responseTime":37.09488599999895,"msg":"request completed"}
{"level":30,"time":1788996518772,"pid":122630,"hostname":"vps-15cf2c41","reqId":"req-m","req":{"method":"POST","url":"/api/v1/agents/alpha/sessions","host":"127.0.0.1:6340","remoteAddress":"127.0.0.1","remotePort":52892},"msg":"incoming request"}
{"level":30,"time":1788996518798,"pid":122630,"hostname":"vps-15cf2c41","reqId":"req-m","res":{"statusCode":201},"responseTime":25.499556000002485,"msg":"request completed"}
{"level":30,"time":1788996518814,"pid":122630,"hostname":"vps-15cf2c41","reqId":"req-n","req":{"method":"GET","url":"/api/v1/agents/alpha/sessions?limit=50&archived=active","host":"127.0.0.1:6340","remoteAddress":"127.0.0.1","remotePort":52896},"msg":"incoming request"}
{"level":30,"time":1788996518851,"pid":122630,"hostname":"vps-15cf2c41","reqId":"req-n","res":{"statusCode":200},"responseTime":37.205667000001995,"msg":"request completed"}
{"level":30,"time":1788996518856,"pid":122630,"hostname":"vps-15cf2c41","reqId":"req-o","req":{"method":"GET","url":"/api/v1/ui/state","host":"127.0.0.1:6340","remoteAddress":"127.0.0.1","remotePort":52910},"msg":"incoming request"}
{"level":30,"time":1788996518857,"pid":122630,"hostname":"vps-15cf2c41","reqId":"req-o","res":{"statusCode":200},"responseTime":0.654631999997946,"msg":"request completed"}
{"level":30,"time":1788996518868,"pid":122630,"hostname":"vps-15cf2c41","reqId":"req-p","req":{"method":"GET","url":"/api/v1/agents/alpha/sessions?limit=50&archived=archived","host":"127.0.0.1:6340","remoteAddress":"127.0.0.1","remotePort":52926},"msg":"incoming request"}
{"level":30,"time":1788996518873,"pid":122630,"hostname":"vps-15cf2c41","reqId":"req-q","req":{"method":"POST","url":"/api/v1/workspace-bridge/call","host":"127.0.0.1:6340","remoteAddress":"127.0.0.1","remotePort":52942},"msg":"incoming request"}
{"level":30,"time":1788996518875,"pid":122630,"hostname":"vps-15cf2c41","reqId":"req-q","res":{"statusCode":200},"responseTime":1.4761139999973238,"msg":"request completed"}
{"level":30,"time":1788996518887,"pid":122630,"hostname":"vps-15cf2c41","reqId":"req-p","res":{"statusCode":200},"responseTime":18.389098999999987,"msg":"request completed"}
{"level":30,"time":1788996518938,"pid":122630,"hostname":"vps-15cf2c41","reqId":"req-r","req":{"method":"GET","url":"/api/v1/agents/session-activity/events?workspaceId=workspace","host":"127.0.0.1:6340","remoteAddress":"127.0.0.1","remotePort":52944},"msg":"incoming request"}
{"level":30,"time":1788996519573,"pid":122630,"hostname":"vps-15cf2c41","reqId":"req-s","req":{"method":"PUT","url":"/api/v1/ui/state","host":"127.0.0.1:6340","remoteAddress":"127.0.0.1","remotePort":52954},"msg":"incoming request"}
{"level":30,"time":1788996519575,"pid":122630,"hostname":"vps-15cf2c41","reqId":"req-s","res":{"statusCode":204},"responseTime":1.7456400000010035,"msg":"request completed"}
{"level":30,"time":1788996519594,"pid":122630,"hostname":"vps-15cf2c41","reqId":"req-t","req":{"method":"GET","url":"/api/v1/agents/alpha/models","host":"127.0.0.1:6340","remoteAddress":"127.0.0.1","remotePort":52958},"msg":"incoming request"}
{"level":30,"time":1788996519599,"pid":122630,"hostname":"vps-15cf2c41","reqId":"req-u","req":{"method":"GET","url":"/api/v1/agents/alpha/commands?sessionId=scripted-main","host":"127.0.0.1:6340","remoteAddress":"127.0.0.1","remotePort":52966},"msg":"incoming request"}
{"level":30,"time":1788996519604,"pid":122630,"hostname":"vps-15cf2c41","reqId":"req-v","req":{"method":"GET","url":"/api/v1/workspace/meta","host":"127.0.0.1:6340","remoteAddress":"127.0.0.1","remotePort":52970},"msg":"incoming request"}
{"level":30,"time":1788996519605,"pid":122630,"hostname":"vps-15cf2c41","reqId":"req-v","res":{"statusCode":200},"responseTime":0.771258000000671,"msg":"request completed"}
{"level":30,"time":1788996519616,"pid":122630,"hostname":"vps-15cf2c41","reqId":"req-w","req":{"method":"GET","url":"/api/v1/workspace/meta","host":"127.0.0.1:6340","remoteAddress":"127.0.0.1","remotePort":52980},"msg":"incoming request"}
{"level":30,"time":1788996519617,"pid":122630,"hostname":"vps-15cf2c41","reqId":"req-w","res":{"statusCode":200},"responseTime":0.6290920000028564,"msg":"request completed"}
{"level":30,"time":1788996519634,"pid":122630,"hostname":"vps-15cf2c41","reqId":"req-t","res":{"statusCode":200},"responseTime":39.76515900000231,"msg":"request completed"}
{"level":30,"time":1788996519646,"pid":122630,"hostname":"vps-15cf2c41","reqId":"req-u","res":{"statusCode":200},"responseTime":46.5294819999981,"msg":"request completed"}
{"level":30,"time":1788996519651,"pid":122630,"hostname":"vps-15cf2c41","reqId":"req-x","req":{"method":"GET","url":"/api/v1/agents/alpha/models","host":"127.0.0.1:6340","remoteAddress":"127.0.0.1","remotePort":52986},"msg":"incoming request"}
{"level":30,"time":1788996519668,"pid":122630,"hostname":"vps-15cf2c41","reqId":"req-y","req":{"method":"GET","url":"/api/v1/agents/alpha/commands?sessionId=scripted-main","host":"127.0.0.1:6340","remoteAddress":"127.0.0.1","remotePort":53000},"msg":"incoming request"}
{"level":30,"time":1788996519671,"pid":122630,"hostname":"vps-15cf2c41","reqId":"req-z","req":{"method":"GET","url":"/api/v1/agents/alpha/sessions/scripted-main/state","host":"127.0.0.1:6340","remoteAddress":"127.0.0.1","remotePort":53016},"msg":"incoming request"}
{"level":30,"time":1788996519689,"pid":122630,"hostname":"vps-15cf2c41","reqId":"req-x","res":{"statusCode":200},"responseTime":38.0456800000029,"msg":"request completed"}
{"level":30,"time":1788996519706,"pid":122630,"hostname":"vps-15cf2c41","reqId":"req-y","res":{"statusCode":200},"responseTime":37.3817080000008,"msg":"request completed"}
{"level":30,"time":1788996519726,"pid":122630,"hostname":"vps-15cf2c41","reqId":"req-z","res":{"statusCode":200},"responseTime":54.34272800000326,"msg":"request completed"}
{"level":30,"time":1788996519789,"pid":122630,"hostname":"vps-15cf2c41","reqId":"req-10","req":{"method":"GET","url":"/api/v1/agents/alpha/models","host":"127.0.0.1:6340","remoteAddress":"127.0.0.1","remotePort":53032},"msg":"incoming request"}
{"level":30,"time":1788996519791,"pid":122630,"hostname":"vps-15cf2c41","reqId":"req-11","req":{"method":"GET","url":"/api/v1/agents/alpha/sessions/scripted-main/events?cursor=0","host":"127.0.0.1:6340","remoteAddress":"127.0.0.1","remotePort":53036},"msg":"incoming request"}
{"level":30,"time":1788996519807,"pid":122630,"hostname":"vps-15cf2c41","reqId":"req-10","res":{"statusCode":200},"responseTime":17.60291600000346,"msg":"request completed"}
{"level":30,"time":1788996524718,"pid":122630,"hostname":"vps-15cf2c41","reqId":"req-11","res":{"statusCode":200},"msg":"stream closed prematurely"}
{"level":30,"time":1788996527776,"pid":122630,"hostname":"vps-15cf2c41","reqId":"req-12","req":{"method":"GET","url":"/api/v1/workspace/meta","host":"127.0.0.1:6340","remoteAddress":"127.0.0.1","remotePort":46002},"msg":"incoming request"}
{"level":30,"time":1788996527778,"pid":122630,"hostname":"vps-15cf2c41","reqId":"req-12","res":{"statusCode":200},"responseTime":1.298811000000569,"msg":"request completed"}
{"level":30,"time":1788996527786,"pid":122630,"hostname":"vps-15cf2c41","reqId":"req-13","req":{"method":"GET","url":"/api/v1/workspace/meta","host":"127.0.0.1:6340","remoteAddress":"127.0.0.1","remotePort":46012},"msg":"incoming request"}
{"level":30,"time":1788996527787,"pid":122630,"hostname":"vps-15cf2c41","reqId":"req-13","res":{"statusCode":200},"responseTime":0.6048290000035195,"msg":"request completed"}
{"level":30,"time":1788996527956,"pid":122630,"hostname":"vps-15cf2c41","reqId":"req-14","req":{"method":"GET","url":"/api/v1/tree?path=.","host":"127.0.0.1:6340","remoteAddress":"127.0.0.1","remotePort":46024},"msg":"incoming request"}
{"level":30,"time":1788996527960,"pid":122630,"hostname":"vps-15cf2c41","reqId":"req-15","req":{"method":"PUT","url":"/api/v1/ui/state","host":"127.0.0.1:6340","remoteAddress":"127.0.0.1","remotePort":46028},"msg":"incoming request"}
{"level":30,"time":1788996527962,"pid":122630,"hostname":"vps-15cf2c41","reqId":"req-15","res":{"statusCode":204},"responseTime":1.8240489999952842,"msg":"request completed"}
{"level":30,"time":1788996527967,"pid":122630,"hostname":"vps-15cf2c41","reqId":"req-16","req":{"method":"GET","url":"/api/v1/filesystems","host":"127.0.0.1:6340","remoteAddress":"127.0.0.1","remotePort":46036},"msg":"incoming request"}
{"level":30,"time":1788996527971,"pid":122630,"hostname":"vps-15cf2c41","reqId":"req-16","res":{"statusCode":200},"responseTime":2.8288769999999204,"msg":"request completed"}
{"level":30,"time":1788996527978,"pid":122630,"hostname":"vps-15cf2c41","reqId":"req-14","res":{"statusCode":200},"responseTime":21.505148000003828,"msg":"request completed"}
{"level":30,"time":1788996528016,"pid":122630,"hostname":"vps-15cf2c41","reqId":"req-17","req":{"method":"GET","url":"/api/v1/agents","host":"127.0.0.1:6340","remoteAddress":"127.0.0.1","remotePort":46046},"msg":"incoming request"}
{"level":30,"time":1788996528017,"pid":122630,"hostname":"vps-15cf2c41","reqId":"req-17","res":{"statusCode":200},"responseTime":0.9332240000003367,"msg":"request completed"}
{"level":30,"time":1788996528026,"pid":122630,"hostname":"vps-15cf2c41","reqId":"req-18","req":{"method":"GET","url":"/api/v1/tree?path=.","host":"127.0.0.1:6340","remoteAddress":"127.0.0.1","remotePort":46058},"msg":"incoming request"}
{"level":30,"time":1788996528030,"pid":122630,"hostname":"vps-15cf2c41","reqId":"req-19","req":{"method":"PUT","url":"/api/v1/ui/state","host":"127.0.0.1:6340","remoteAddress":"127.0.0.1","remotePort":46064},"msg":"incoming request"}
{"level":30,"time":1788996528031,"pid":122630,"hostname":"vps-15cf2c41","reqId":"req-19","res":{"statusCode":204},"responseTime":1.079094000000623,"msg":"request completed"}
{"level":30,"time":1788996528034,"pid":122630,"hostname":"vps-15cf2c41","reqId":"req-1a","req":{"method":"GET","url":"/api/v1/filesystems","host":"127.0.0.1:6340","remoteAddress":"127.0.0.1","remotePort":46078},"msg":"incoming request"}
{"level":30,"time":1788996528035,"pid":122630,"hostname":"vps-15cf2c41","reqId":"req-1a","res":{"statusCode":200},"responseTime":1.4151730000012321,"msg":"request completed"}
{"level":30,"time":1788996528040,"pid":122630,"hostname":"vps-15cf2c41","reqId":"req-18","res":{"statusCode":200},"responseTime":13.86622499999794,"msg":"request completed"}
{"level":30,"time":1788996528103,"pid":122630,"hostname":"vps-15cf2c41","reqId":"req-1b","req":{"method":"GET","url":"/api/v1/fs/events?workspaceId=workspace","host":"127.0.0.1:6340","remoteAddress":"127.0.0.1","remotePort":46080},"msg":"incoming request"}
{"level":30,"time":1788996528107,"pid":122630,"hostname":"vps-15cf2c41","reqId":"req-1c","req":{"method":"GET","url":"/api/v1/ui/state","host":"127.0.0.1:6340","remoteAddress":"127.0.0.1","remotePort":46096},"msg":"incoming request"}
{"level":30,"time":1788996528108,"pid":122630,"hostname":"vps-15cf2c41","reqId":"req-1c","res":{"statusCode":200},"responseTime":0.5835489999954007,"msg":"request completed"}
{"level":30,"time":1788996528109,"pid":122630,"hostname":"vps-15cf2c41","reqId":"req-1d","req":{"method":"GET","url":"/api/v1/ui/commands/next?workspaceId=workspace","host":"127.0.0.1:6340","remoteAddress":"127.0.0.1","remotePort":46098},"msg":"incoming request"}
{"level":30,"time":1788996528175,"pid":122630,"hostname":"vps-15cf2c41","reqId":"req-1e","req":{"method":"GET","url":"/api/v1/agents/alpha/sessions?limit=50&archived=active","host":"127.0.0.1:6340","remoteAddress":"127.0.0.1","remotePort":46102},"msg":"incoming request"}
{"level":30,"time":1788996528182,"pid":122630,"hostname":"vps-15cf2c41","reqId":"req-1f","req":{"method":"GET","url":"/api/v1/tree?path=.","host":"127.0.0.1:6340","remoteAddress":"127.0.0.1","remotePort":46110},"msg":"incoming request"}
{"level":30,"time":1788996528183,"pid":122630,"hostname":"vps-15cf2c41","reqId":"req-1g","req":{"method":"GET","url":"/api/v1/agents/alpha/ready-status","host":"127.0.0.1:6340","remoteAddress":"127.0.0.1","remotePort":46122},"msg":"incoming request"}
{"level":30,"time":1788996528190,"pid":122630,"hostname":"vps-15cf2c41","reqId":"req-1f","res":{"statusCode":200},"responseTime":7.496755000000121,"msg":"request completed"}
{"level":30,"time":1788996528198,"pid":122630,"hostname":"vps-15cf2c41","reqId":"req-1h","req":{"method":"GET","url":"/api/v1/tree?path=.","host":"127.0.0.1:6340","remoteAddress":"127.0.0.1","remotePort":46134},"msg":"incoming request"}
{"level":30,"time":1788996528202,"pid":122630,"hostname":"vps-15cf2c41","reqId":"req-1e","res":{"statusCode":200},"responseTime":26.945513999999093,"msg":"request completed"}
{"level":30,"time":1788996528206,"pid":122630,"hostname":"vps-15cf2c41","reqId":"req-1g","res":{"statusCode":200},"responseTime":22.998955999995815,"msg":"request completed"}
{"level":30,"time":1788996528210,"pid":122630,"hostname":"vps-15cf2c41","reqId":"req-1i","req":{"method":"GET","url":"/api/v1/agents/alpha/sessions?limit=50&archived=active","host":"127.0.0.1:6340","remoteAddress":"127.0.0.1","remotePort":46144},"msg":"incoming request"}
{"level":30,"time":1788996528212,"pid":122630,"hostname":"vps-15cf2c41","reqId":"req-1h","res":{"statusCode":200},"responseTime":14.322235999999975,"msg":"request completed"}
{"level":30,"time":1788996528216,"pid":122630,"hostname":"vps-15cf2c41","reqId":"req-1j","req":{"method":"GET","url":"/api/v1/agents/alpha/ready-status","host":"127.0.0.1:6340","remoteAddress":"127.0.0.1","remotePort":46160},"msg":"incoming request"}
{"level":30,"time":1788996528226,"pid":122630,"hostname":"vps-15cf2c41","reqId":"req-1j","res":{"statusCode":200},"responseTime":10.328289000004588,"msg":"request completed"}
{"level":30,"time":1788996528228,"pid":122630,"hostname":"vps-15cf2c41","reqId":"req-1i","res":{"statusCode":200},"responseTime":17.64211400000204,"msg":"request completed"}
{"level":30,"time":1788996528245,"pid":122630,"hostname":"vps-15cf2c41","reqId":"req-1k","req":{"method":"GET","url":"/api/v1/ui/state","host":"127.0.0.1:6340","remoteAddress":"127.0.0.1","remotePort":46176},"msg":"incoming request"}
{"level":30,"time":1788996528246,"pid":122630,"hostname":"vps-15cf2c41","reqId":"req-1k","res":{"statusCode":200},"responseTime":0.5706419999987702,"msg":"request completed"}
{"level":30,"time":1788996528312,"pid":122630,"hostname":"vps-15cf2c41","reqId":"req-1l","req":{"method":"POST","url":"/api/v1/workspace-bridge/call","host":"127.0.0.1:6340","remoteAddress":"127.0.0.1","remotePort":46190},"msg":"incoming request"}
{"level":30,"time":1788996528314,"pid":122630,"hostname":"vps-15cf2c41","reqId":"req-1l","res":{"statusCode":200},"responseTime":1.6329009999972186,"msg":"request completed"}
{"level":30,"time":1788996528348,"pid":122630,"hostname":"vps-15cf2c41","reqId":"req-1m","req":{"method":"GET","url":"/api/v1/agents/alpha/sessions?limit=50&archived=archived","host":"127.0.0.1:6340","remoteAddress":"127.0.0.1","remotePort":46198},"msg":"incoming request"}
{"level":30,"time":1788996528354,"pid":122630,"hostname":"vps-15cf2c41","reqId":"req-1n","req":{"method":"GET","url":"/api/v1/agents/session-activity/events?workspaceId=workspace","host":"127.0.0.1:6340","remoteAddress":"127.0.0.1","remotePort":46202},"msg":"incoming request"}
{"level":30,"time":1788996528360,"pid":122630,"hostname":"vps-15cf2c41","reqId":"req-1m","res":{"statusCode":200},"responseTime":11.89374599999428,"msg":"request completed"}
{"level":30,"time":1788996530383,"pid":122630,"hostname":"vps-15cf2c41","reqId":"req-1o","req":{"method":"POST","url":"/api/v1/agents/alpha/sessions","host":"127.0.0.1:6340","remoteAddress":"127.0.0.1","remotePort":46210},"msg":"incoming request"}
{"level":30,"time":1788996530401,"pid":122630,"hostname":"vps-15cf2c41","reqId":"req-1o","res":{"statusCode":201},"responseTime":18.00506100000348,"msg":"request completed"}
{"level":30,"time":1788996530431,"pid":122630,"hostname":"vps-15cf2c41","reqId":"req-1p","req":{"method":"GET","url":"/api/v1/agents/alpha/sessions?limit=50&archived=active","host":"127.0.0.1:6340","remoteAddress":"127.0.0.1","remotePort":46216},"msg":"incoming request"}
{"level":30,"time":1788996530458,"pid":122630,"hostname":"vps-15cf2c41","reqId":"req-1p","res":{"statusCode":200},"responseTime":26.240108999998483,"msg":"request completed"}
{"level":30,"time":1788996530480,"pid":122630,"hostname":"vps-15cf2c41","reqId":"req-1q","req":{"method":"GET","url":"/api/v1/ui/state","host":"127.0.0.1:6340","remoteAddress":"127.0.0.1","remotePort":46228},"msg":"incoming request"}
{"level":30,"time":1788996530484,"pid":122630,"hostname":"vps-15cf2c41","reqId":"req-1q","res":{"statusCode":200},"responseTime":2.480491999995138,"msg":"request completed"}
{"level":30,"time":1788996530487,"pid":122630,"hostname":"vps-15cf2c41","reqId":"req-1r","req":{"method":"GET","url":"/api/v1/agents/alpha/sessions?limit=50&archived=archived","host":"127.0.0.1:6340","remoteAddress":"127.0.0.1","remotePort":46244},"msg":"incoming request"}
{"level":30,"time":1788996530509,"pid":122630,"hostname":"vps-15cf2c41","reqId":"req-1r","res":{"statusCode":200},"responseTime":21.34113100000104,"msg":"request completed"}
{"level":30,"time":1788996530528,"pid":122630,"hostname":"vps-15cf2c41","reqId":"req-1s","req":{"method":"POST","url":"/api/v1/workspace-bridge/call","host":"127.0.0.1:6340","remoteAddress":"127.0.0.1","remotePort":46260},"msg":"incoming request"}
{"level":30,"time":1788996530531,"pid":122630,"hostname":"vps-15cf2c41","reqId":"req-1s","res":{"statusCode":200},"responseTime":1.9897669999991194,"msg":"request completed"}
{"level":30,"time":1788996530567,"pid":122630,"hostname":"vps-15cf2c41","reqId":"req-1t","req":{"method":"GET","url":"/api/v1/agents/session-activity/events?workspaceId=workspace","host":"127.0.0.1:6340","remoteAddress":"127.0.0.1","remotePort":46274},"msg":"incoming request"}
[2026-09-09T23:28:51.979Z WARN  chromiumoxide::handler] WS Invalid message: data did not match any variant of untagged enum Message
[2026-09-09T23:28:51.980Z WARN  chromiumoxide::handler] WS Invalid message: data did not match any variant of untagged enum Message
[2026-09-09T23:28:51.980Z WARN  chromiumoxide::handler] WS Invalid message: data did not match any variant of untagged enum Message
[2026-09-09T23:28:52.029Z WARN  chromiumoxide::handler] WS Invalid message: data did not match any variant of untagged enum Message
[2026-09-09T23:28:52.112Z WARN  chromiumoxide::handler] WS Invalid message: data did not match any variant of untagged enum Message
[2026-09-09T23:28:52.130Z WARN  chromiumoxide::handler] WS Invalid message: data did not match any variant of untagged enum Message
[2026-09-09T23:28:52.137Z WARN  chromiumoxide::handler] WS Invalid message: data did not match any variant of untagged enum Message
[2026-09-09T23:28:52.137Z WARN  chromiumoxide::handler] WS Invalid message: data did not match any variant of untagged enum Message
[2026-09-09T23:28:52.138Z WARN  chromiumoxide::handler] WS Invalid message: data did not match any variant of untagged enum Message
[2026-09-09T23:28:52.143Z WARN  chromiumoxide::handler] WS Invalid message: data did not match any variant of untagged enum Message
[2026-09-09T23:28:52.143Z WARN  chromiumoxide::handler] WS Invalid message: data did not match any variant of untagged enum Message
[2026-09-09T23:28:52.143Z WARN  chromiumoxide::handler] WS Invalid message: data did not match any variant of untagged enum Message
[2026-09-09T23:28:52.204Z WARN  chromiumoxide::handler] WS Invalid message: data did not match any variant of untagged enum Message
[2026-09-09T23:28:52.519Z WARN  chromiumoxide::handler] WS Invalid message: data did not match any variant of untagged enum Message
[2026-09-09T23:28:52.519Z WARN  chromiumoxide::handler] WS Invalid message: data did not match any variant of untagged enum Message
[2026-09-09T23:28:52.519Z WARN  chromiumoxide::handler] WS Invalid message: data did not match any variant of untagged enum Message
[2026-09-09T23:28:52.529Z WARN  chromiumoxide::handler] WS Invalid message: data did not match any variant of untagged enum Message
[2026-09-09T23:28:52.531Z WARN  chromiumoxide::handler] WS Invalid message: data did not match any variant of untagged enum Message
[2026-09-09T23:28:52.531Z WARN  chromiumoxide::handler] WS Invalid message: data did not match any variant of untagged enum Message
[2026-09-09T23:28:52.544Z WARN  chromiumoxide::handler] WS Invalid message: data did not match any variant of untagged enum Message
[2026-09-09T23:28:52.570Z WARN  chromiumoxide::handler] WS Invalid message: data did not match any variant of untagged enum Message
[2026-09-09T23:28:52.695Z WARN  chromiumoxide::handler] WS Invalid message: data did not match any variant of untagged enum Message
[2026-09-09T23:28:52.698Z WARN  chromiumoxide::handler] WS Invalid message: data did not match any variant of untagged enum Message
[2026-09-09T23:28:52.742Z WARN  chromiumoxide::handler] WS Invalid message: data did not match any variant of untagged enum Message
[2026-09-09T23:28:52.816Z WARN  chromiumoxide::handler] WS Invalid message: data did not match any variant of untagged enum Message
[2026-09-09T23:28:52.816Z WARN  chromiumoxide::handler] WS Invalid message: data did not match any variant of untagged enum Message
[2026-09-09T23:28:52.817Z WARN  chromiumoxide::handler] WS Invalid message: data did not match any variant of untagged enum Message
[2026-09-09T23:28:52.817Z WARN  chromiumoxide::handler] WS Invalid message: data did not match any variant of untagged enum Message
[2026-09-09T23:28:52.817Z WARN  chromiumoxide::handler] WS Invalid message: data did not match any variant of untagged enum Message
[2026-09-09T23:28:52.820Z WARN  chromiumoxide::handler] WS Invalid message: data did not match any variant of untagged enum Message
[2026-09-09T23:28:52.872Z WARN  chromiumoxide::handler] WS Invalid message: data did not match any variant of untagged enum Message
[2026-09-09T23:28:52.933Z WARN  chromiumoxide::handler] WS Invalid message: data did not match any variant of untagged enum Message
[2026-09-09T23:28:52.934Z WARN  chromiumoxide::handler] WS Invalid message: data did not match any variant of untagged enum Message
[2026-09-09T23:28:52.934Z WARN  chromiumoxide::handler] WS Invalid message: data did not match any variant of untagged enum Message
[2026-09-09T23:28:52.942Z WARN  chromiumoxide::handler] WS Invalid message: data did not match any variant of untagged enum Message
[2026-09-09T23:28:53.013Z WARN  chromiumoxide::handler] WS Invalid message: data did not match any variant of untagged enum Message
[2026-09-09T23:28:53.013Z WARN  chromiumoxide::handler] WS Invalid message: data did not match any variant of untagged enum Message
[2026-09-09T23:28:53.015Z WARN  chromiumoxide::handler] WS Invalid message: data did not match any variant of untagged enum Message
[2026-09-09T23:28:53.015Z WARN  chromiumoxide::handler] WS Invalid message: data did not match any variant of untagged enum Message
[2026-09-09T23:28:53.021Z WARN  chromiumoxide::handler] WS Invalid message: data did not match any variant of untagged enum Message
[2026-09-09T23:28:53.023Z WARN  chromiumoxide::handler] WS Invalid message: data did not match any variant of untagged enum Message
[2026-09-09T23:28:53.031Z WARN  chromiumoxide::handler] WS Invalid message: data did not match any variant of untagged enum Message
[2026-09-09T23:28:53.031Z WARN  chromiumoxide::handler] WS Invalid message: data did not match any variant of untagged enum Message
[2026-09-09T23:28:53.039Z WARN  chromiumoxide::handler] WS Invalid message: data did not match any variant of untagged enum Message
[2026-09-09T23:28:53.078Z WARN  chromiumoxide::handler] WS Invalid message: data did not match any variant of untagged enum Message
[2026-09-09T23:28:53.078Z WARN  chromiumoxide::handler] WS Invalid message: data did not match any variant of untagged enum Message
[2026-09-09T23:28:53.098Z WARN  chromiumoxide::handler] WS Invalid message: data did not match any variant of untagged enum Message
[2026-09-09T23:28:53.098Z WARN  chromiumoxide::handler] WS Invalid message: data did not match any variant of untagged enum Message
[2026-09-09T23:28:53.098Z WARN  chromiumoxide::handler] WS Invalid message: data did not match any variant of untagged enum Message
[2026-09-09T23:28:53.098Z WARN  chromiumoxide::handler] WS Invalid message: data did not match any variant of untagged enum Message
[2026-09-09T23:28:53.098Z WARN  chromiumoxide::handler] WS Invalid message: data did not match any variant of untagged enum Message
[2026-09-09T23:28:53.098Z WARN  chromiumoxide::handler] WS Invalid message: data did not match any variant of untagged enum Message
[2026-09-09T23:28:53.133Z WARN  chromiumoxide::handler] WS Invalid message: data did not match any variant of untagged enum Message
[2026-09-09T23:28:53.302Z WARN  chromiumoxide::handler] WS Invalid message: data did not match any variant of untagged enum Message
[2026-09-09T23:28:53.303Z WARN  chromiumoxide::handler] WS Invalid message: data did not match any variant of untagged enum Message
[2026-09-09T23:28:53.303Z WARN  chromiumoxide::handler] WS Invalid message: data did not match any variant of untagged enum Message
[2026-09-09T23:28:53.304Z WARN  chromiumoxide::handler] WS Invalid message: data did not match any variant of untagged enum Message
[2026-09-09T23:28:53.304Z WARN  chromiumoxide::handler] WS Invalid message: data did not match any variant of untagged enum Message
[2026-09-09T23:28:53.304Z WARN  chromiumoxide::handler] WS Invalid message: data did not match any variant of untagged enum Message
[2026-09-09T23:28:53.304Z WARN  chromiumoxide::handler] WS Invalid message: data did not match any variant of untagged enum Message
[2026-09-09T23:28:53.304Z WARN  chromiumoxide::handler] WS Invalid message: data did not match any variant of untagged enum Message
[2026-09-09T23:28:53.485Z WARN  chromiumoxide::handler] WS Invalid message: data did not match any variant of untagged enum Message
[2026-09-09T23:28:53.485Z WARN  chromiumoxide::handler] WS Invalid message: data did not match any variant of untagged enum Message
[2026-09-09T23:28:53.584Z WARN  chromiumoxide::handler] WS Invalid message: data did not match any variant of untagged enum Message
[2026-09-09T23:28:53.587Z WARN  chromiumoxide::handler] WS Invalid message: data did not match any variant of untagged enum Message
[2026-09-09T23:28:53.589Z WARN  chromiumoxide::handler] WS Invalid message: data did not match any variant of untagged enum Message
[2026-09-09T23:28:53.589Z WARN  chromiumoxide::handler] WS Invalid message: data did not match any variant of untagged enum Message
[2026-09-09T23:28:53.589Z WARN  chromiumoxide::handler] WS Invalid message: data did not match any variant of untagged enum Message
[2026-09-09T23:28:53.629Z WARN  chromiumoxide::handler] WS Invalid message: data did not match any variant of untagged enum Message
[2026-09-09T23:28:53.629Z WARN  chromiumoxide::handler] WS Invalid message: data did not match any variant of untagged enum Message
[2026-09-09T23:28:53.629Z WARN  chromiumoxide::handler] WS Invalid message: data did not match any variant of untagged enum Message
[2026-09-09T23:28:53.630Z WARN  chromiumoxide::handler] WS Invalid message: data did not match any variant of untagged enum Message
[2026-09-09T23:28:53.630Z WARN  chromiumoxide::handler] WS Invalid message: data did not match any variant of untagged enum Message
[2026-09-09T23:28:53.630Z WARN  chromiumoxide::handler] WS Invalid message: data did not match any variant of untagged enum Message
[2026-09-09T23:28:53.630Z WARN  chromiumoxide::handler] WS Invalid message: data did not match any variant of untagged enum Message
[2026-09-09T23:28:53.630Z WARN  chromiumoxide::handler] WS Invalid message: data did not match any variant of untagged enum Message
[2026-09-09T23:28:53.631Z WARN  chromiumoxide::handler] WS Invalid message: data did not match any variant of untagged enum Message
[2026-09-09T23:28:53.635Z WARN  chromiumoxide::handler] WS Invalid message: data did not match any variant of untagged enum Message
[2026-09-09T23:28:53.656Z WARN  chromiumoxide::handler] WS Invalid message: data did not match any variant of untagged enum Message
[2026-09-09T23:28:53.656Z WARN  chromiumoxide::handler] WS Invalid message: data did not match any variant of untagged enum Message
[2026-09-09T23:28:53.656Z WARN  chromiumoxide::handler] WS Invalid message: data did not match any variant of untagged enum Message
[2026-09-09T23:28:53.699Z WARN  chromiumoxide::handler] WS Invalid message: data did not match any variant of untagged enum Message
[2026-09-09T23:28:53.723Z WARN  chromiumoxide::handler] WS Invalid message: data did not match any variant of untagged enum Message
[2026-09-09T23:28:53.726Z WARN  chromiumoxide::handler] WS Invalid message: data did not match any variant of untagged enum Message
[2026-09-09T23:28:53.747Z WARN  chromiumoxide::handler] WS Invalid message: data did not match any variant of untagged enum Message
[2026-09-09T23:28:53.747Z WARN  chromiumoxide::handler] WS Invalid message: data did not match any variant of untagged enum Message
[2026-09-09T23:28:53.786Z WARN  chromiumoxide::handler] WS Invalid message: data did not match any variant of untagged enum Message
[2026-09-09T23:28:53.786Z WARN  chromiumoxide::handler] WS Invalid message: data did not match any variant of untagged enum Message
[2026-09-09T23:28:53.786Z WARN  chromiumoxide::handler] WS Invalid message: data did not match any variant of untagged enum Message
[2026-09-09T23:28:53.790Z WARN  chromiumoxide::handler] WS Invalid message: data did not match any variant of untagged enum Message
[2026-09-09T23:28:53.790Z WARN  chromiumoxide::handler] WS Invalid message: data did not match any variant of untagged enum Message
[2026-09-09T23:28:53.790Z WARN  chromiumoxide::handler] WS Invalid message: data did not match any variant of untagged enum Message
[2026-09-09T23:28:53.803Z WARN  chromiumoxide::handler] WS Invalid message: data did not match any variant of untagged enum Message
[2026-09-09T23:28:53.803Z WARN  chromiumoxide::handler] WS Invalid message: data did not match any variant of untagged enum Message
[2026-09-09T23:28:53.803Z WARN  chromiumoxide::handler] WS Invalid message: data did not match any variant of untagged enum Message
[2026-09-09T23:28:53.803Z WARN  chromiumoxide::handler] WS Invalid message: data did not match any variant of untagged enum Message
[2026-09-09T23:28:53.805Z WARN  chromiumoxide::handler] WS Invalid message: data did not match any variant of untagged enum Message
[2026-09-09T23:28:53.809Z WARN  chromiumoxide::handler] WS Invalid message: data did not match any variant of untagged enum Message
[2026-09-09T23:28:53.820Z WARN  chromiumoxide::handler] WS Invalid message: data did not match any variant of untagged enum Message
[2026-09-09T23:28:53.821Z WARN  chromiumoxide::handler] WS Invalid message: data did not match any variant of untagged enum Message
[2026-09-09T23:28:53.821Z WARN  chromiumoxide::handler] WS Invalid message: data did not match any variant of untagged enum Message
[2026-09-09T23:28:53.821Z WARN  chromiumoxide::handler] WS Invalid message: data did not match any variant of untagged enum Message
[2026-09-09T23:28:53.821Z WARN  chromiumoxide::handler] WS Invalid message: data did not match any variant of untagged enum Message
[2026-09-09T23:28:53.821Z WARN  chromiumoxide::handler] WS Invalid message: data did not match any variant of untagged enum Message
[2026-09-09T23:28:53.829Z WARN  chromiumoxide::handler] WS Invalid message: data did not match any variant of untagged enum Message
[2026-09-09T23:28:53.906Z WARN  chromiumoxide::handler] WS Invalid message: data did not match any variant of untagged enum Message
[2026-09-09T23:28:53.944Z WARN  chromiumoxide::handler] WS Invalid message: data did not match any variant of untagged enum Message
[2026-09-09T23:28:53.945Z WARN  chromiumoxide::handler] WS Invalid message: data did not match any variant of untagged enum Message
[2026-09-09T23:28:53.954Z WARN  chromiumoxide::handler] WS Invalid message: data did not match any variant of untagged enum Message
[2026-09-09T23:28:53.961Z WARN  chromiumoxide::handler] WS Invalid message: data did not match any variant of untagged enum Message
[2026-09-09T23:28:53.961Z WARN  chromiumoxide::handler] WS Invalid message: data did not match any variant of untagged enum Message
[2026-09-09T23:28:53.961Z WARN  chromiumoxide::handler] WS Invalid message: data did not match any variant of untagged enum Message
[2026-09-09T23:28:54.087Z WARN  chromiumoxide::handler] WS Invalid message: data did not match any variant of untagged enum Message
[2026-09-09T23:28:54.087Z WARN  chromiumoxide::handler] WS Invalid message: data did not match any variant of untagged enum Message
[2026-09-09T23:28:54.087Z WARN  chromiumoxide::handler] WS Invalid message: data did not match any variant of untagged enum Message
[2026-09-09T23:28:54.088Z WARN  chromiumoxide::handler] WS Invalid message: data did not match any variant of untagged enum Message
[2026-09-09T23:28:54.088Z WARN  chromiumoxide::handler] WS Invalid message: data did not match any variant of untagged enum Message
[2026-09-09T23:28:54.088Z WARN  chromiumoxide::handler] WS Invalid message: data did not match any variant of untagged enum Message
[2026-09-09T23:28:54.088Z WARN  chromiumoxide::handler] WS Invalid message: data did not match any variant of untagged enum Message
[2026-09-09T23:28:54.088Z WARN  chromiumoxide::handler] WS Invalid message: data did not match any variant of untagged enum Message
[2026-09-09T23:28:54.088Z WARN  chromiumoxide::handler] WS Invalid message: data did not match any variant of untagged enum Message
[2026-09-09T23:28:54.088Z WARN  chromiumoxide::handler] WS Invalid message: data did not match any variant of untagged enum Message
[2026-09-09T23:28:54.090Z WARN  chromiumoxide::handler] WS Invalid message: data did not match any variant of untagged enum Message
[2026-09-09T23:28:54.366Z WARN  chromiumoxide::handler] WS Invalid message: data did not match any variant of untagged enum Message
[2026-09-09T23:28:54.366Z WARN  chromiumoxide::handler] WS Invalid message: data did not match any variant of untagged enum Message
[2026-09-09T23:28:54.366Z WARN  chromiumoxide::handler] WS Invalid message: data did not match any variant of untagged enum Message
[2026-09-09T23:28:54.366Z WARN  chromiumoxide::handler] WS Invalid message: data did not match any variant of untagged enum Message
[2026-09-09T23:28:54.366Z WARN  chromiumoxide::handler] WS Invalid message: data did not match any variant of untagged enum Message
[2026-09-09T23:28:54.366Z WARN  chromiumoxide::handler] WS Invalid message: data did not match any variant of untagged enum Message
[2026-09-09T23:28:54.366Z WARN  chromiumoxide::handler] WS Invalid message: data did not match any variant of untagged enum Message
[2026-09-09T23:28:54.366Z WARN  chromiumoxide::handler] WS Invalid message: data did not match any variant of untagged enum Message
[2026-09-09T23:28:54.367Z WARN  chromiumoxide::handler] WS Invalid message: data did not match any variant of untagged enum Message
[2026-09-09T23:28:54.367Z WARN  chromiumoxide::handler] WS Invalid message: data did not match any variant of untagged enum Message
[2026-09-09T23:28:54.367Z WARN  chromiumoxide::handler] WS Invalid message: data did not match any variant of untagged enum Message
[2026-09-09T23:28:54.367Z WARN  chromiumoxide::handler] WS Invalid message: data did not match any variant of untagged enum Message
[2026-09-09T23:28:54.633Z WARN  chromiumoxide::handler] WS Invalid message: data did not match any variant of untagged enum Message
[2026-09-09T23:28:54.668Z WARN  chromiumoxide::handler] WS Invalid message: data did not match any variant of untagged enum Message
[2026-09-09T23:28:54.668Z WARN  chromiumoxide::handler] WS Invalid message: data did not match any variant of untagged enum Message
[2026-09-09T23:28:54.668Z WARN  chromiumoxide::handler] WS Invalid message: data did not match any variant of untagged enum Message
[2026-09-09T23:28:54.668Z WARN  chromiumoxide::handler] WS Invalid message: data did not match any variant of untagged enum Message
[2026-09-09T23:28:54.668Z WARN  chromiumoxide::handler] WS Invalid message: data did not match any variant of untagged enum Message
[2026-09-09T23:28:54.669Z WARN  chromiumoxide::handler] WS Invalid message: data did not match any variant of untagged enum Message
[2026-09-09T23:28:54.688Z WARN  chromiumoxide::handler] WS Invalid message: data did not match any variant of untagged enum Message
[2026-09-09T23:28:54.688Z WARN  chromiumoxide::handler] WS Invalid message: data did not match any variant of untagged enum Message
[2026-09-09T23:28:54.690Z WARN  chromiumoxide::handler] WS Invalid message: data did not match any variant of untagged enum Message
[2026-09-09T23:28:54.690Z WARN  chromiumoxide::handler] WS Invalid message: data did not match any variant of untagged enum Message
[2026-09-09T23:28:54.708Z WARN  chromiumoxide::handler] WS Invalid message: data did not match any variant of untagged enum Message
[2026-09-09T23:28:54.708Z WARN  chromiumoxide::handler] WS Invalid message: data did not match any variant of untagged enum Message
[2026-09-09T23:28:54.708Z WARN  chromiumoxide::handler] WS Invalid message: data did not match any variant of untagged enum Message
[2026-09-09T23:28:54.708Z WARN  chromiumoxide::handler] WS Invalid message: data did not match any variant of untagged enum Message
[2026-09-09T23:28:54.708Z WARN  chromiumoxide::handler] WS Invalid message: data did not match any variant of untagged enum Message
[2026-09-09T23:28:54.710Z WARN  chromiumoxide::handler] WS Invalid message: data did not match any variant of untagged enum Message
[2026-09-09T23:28:54.779Z WARN  chromiumoxide::handler] WS Invalid message: data did not match any variant of untagged enum Message
[2026-09-09T23:28:54.780Z WARN  chromiumoxide::handler] WS Invalid message: data did not match any variant of untagged enum Message
[2026-09-09T23:28:54.780Z WARN  chromiumoxide::handler] WS Invalid message: data did not match any variant of untagged enum Message
[2026-09-09T23:28:54.789Z WARN  chromiumoxide::handler] WS Invalid message: data did not match any variant of untagged enum Message
[2026-09-09T23:28:54.789Z WARN  chromiumoxide::handler] WS Invalid message: data did not match any variant of untagged enum Message
[2026-09-09T23:28:54.789Z WARN  chromiumoxide::handler] WS Invalid message: data did not match any variant of untagged enum Message
[2026-09-09T23:28:54.789Z WARN  chromiumoxide::handler] WS Invalid message: data did not match any variant of untagged enum Message
[2026-09-09T23:28:54.850Z WARN  chromiumoxide::handler] WS Invalid message: data did not match any variant of untagged enum Message
[2026-09-09T23:28:54.850Z WARN  chromiumoxide::handler] WS Invalid message: data did not match any variant of untagged enum Message
[2026-09-09T23:28:54.850Z WARN  chromiumoxide::handler] WS Invalid message: data did not match any variant of untagged enum Message
[2026-09-09T23:28:54.851Z WARN  chromiumoxide::handler] WS Invalid message: data did not match any variant of untagged enum Message
[2026-09-09T23:28:54.851Z WARN  chromiumoxide::handler] WS Invalid message: data did not match any variant of untagged enum Message
[2026-09-09T23:28:54.957Z WARN  chromiumoxide::handler] WS Invalid message: data did not match any variant of untagged enum Message
[2026-09-09T23:28:54.959Z WARN  chromiumoxide::handler] WS Invalid message: data did not match any variant of untagged enum Message
[2026-09-09T23:28:55.035Z WARN  chromiumoxide::handler] WS Invalid message: data did not match any variant of untagged enum Message
[2026-09-09T23:28:55.038Z WARN  chromiumoxide::handler] WS Invalid message: data did not match any variant of untagged enum Message
[2026-09-09T23:28:55.042Z WARN  chromiumoxide::handler] WS Invalid message: data did not match any variant of untagged enum Message
[2026-09-09T23:28:55.042Z WARN  chromiumoxide::handler] WS Invalid message: data did not match any variant of untagged enum Message
[2026-09-09T23:28:55.044Z WARN  chromiumoxide::handler] WS Invalid message: data did not match any variant of untagged enum Message
[2026-09-09T23:28:55.044Z WARN  chromiumoxide::handler] WS Invalid message: data did not match any variant of untagged enum Message
[2026-09-09T23:28:55.090Z WARN  chromiumoxide::handler] WS Invalid message: data did not match any variant of untagged enum Message
[2026-09-09T23:28:55.107Z WARN  chromiumoxide::handler] WS Invalid message: data did not match any variant of untagged enum Message
[2026-09-09T23:28:55.447Z WARN  chromiumoxide::handler] WS Invalid message: data did not match any variant of untagged enum Message
[2026-09-09T23:28:55.676Z WARN  chromiumoxide::handler] WS Invalid message: data did not match any variant of untagged enum Message
[2026-09-09T23:28:55.701Z WARN  chromiumoxide::handler] WS Invalid message: data did not match any variant of untagged enum Message
[2026-09-09T23:28:55.702Z WARN  chromiumoxide::handler] WS Invalid message: data did not match any variant of untagged enum Message
[2026-09-09T23:28:55.733Z WARN  chromiumoxide::handler] WS Invalid message: data did not match any variant of untagged enum Message
[2026-09-09T23:28:55.733Z WARN  chromiumoxide::handler] WS Invalid message: data did not match any variant of untagged enum Message
[2026-09-09T23:28:55.741Z WARN  chromiumoxide::handler] WS Invalid message: data did not match any variant of untagged enum Message
[2026-09-09T23:28:56.011Z WARN  chromiumoxide::handler] WS Invalid message: data did not match any variant of untagged enum Message
[2026-09-09T23:28:56.068Z WARN  chromiumoxide::handler] WS Invalid message: data did not match any variant of untagged enum Message
[2026-09-09T23:28:57.025Z WARN  chromiumoxide::handler] WS Invalid message: data did not match any variant of untagged enum Message
[2026-09-09T23:28:57.543Z WARN  chromiumoxide::handler] WS Invalid message: data did not match any variant of untagged enum Message
[2026-09-09T23:28:57.543Z WARN  chromiumoxide::handler] WS Invalid message: data did not match any variant of untagged enum Message
[2026-09-09T23:28:59.296Z WARN  chromiumoxide::handler] WS Invalid message: data did not match any variant of untagged enum Message
[2026-09-09T23:28:59.296Z WARN  chromiumoxide::handler] WS Invalid message: data did not match any variant of untagged enum Message
[2026-09-09T23:28:59.296Z WARN  chromiumoxide::handler] WS Invalid message: data did not match any variant of untagged enum Message
[2026-09-09T23:28:59.296Z WARN  chromiumoxide::handler] WS Invalid message: data did not match any variant of untagged enum Message
[2026-09-09T23:28:59.464Z WARN  chromiumoxide::handler] WS Invalid message: data did not match any variant of untagged enum Message
[2026-09-09T23:28:59.464Z WARN  chromiumoxide::handler] WS Invalid message: data did not match any variant of untagged enum Message
{"level":30,"time":1788996539471,"pid":122630,"hostname":"vps-15cf2c41","reqId":"req-1u","req":{"method":"GET","url":"/api/v1/workspace/meta","host":"127.0.0.1:6340","remoteAddress":"127.0.0.1","remotePort":49306},"msg":"incoming request"}
{"level":30,"time":1788996539472,"pid":122630,"hostname":"vps-15cf2c41","reqId":"req-1u","res":{"statusCode":200},"responseTime":0.7930869999981951,"msg":"request completed"}
[2026-09-09T23:28:59.474Z WARN  chromiumoxide::handler] WS Invalid message: data did not match any variant of untagged enum Message
[2026-09-09T23:28:59.480Z WARN  chromiumoxide::handler] WS Invalid message: data did not match any variant of untagged enum Message
{"level":30,"time":1788996539482,"pid":122630,"hostname":"vps-15cf2c41","reqId":"req-1v","req":{"method":"GET","url":"/api/v1/workspace/meta","host":"127.0.0.1:6340","remoteAddress":"127.0.0.1","remotePort":49314},"msg":"incoming request"}
{"level":30,"time":1788996539483,"pid":122630,"hostname":"vps-15cf2c41","reqId":"req-1v","res":{"statusCode":200},"responseTime":0.4439469999924768,"msg":"request completed"}
[2026-09-09T23:28:59.607Z WARN  chromiumoxide::handler] WS Invalid message: data did not match any variant of untagged enum Message
{"level":30,"time":1788996539609,"pid":122630,"hostname":"vps-15cf2c41","reqId":"req-1w","req":{"method":"GET","url":"/api/v1/tree?path=.","host":"127.0.0.1:6340","remoteAddress":"127.0.0.1","remotePort":49318},"msg":"incoming request"}
[2026-09-09T23:28:59.615Z WARN  chromiumoxide::handler] WS Invalid message: data did not match any variant of untagged enum Message
{"level":30,"time":1788996539619,"pid":122630,"hostname":"vps-15cf2c41","reqId":"req-1x","req":{"method":"PUT","url":"/api/v1/ui/state","host":"127.0.0.1:6340","remoteAddress":"127.0.0.1","remotePort":49330},"msg":"incoming request"}
{"level":30,"time":1788996539621,"pid":122630,"hostname":"vps-15cf2c41","reqId":"req-1x","res":{"statusCode":204},"responseTime":1.6986649999889778,"msg":"request completed"}
{"level":30,"time":1788996539622,"pid":122630,"hostname":"vps-15cf2c41","reqId":"req-1w","res":{"statusCode":200},"responseTime":12.29212899999402,"msg":"request completed"}
[2026-09-09T23:28:59.625Z WARN  chromiumoxide::handler] WS Invalid message: data did not match any variant of untagged enum Message
{"level":30,"time":1788996539627,"pid":122630,"hostname":"vps-15cf2c41","reqId":"req-1y","req":{"method":"GET","url":"/api/v1/filesystems","host":"127.0.0.1:6340","remoteAddress":"127.0.0.1","remotePort":49336},"msg":"incoming request"}
{"level":30,"time":1788996539629,"pid":122630,"hostname":"vps-15cf2c41","reqId":"req-1y","res":{"statusCode":200},"responseTime":1.0154420000035316,"msg":"request completed"}
[2026-09-09T23:28:59.677Z WARN  chromiumoxide::handler] WS Invalid message: data did not match any variant of untagged enum Message
{"level":30,"time":1788996539678,"pid":122630,"hostname":"vps-15cf2c41","reqId":"req-1z","req":{"method":"GET","url":"/api/v1/agents","host":"127.0.0.1:6340","remoteAddress":"127.0.0.1","remotePort":49340},"msg":"incoming request"}
{"level":30,"time":1788996539680,"pid":122630,"hostname":"vps-15cf2c41","reqId":"req-1z","res":{"statusCode":200},"responseTime":1.1257710000063526,"msg":"request completed"}
[2026-09-09T23:28:59.696Z WARN  chromiumoxide::handler] WS Invalid message: data did not match any variant of untagged enum Message
{"level":30,"time":1788996539697,"pid":122630,"hostname":"vps-15cf2c41","reqId":"req-20","req":{"method":"GET","url":"/api/v1/tree?path=.","host":"127.0.0.1:6340","remoteAddress":"127.0.0.1","remotePort":49352},"msg":"incoming request"}
[2026-09-09T23:28:59.699Z WARN  chromiumoxide::handler] WS Invalid message: data did not match any variant of untagged enum Message
[2026-09-09T23:28:59.701Z WARN  chromiumoxide::handler] WS Invalid message: data did not match any variant of untagged enum Message
{"level":30,"time":1788996539702,"pid":122630,"hostname":"vps-15cf2c41","reqId":"req-21","req":{"method":"PUT","url":"/api/v1/ui/state","host":"127.0.0.1:6340","remoteAddress":"127.0.0.1","remotePort":49354},"msg":"incoming request"}
{"level":30,"time":1788996539702,"pid":122630,"hostname":"vps-15cf2c41","reqId":"req-21","res":{"statusCode":204},"responseTime":0.7652709999965737,"msg":"request completed"}
{"level":30,"time":1788996539705,"pid":122630,"hostname":"vps-15cf2c41","reqId":"req-22","req":{"method":"GET","url":"/api/v1/filesystems","host":"127.0.0.1:6340","remoteAddress":"127.0.0.1","remotePort":49366},"msg":"incoming request"}
{"level":30,"time":1788996539706,"pid":122630,"hostname":"vps-15cf2c41","reqId":"req-22","res":{"statusCode":200},"responseTime":0.7550060000066878,"msg":"request completed"}
{"level":30,"time":1788996539710,"pid":122630,"hostname":"vps-15cf2c41","reqId":"req-20","res":{"statusCode":200},"responseTime":12.65817799999786,"msg":"request completed"}
[2026-09-09T23:28:59.785Z WARN  chromiumoxide::handler] WS Invalid message: data did not match any variant of untagged enum Message
00:00.000 Waiting
[2026-09-09T23:28:59.839Z WARN  chromiumoxide::handler] WS Invalid message: data did not match any variant of untagged enum Message
[2026-09-09T23:28:59.840Z WARN  chromiumoxide::handler] WS Invalid message: data did not match any variant of untagged enum Message
[2026-09-09T23:28:59.840Z WARN  chromiumoxide::handler] WS Invalid message: data did not match any variant of untagged enum Message
{"level":30,"time":1788996539844,"pid":122630,"hostname":"vps-15cf2c41","reqId":"req-23","req":{"method":"GET","url":"/api/v1/fs/events?workspaceId=workspace","host":"127.0.0.1:6340","remoteAddress":"127.0.0.1","remotePort":49372},"msg":"incoming request"}
{"level":30,"time":1788996539846,"pid":122630,"hostname":"vps-15cf2c41","reqId":"req-24","req":{"method":"GET","url":"/api/v1/ui/state","host":"127.0.0.1:6340","remoteAddress":"127.0.0.1","remotePort":49374},"msg":"incoming request"}
{"level":30,"time":1788996539847,"pid":122630,"hostname":"vps-15cf2c41","reqId":"req-24","res":{"statusCode":200},"responseTime":0.5818640000070445,"msg":"request completed"}
{"level":30,"time":1788996539848,"pid":122630,"hostname":"vps-15cf2c41","reqId":"req-25","req":{"method":"GET","url":"/api/v1/ui/commands/next?workspaceId=workspace","host":"127.0.0.1:6340","remoteAddress":"127.0.0.1","remotePort":49386},"msg":"incoming request"}
{"level":30,"time":1788996539897,"pid":122630,"hostname":"vps-15cf2c41","reqId":"req-26","req":{"method":"GET","url":"/api/v1/agents/alpha/sessions?limit=50&archived=active","host":"127.0.0.1:6340","remoteAddress":"127.0.0.1","remotePort":49396},"msg":"incoming request"}
[2026-09-09T23:28:59.898Z WARN  chromiumoxide::handler] WS Invalid message: data did not match any variant of untagged enum Message
[2026-09-09T23:28:59.898Z WARN  chromiumoxide::handler] WS Invalid message: data did not match any variant of untagged enum Message
[2026-09-09T23:28:59.898Z WARN  chromiumoxide::handler] WS Invalid message: data did not match any variant of untagged enum Message
{"level":30,"time":1788996539905,"pid":122630,"hostname":"vps-15cf2c41","reqId":"req-27","req":{"method":"GET","url":"/api/v1/tree?path=.","host":"127.0.0.1:6340","remoteAddress":"127.0.0.1","remotePort":49400},"msg":"incoming request"}
{"level":30,"time":1788996539906,"pid":122630,"hostname":"vps-15cf2c41","reqId":"req-28","req":{"method":"GET","url":"/api/v1/agents/alpha/ready-status","host":"127.0.0.1:6340","remoteAddress":"127.0.0.1","remotePort":49416},"msg":"incoming request"}
{"level":30,"time":1788996539921,"pid":122630,"hostname":"vps-15cf2c41","reqId":"req-27","res":{"statusCode":200},"responseTime":15.296235999994678,"msg":"request completed"}
[2026-09-09T23:28:59.931Z WARN  chromiumoxide::handler] WS Invalid message: data did not match any variant of untagged enum Message
{"level":30,"time":1788996539935,"pid":122630,"hostname":"vps-15cf2c41","reqId":"req-29","req":{"method":"GET","url":"/api/v1/tree?path=.","host":"127.0.0.1:6340","remoteAddress":"127.0.0.1","remotePort":49420},"msg":"incoming request"}
{"level":30,"time":1788996539945,"pid":122630,"hostname":"vps-15cf2c41","reqId":"req-29","res":{"statusCode":200},"responseTime":9.87115900000208,"msg":"request completed"}
{"level":30,"time":1788996539950,"pid":122630,"hostname":"vps-15cf2c41","reqId":"req-26","res":{"statusCode":200},"responseTime":52.263217999992776,"msg":"request completed"}
{"level":30,"time":1788996539952,"pid":122630,"hostname":"vps-15cf2c41","reqId":"req-28","res":{"statusCode":200},"responseTime":45.08410900000308,"msg":"request completed"}
[2026-09-09T23:28:59.959Z WARN  chromiumoxide::handler] WS Invalid message: data did not match any variant of untagged enum Message
[2026-09-09T23:28:59.960Z WARN  chromiumoxide::handler] WS Invalid message: data did not match any variant of untagged enum Message
{"level":30,"time":1788996539961,"pid":122630,"hostname":"vps-15cf2c41","reqId":"req-2a","req":{"method":"GET","url":"/api/v1/agents/alpha/sessions?limit=50&archived=active","host":"127.0.0.1:6340","remoteAddress":"127.0.0.1","remotePort":49430},"msg":"incoming request"}
{"level":30,"time":1788996539964,"pid":122630,"hostname":"vps-15cf2c41","reqId":"req-2b","req":{"method":"GET","url":"/api/v1/agents/alpha/ready-status","host":"127.0.0.1:6340","remoteAddress":"127.0.0.1","remotePort":49446},"msg":"incoming request"}
{"level":30,"time":1788996539974,"pid":122630,"hostname":"vps-15cf2c41","reqId":"req-2b","res":{"statusCode":200},"responseTime":9.643036000008578,"msg":"request completed"}
{"level":30,"time":1788996539976,"pid":122630,"hostname":"vps-15cf2c41","reqId":"req-2a","res":{"statusCode":200},"responseTime":15.275957999998354,"msg":"request completed"}
00:00.170 Waiting
{"level":30,"time":1788996540034,"pid":122630,"hostname":"vps-15cf2c41","reqId":"req-2c","req":{"method":"GET","url":"/api/v1/ui/state","host":"127.0.0.1:6340","remoteAddress":"127.0.0.1","remotePort":49448},"msg":"incoming request"}
[2026-09-09T23:29:00.032Z WARN  chromiumoxide::handler] WS Invalid message: data did not match any variant of untagged enum Message
{"level":30,"time":1788996540035,"pid":122630,"hostname":"vps-15cf2c41","reqId":"req-2c","res":{"statusCode":200},"responseTime":0.6212110000051325,"msg":"request completed"}
00:00.302 Waiting
{"level":30,"time":1788996540177,"pid":122630,"hostname":"vps-15cf2c41","reqId":"req-2d","req":{"method":"POST","url":"/api/v1/workspace-bridge/call","host":"127.0.0.1:6340","remoteAddress":"127.0.0.1","remotePort":49458},"msg":"incoming request"}
[2026-09-09T23:29:00.175Z WARN  chromiumoxide::handler] WS Invalid message: data did not match any variant of untagged enum Message
{"level":30,"time":1788996540180,"pid":122630,"hostname":"vps-15cf2c41","reqId":"req-2d","res":{"statusCode":200},"responseTime":2.6786270000011427,"msg":"request completed"}
[2026-09-09T23:29:00.182Z WARN  chromiumoxide::handler] WS Invalid message: data did not match any variant of untagged enum Message
{"level":30,"time":1788996540184,"pid":122630,"hostname":"vps-15cf2c41","reqId":"req-2e","req":{"method":"GET","url":"/api/v1/agents/alpha/sessions?limit=50&archived=archived","host":"127.0.0.1:6340","remoteAddress":"127.0.0.1","remotePort":49474},"msg":"incoming request"}
{"level":30,"time":1788996540189,"pid":122630,"hostname":"vps-15cf2c41","reqId":"req-2f","req":{"method":"GET","url":"/api/v1/agents/session-activity/events?workspaceId=workspace","host":"127.0.0.1:6340","remoteAddress":"127.0.0.1","remotePort":49476},"msg":"incoming request"}
[2026-09-09T23:29:00.199Z WARN  chromiumoxide::handler] WS Invalid message: data did not match any variant of untagged enum Message
{"level":30,"time":1788996540207,"pid":122630,"hostname":"vps-15cf2c41","reqId":"req-2e","res":{"statusCode":200},"responseTime":21.749488000001293,"msg":"request completed"}
00:00.653 Waiting
00:00.842 Waiting
00:01.102 Waiting
00:01.239 Clicking <button> (x: 137.5, y: 82.0, content: "Search⌘K")
[2026-09-09T23:29:01.391Z WARN  chromiumoxide::handler] WS Invalid message: data did not match any variant of untagged enum Message
00:01.644 Clicking <button> (x: 526.0, y: 377.5, content: "Commands")
00:01.906 Pressing Escape (code: 27)
00:02.147 Clicking <button> (x: 137.5, y: 82.0, content: "Search⌘K")
00:02.459 Clicking <button> (x: 526.0, y: 377.5, content: "Commands")
{"level":30,"time":1788996542303,"pid":122630,"hostname":"vps-15cf2c41","reqId":"req-2g","req":{"method":"POST","url":"/api/v1/agents/alpha/sessions","host":"127.0.0.1:6340","remoteAddress":"127.0.0.1","remotePort":49486},"msg":"incoming request"}
[2026-09-09T23:29:02.304Z WARN  chromiumoxide::handler] WS Invalid message: data did not match any variant of untagged enum Message
{"level":30,"time":1788996542327,"pid":122630,"hostname":"vps-15cf2c41","reqId":"req-2g","res":{"statusCode":201},"responseTime":23.423534000001382,"msg":"request completed"}
{"level":30,"time":1788996542436,"pid":122630,"hostname":"vps-15cf2c41","reqId":"req-2h","req":{"method":"GET","url":"/api/v1/agents/alpha/sessions?limit=50&archived=active","host":"127.0.0.1:6340","remoteAddress":"127.0.0.1","remotePort":49490},"msg":"incoming request"}
[2026-09-09T23:29:02.437Z WARN  chromiumoxide::handler] WS Invalid message: data did not match any variant of untagged enum Message
{"level":30,"time":1788996542460,"pid":122630,"hostname":"vps-15cf2c41","reqId":"req-2h","res":{"statusCode":200},"responseTime":23.793313999995007,"msg":"request completed"}
[2026-09-09T23:29:02.510Z WARN  chromiumoxide::handler] WS Invalid message: data did not match any variant of untagged enum Message
{"level":30,"time":1788996542512,"pid":122630,"hostname":"vps-15cf2c41","reqId":"req-2i","req":{"method":"GET","url":"/api/v1/ui/state","host":"127.0.0.1:6340","remoteAddress":"127.0.0.1","remotePort":49500},"msg":"incoming request"}
{"level":30,"time":1788996542512,"pid":122630,"hostname":"vps-15cf2c41","reqId":"req-2i","res":{"statusCode":200},"responseTime":0.5387049999990268,"msg":"request completed"}
{"level":30,"time":1788996542527,"pid":122630,"hostname":"vps-15cf2c41","reqId":"req-2j","req":{"method":"GET","url":"/api/v1/agents/alpha/sessions?limit=50&archived=archived","host":"127.0.0.1:6340","remoteAddress":"127.0.0.1","remotePort":49510},"msg":"incoming request"}
[2026-09-09T23:29:02.528Z WARN  chromiumoxide::handler] WS Invalid message: data did not match any variant of untagged enum Message
{"level":30,"time":1788996542538,"pid":122630,"hostname":"vps-15cf2c41","reqId":"req-2j","res":{"statusCode":200},"responseTime":10.523916000005556,"msg":"request completed"}
[2026-09-09T23:29:02.588Z WARN  chromiumoxide::handler] WS Invalid message: data did not match any variant of untagged enum Message
{"level":30,"time":1788996542588,"pid":122630,"hostname":"vps-15cf2c41","reqId":"req-2k","req":{"method":"POST","url":"/api/v1/workspace-bridge/call","host":"127.0.0.1:6340","remoteAddress":"127.0.0.1","remotePort":49514},"msg":"incoming request"}
{"level":30,"time":1788996542590,"pid":122630,"hostname":"vps-15cf2c41","reqId":"req-2k","res":{"statusCode":200},"responseTime":1.522025999991456,"msg":"request completed"}
00:02.841 Pressing Escape (code: 27)
[2026-09-09T23:29:03.146Z WARN  chromiumoxide::handler] WS Invalid message: data did not match any variant of untagged enum Message
{"level":30,"time":1788996543149,"pid":122630,"hostname":"vps-15cf2c41","reqId":"req-2l","req":{"method":"GET","url":"/api/v1/agents/session-activity/events?workspaceId=workspace","host":"127.0.0.1:6340","remoteAddress":"127.0.0.1","remotePort":49528},"msg":"incoming request"}
00:03.368 Clicking <button> (x: 137.5, y: 82.0, content: "Search⌘K")
00:03.613 Typing > (delay: 0ms)
[2026-09-09T23:29:03.972Z WARN  chromiumoxide::handler] WS Invalid message: data did not match any variant of untagged enum Message
{"level":30,"time":1788996543974,"pid":122630,"hostname":"vps-15cf2c41","reqId":"req-2m","req":{"method":"PUT","url":"/api/v1/ui/state","host":"127.0.0.1:6340","remoteAddress":"127.0.0.1","remotePort":49542},"msg":"incoming request"}
{"level":30,"time":1788996543975,"pid":122630,"hostname":"vps-15cf2c41","reqId":"req-2m","res":{"statusCode":204},"responseTime":1.1846369999984745,"msg":"request completed"}
{"level":30,"time":1788996543993,"pid":122630,"hostname":"vps-15cf2c41","reqId":"req-2n","req":{"method":"GET","url":"/api/v1/agents/alpha/models","host":"127.0.0.1:6340","remoteAddress":"127.0.0.1","remotePort":49552},"msg":"incoming request"}
[2026-09-09T23:29:03.992Z WARN  chromiumoxide::handler] WS Invalid message: data did not match any variant of untagged enum Message
[2026-09-09T23:29:03.994Z WARN  chromiumoxide::handler] WS Invalid message: data did not match any variant of untagged enum Message
[2026-09-09T23:29:03.995Z WARN  chromiumoxide::handler] WS Invalid message: data did not match any variant of untagged enum Message
{"level":30,"time":1788996543998,"pid":122630,"hostname":"vps-15cf2c41","reqId":"req-2o","req":{"method":"GET","url":"/api/v1/agents/alpha/commands?sessionId=scripted-2","host":"127.0.0.1:6340","remoteAddress":"127.0.0.1","remotePort":49558},"msg":"incoming request"}
{"level":30,"time":1788996544001,"pid":122630,"hostname":"vps-15cf2c41","reqId":"req-2p","req":{"method":"GET","url":"/api/v1/workspace/meta","host":"127.0.0.1:6340","remoteAddress":"127.0.0.1","remotePort":49560},"msg":"incoming request"}
{"level":30,"time":1788996544002,"pid":122630,"hostname":"vps-15cf2c41","reqId":"req-2p","res":{"statusCode":200},"responseTime":0.6858730000094511,"msg":"request completed"}
{"level":30,"time":1788996544017,"pid":122630,"hostname":"vps-15cf2c41","reqId":"req-2n","res":{"statusCode":200},"responseTime":24.034213999999338,"msg":"request completed"}
{"level":30,"time":1788996544023,"pid":122630,"hostname":"vps-15cf2c41","reqId":"req-2o","res":{"statusCode":200},"responseTime":25.23374199999671,"msg":"request completed"}
[2026-09-09T23:29:04.044Z WARN  chromiumoxide::handler] WS Invalid message: data did not match any variant of untagged enum Message
[2026-09-09T23:29:04.045Z WARN  chromiumoxide::handler] WS Invalid message: data did not match any variant of untagged enum Message
[2026-09-09T23:29:04.045Z WARN  chromiumoxide::handler] WS Invalid message: data did not match any variant of untagged enum Message
{"level":30,"time":1788996544048,"pid":122630,"hostname":"vps-15cf2c41","reqId":"req-2q","req":{"method":"GET","url":"/api/v1/agents/alpha/models","host":"127.0.0.1:6340","remoteAddress":"127.0.0.1","remotePort":49572},"msg":"incoming request"}
{"level":30,"time":1788996544050,"pid":122630,"hostname":"vps-15cf2c41","reqId":"req-2r","req":{"method":"GET","url":"/api/v1/agents/alpha/commands?sessionId=scripted-2","host":"127.0.0.1:6340","remoteAddress":"127.0.0.1","remotePort":49578},"msg":"incoming request"}
{"level":30,"time":1788996544062,"pid":122630,"hostname":"vps-15cf2c41","reqId":"req-2s","req":{"method":"GET","url":"/api/v1/workspace/meta","host":"127.0.0.1:6340","remoteAddress":"127.0.0.1","remotePort":49594},"msg":"incoming request"}
{"level":30,"time":1788996544068,"pid":122630,"hostname":"vps-15cf2c41","reqId":"req-2s","res":{"statusCode":200},"responseTime":5.689591999995173,"msg":"request completed"}
{"level":30,"time":1788996544088,"pid":122630,"hostname":"vps-15cf2c41","reqId":"req-2q","res":{"statusCode":200},"responseTime":40.55385299999034,"msg":"request completed"}
{"level":30,"time":1788996544095,"pid":122630,"hostname":"vps-15cf2c41","reqId":"req-2r","res":{"statusCode":200},"responseTime":44.447841999994125,"msg":"request completed"}
{"level":30,"time":1788996544167,"pid":122630,"hostname":"vps-15cf2c41","reqId":"req-2t","req":{"method":"GET","url":"/api/v1/agents/alpha/sessions/scripted-2/state","host":"127.0.0.1:6340","remoteAddress":"127.0.0.1","remotePort":49600},"msg":"incoming request"}
{"level":30,"time":1788996544197,"pid":122630,"hostname":"vps-15cf2c41","reqId":"req-2t","res":{"statusCode":200},"responseTime":29.992597999997088,"msg":"request completed"}
[2026-09-09T23:29:04.207Z WARN  chromiumoxide::handler] WS Invalid message: data did not match any variant of untagged enum Message
00:04.443 Clicking <button> (x: 526.0, y: 321.5, content: "Commands")
{"level":30,"time":1788996544516,"pid":122630,"hostname":"vps-15cf2c41","reqId":"req-2u","req":{"method":"GET","url":"/api/v1/agents/alpha/models","host":"127.0.0.1:6340","remoteAddress":"127.0.0.1","remotePort":49614},"msg":"incoming request"}
[2026-09-09T23:29:04.517Z WARN  chromiumoxide::handler] WS Invalid message: data did not match any variant of untagged enum Message
{"level":30,"time":1788996544522,"pid":122630,"hostname":"vps-15cf2c41","reqId":"req-2v","req":{"method":"GET","url":"/api/v1/agents/alpha/sessions/scripted-2/events?cursor=0","host":"127.0.0.1:6340","remoteAddress":"127.0.0.1","remotePort":49628},"msg":"incoming request"}
[2026-09-09T23:29:04.525Z WARN  chromiumoxide::handler] WS Invalid message: data did not match any variant of untagged enum Message
{"level":30,"time":1788996544539,"pid":122630,"hostname":"vps-15cf2c41","reqId":"req-2u","res":{"statusCode":200},"responseTime":22.513349000000744,"msg":"request completed"}
00:04.753 Typing > (delay: 0ms)
00:04.891 Typing no-matching-fixture-command (delay: 0ms)
00:06.130 Typing > (delay: 0ms)
00:06.309 Waiting
00:06.614 Pressing Escape (code: 27)
00:06.851 Waiting
00:06.958 Waiting
00:07.257 Waiting
00:07.561 Waiting
00:07.862 Clicking <button> (x: 137.5, y: 82.0, content: "Search⌘K")
00:08.180 Typing > (delay: 0ms)
00:08.425 Typing no-matching-fixture-command (delay: 0ms)
00:09.565 Pressing Escape (code: 27)
00:09.817 Waiting
00:09.922 Waiting
00:10.228 Clicking <button> (x: 137.5, y: 82.0, content: "Search⌘K")
00:11.093 Pressing Escape (code: 27)
00:11.560 Waiting
00:11.926 Clicking <button> (x: 137.5, y: 82.0, content: "Search⌘K")
00:12.397 Clicking <button> (x: 526.0, y: 379.5, content: "Commands")
00:12.740 Typing no-matching-fixture-command (delay: 0ms)
00:13.951 Waiting
00:14.266 Waiting
00:14.514 Typing > (delay: 0ms)
00:14.695 Typing no-matching-fixture-command (delay: 0ms)
00:16.130 Pressing Escape (code: 27)
00:16.450 Clicking <button> (x: 137.5, y: 82.0, content: "Search⌘K")
00:16.793 Typing no-matching-fixture-command (delay: 0ms)
00:18.071 Typing > (delay: 0ms)
00:18.248 Typing no-matching-fixture-command (delay: 0ms)
00:19.628 Typing > (delay: 0ms)
00:19.814 Typing no-matching-fixture-command (delay: 0ms)
00:20.903 Waiting
00:21.002 Clicking <button> (x: 526.0, y: 377.5, content: "Commands")

Test finished after time limit!

Inspect the test results using:

  bombadil browser inspect /dev/shm/cpr-2ce/boring-ui-review-run.WYI7nL/explore-desktop.LkiAOy

Reproduce this test using:

  bombadil browser test http://127.0.0.1:6330/?fresh=1 <sandbox-root>/tools/ui-review/src/review-specs/workspace-command-palette/bombadil.spec.ts --width 1440 --height 900 --headless --no-sandbox --reproduce /dev/shm/cpr-2ce/boring-ui-review-run.WYI7nL/explore-desktop.LkiAOy

{"level":30,"time":1788996561073,"pid":122630,"hostname":"vps-15cf2c41","reqId":"req-2v","res":{"statusCode":200},"msg":"stream closed prematurely"}
[2026-09-09T23:29:29.143Z WARN  chromiumoxide::handler] WS Invalid message: data did not match any variant of untagged enum Message
[2026-09-09T23:29:29.152Z WARN  chromiumoxide::handler] WS Invalid message: data did not match any variant of untagged enum Message
[2026-09-09T23:29:29.152Z WARN  chromiumoxide::handler] WS Invalid message: data did not match any variant of untagged enum Message
[2026-09-09T23:29:29.174Z WARN  chromiumoxide::handler] WS Invalid message: data did not match any variant of untagged enum Message
[2026-09-09T23:29:29.283Z WARN  chromiumoxide::handler] WS Invalid message: data did not match any variant of untagged enum Message
[2026-09-09T23:29:29.296Z WARN  chromiumoxide::handler] WS Invalid message: data did not match any variant of untagged enum Message
[2026-09-09T23:29:29.297Z WARN  chromiumoxide::handler] WS Invalid message: data did not match any variant of untagged enum Message
[2026-09-09T23:29:29.298Z WARN  chromiumoxide::handler] WS Invalid message: data did not match any variant of untagged enum Message
[2026-09-09T23:29:29.298Z WARN  chromiumoxide::handler] WS Invalid message: data did not match any variant of untagged enum Message
[2026-09-09T23:29:29.298Z WARN  chromiumoxide::handler] WS Invalid message: data did not match any variant of untagged enum Message
[2026-09-09T23:29:29.298Z WARN  chromiumoxide::handler] WS Invalid message: data did not match any variant of untagged enum Message
[2026-09-09T23:29:29.345Z WARN  chromiumoxide::handler] WS Invalid message: data did not match any variant of untagged enum Message
[2026-09-09T23:29:29.683Z WARN  chromiumoxide::handler] WS Invalid message: data did not match any variant of untagged enum Message
[2026-09-09T23:29:29.728Z WARN  chromiumoxide::handler] WS Invalid message: data did not match any variant of untagged enum Message
[2026-09-09T23:29:29.728Z WARN  chromiumoxide::handler] WS Invalid message: data did not match any variant of untagged enum Message
[2026-09-09T23:29:29.732Z WARN  chromiumoxide::handler] WS Invalid message: data did not match any variant of untagged enum Message
[2026-09-09T23:29:29.733Z WARN  chromiumoxide::handler] WS Invalid message: data did not match any variant of untagged enum Message
[2026-09-09T23:29:29.733Z WARN  chromiumoxide::handler] WS Invalid message: data did not match any variant of untagged enum Message
[2026-09-09T23:29:29.733Z WARN  chromiumoxide::handler] WS Invalid message: data did not match any variant of untagged enum Message
[2026-09-09T23:29:29.750Z WARN  chromiumoxide::handler] WS Invalid message: data did not match any variant of untagged enum Message
[2026-09-09T23:29:29.773Z WARN  chromiumoxide::handler] WS Invalid message: data did not match any variant of untagged enum Message
[2026-09-09T23:29:29.834Z WARN  chromiumoxide::handler] WS Invalid message: data did not match any variant of untagged enum Message
[2026-09-09T23:29:29.838Z WARN  chromiumoxide::handler] WS Invalid message: data did not match any variant of untagged enum Message
[2026-09-09T23:29:29.904Z WARN  chromiumoxide::handler] WS Invalid message: data did not match any variant of untagged enum Message
[2026-09-09T23:29:29.994Z WARN  chromiumoxide::handler] WS Invalid message: data did not match any variant of untagged enum Message
[2026-09-09T23:29:29.994Z WARN  chromiumoxide::handler] WS Invalid message: data did not match any variant of untagged enum Message
[2026-09-09T23:29:29.994Z WARN  chromiumoxide::handler] WS Invalid message: data did not match any variant of untagged enum Message
[2026-09-09T23:29:29.997Z WARN  chromiumoxide::handler] WS Invalid message: data did not match any variant of untagged enum Message
[2026-09-09T23:29:30.048Z WARN  chromiumoxide::handler] WS Invalid message: data did not match any variant of untagged enum Message
[2026-09-09T23:29:30.117Z WARN  chromiumoxide::handler] WS Invalid message: data did not match any variant of untagged enum Message
[2026-09-09T23:29:30.117Z WARN  chromiumoxide::handler] WS Invalid message: data did not match any variant of untagged enum Message
[2026-09-09T23:29:30.117Z WARN  chromiumoxide::handler] WS Invalid message: data did not match any variant of untagged enum Message
[2026-09-09T23:29:30.117Z WARN  chromiumoxide::handler] WS Invalid message: data did not match any variant of untagged enum Message
[2026-09-09T23:29:30.117Z WARN  chromiumoxide::handler] WS Invalid message: data did not match any variant of untagged enum Message
[2026-09-09T23:29:30.118Z WARN  chromiumoxide::handler] WS Invalid message: data did not match any variant of untagged enum Message
[2026-09-09T23:29:30.129Z WARN  chromiumoxide::handler] WS Invalid message: data did not match any variant of untagged enum Message
[2026-09-09T23:29:30.130Z WARN  chromiumoxide::handler] WS Invalid message: data did not match any variant of untagged enum Message
[2026-09-09T23:29:30.151Z WARN  chromiumoxide::handler] WS Invalid message: data did not match any variant of untagged enum Message
[2026-09-09T23:29:30.151Z WARN  chromiumoxide::handler] WS Invalid message: data did not match any variant of untagged enum Message
[2026-09-09T23:29:30.192Z WARN  chromiumoxide::handler] WS Invalid message: data did not match any variant of untagged enum Message
[2026-09-09T23:29:30.192Z WARN  chromiumoxide::handler] WS Invalid message: data did not match any variant of untagged enum Message
[2026-09-09T23:29:30.197Z WARN  chromiumoxide::handler] WS Invalid message: data did not match any variant of untagged enum Message
[2026-09-09T23:29:30.198Z WARN  chromiumoxide::handler] WS Invalid message: data did not match any variant of untagged enum Message
[2026-09-09T23:29:30.213Z WARN  chromiumoxide::handler] WS Invalid message: data did not match any variant of untagged enum Message
[2026-09-09T23:29:30.215Z WARN  chromiumoxide::handler] WS Invalid message: data did not match any variant of untagged enum Message
[2026-09-09T23:29:30.234Z WARN  chromiumoxide::handler] WS Invalid message: data did not match any variant of untagged enum Message
[2026-09-09T23:29:30.243Z WARN  chromiumoxide::handler] WS Invalid message: data did not match any variant of untagged enum Message
[2026-09-09T23:29:30.292Z WARN  chromiumoxide::handler] WS Invalid message: data did not match any variant of untagged enum Message
[2026-09-09T23:29:30.292Z WARN  chromiumoxide::handler] WS Invalid message: data did not match any variant of untagged enum Message
[2026-09-09T23:29:30.293Z WARN  chromiumoxide::handler] WS Invalid message: data did not match any variant of untagged enum Message
[2026-09-09T23:29:30.293Z WARN  chromiumoxide::handler] WS Invalid message: data did not match any variant of untagged enum Message
[2026-09-09T23:29:30.297Z WARN  chromiumoxide::handler] WS Invalid message: data did not match any variant of untagged enum Message
[2026-09-09T23:29:30.494Z WARN  chromiumoxide::handler] WS Invalid message: data did not match any variant of untagged enum Message
[2026-09-09T23:29:30.494Z WARN  chromiumoxide::handler] WS Invalid message: data did not match any variant of untagged enum Message
[2026-09-09T23:29:30.494Z WARN  chromiumoxide::handler] WS Invalid message: data did not match any variant of untagged enum Message
[2026-09-09T23:29:30.494Z WARN  chromiumoxide::handler] WS Invalid message: data did not match any variant of untagged enum Message
[2026-09-09T23:29:30.519Z WARN  chromiumoxide::handler] WS Invalid message: data did not match any variant of untagged enum Message
[2026-09-09T23:29:30.523Z WARN  chromiumoxide::handler] WS Invalid message: data did not match any variant of untagged enum Message
[2026-09-09T23:29:30.533Z WARN  chromiumoxide::handler] WS Invalid message: data did not match any variant of untagged enum Message
[2026-09-09T23:29:30.780Z WARN  chromiumoxide::handler] WS Invalid message: data did not match any variant of untagged enum Message
[2026-09-09T23:29:30.847Z WARN  chromiumoxide::handler] WS Invalid message: data did not match any variant of untagged enum Message
[2026-09-09T23:29:30.847Z WARN  chromiumoxide::handler] WS Invalid message: data did not match any variant of untagged enum Message
[2026-09-09T23:29:30.847Z WARN  chromiumoxide::handler] WS Invalid message: data did not match any variant of untagged enum Message
[2026-09-09T23:29:30.850Z WARN  chromiumoxide::handler] WS Invalid message: data did not match any variant of untagged enum Message
[2026-09-09T23:29:30.865Z WARN  chromiumoxide::handler] WS Invalid message: data did not match any variant of untagged enum Message
[2026-09-09T23:29:30.877Z WARN  chromiumoxide::handler] WS Invalid message: data did not match any variant of untagged enum Message
[2026-09-09T23:29:30.879Z WARN  chromiumoxide::handler] WS Invalid message: data did not match any variant of untagged enum Message
[2026-09-09T23:29:30.879Z WARN  chromiumoxide::handler] WS Invalid message: data did not match any variant of untagged enum Message
[2026-09-09T23:29:30.879Z WARN  chromiumoxide::handler] WS Invalid message: data did not match any variant of untagged enum Message
[2026-09-09T23:29:30.879Z WARN  chromiumoxide::handler] WS Invalid message: data did not match any variant of untagged enum Message
[2026-09-09T23:29:30.903Z WARN  chromiumoxide::handler] WS Invalid message: data did not match any variant of untagged enum Message
[2026-09-09T23:29:30.904Z WARN  chromiumoxide::handler] WS Invalid message: data did not match any variant of untagged enum Message
[2026-09-09T23:29:30.904Z WARN  chromiumoxide::handler] WS Invalid message: data did not match any variant of untagged enum Message
[2026-09-09T23:29:30.907Z WARN  chromiumoxide::handler] WS Invalid message: data did not match any variant of untagged enum Message
[2026-09-09T23:29:30.908Z WARN  chromiumoxide::handler] WS Invalid message: data did not match any variant of untagged enum Message
[2026-09-09T23:29:30.908Z WARN  chromiumoxide::handler] WS Invalid message: data did not match any variant of untagged enum Message
[2026-09-09T23:29:30.935Z WARN  chromiumoxide::handler] WS Invalid message: data did not match any variant of untagged enum Message
[2026-09-09T23:29:30.935Z WARN  chromiumoxide::handler] WS Invalid message: data did not match any variant of untagged enum Message
[2026-09-09T23:29:30.935Z WARN  chromiumoxide::handler] WS Invalid message: data did not match any variant of untagged enum Message
[2026-09-09T23:29:30.935Z WARN  chromiumoxide::handler] WS Invalid message: data did not match any variant of untagged enum Message
[2026-09-09T23:29:30.935Z WARN  chromiumoxide::handler] WS Invalid message: data did not match any variant of untagged enum Message
[2026-09-09T23:29:30.935Z WARN  chromiumoxide::handler] WS Invalid message: data did not match any variant of untagged enum Message
[2026-09-09T23:29:31.017Z WARN  chromiumoxide::handler] WS Invalid message: data did not match any variant of untagged enum Message
[2026-09-09T23:29:31.021Z WARN  chromiumoxide::handler] WS Invalid message: data did not match any variant of untagged enum Message
[2026-09-09T23:29:31.021Z WARN  chromiumoxide::handler] WS Invalid message: data did not match any variant of untagged enum Message
[2026-09-09T23:29:31.034Z WARN  chromiumoxide::handler] WS Invalid message: data did not match any variant of untagged enum Message
[2026-09-09T23:29:31.035Z WARN  chromiumoxide::handler] WS Invalid message: data did not match any variant of untagged enum Message
[2026-09-09T23:29:31.035Z WARN  chromiumoxide::handler] WS Invalid message: data did not match any variant of untagged enum Message
[2026-09-09T23:29:31.062Z WARN  chromiumoxide::handler] WS Invalid message: data did not match any variant of untagged enum Message
[2026-09-09T23:29:31.062Z WARN  chromiumoxide::handler] WS Invalid message: data did not match any variant of untagged enum Message
[2026-09-09T23:29:31.072Z WARN  chromiumoxide::handler] WS Invalid message: data did not match any variant of untagged enum Message
[2026-09-09T23:29:31.078Z WARN  chromiumoxide::handler] WS Invalid message: data did not match any variant of untagged enum Message
[2026-09-09T23:29:31.084Z WARN  chromiumoxide::handler] WS Invalid message: data did not match any variant of untagged enum Message
[2026-09-09T23:29:31.098Z WARN  chromiumoxide::handler] WS Invalid message: data did not match any variant of untagged enum Message
[2026-09-09T23:29:31.100Z WARN  chromiumoxide::handler] WS Invalid message: data did not match any variant of untagged enum Message
[2026-09-09T23:29:31.100Z WARN  chromiumoxide::handler] WS Invalid message: data did not match any variant of untagged enum Message
[2026-09-09T23:29:31.143Z WARN  chromiumoxide::handler] WS Invalid message: data did not match any variant of untagged enum Message
[2026-09-09T23:29:31.150Z WARN  chromiumoxide::handler] WS Invalid message: data did not match any variant of untagged enum Message
[2026-09-09T23:29:31.157Z WARN  chromiumoxide::handler] WS Invalid message: data did not match any variant of untagged enum Message
[2026-09-09T23:29:31.157Z WARN  chromiumoxide::handler] WS Invalid message: data did not match any variant of untagged enum Message
[2026-09-09T23:29:31.158Z WARN  chromiumoxide::handler] WS Invalid message: data did not match any variant of untagged enum Message
[2026-09-09T23:29:31.191Z WARN  chromiumoxide::handler] WS Invalid message: data did not match any variant of untagged enum Message
[2026-09-09T23:29:31.194Z WARN  chromiumoxide::handler] WS Invalid message: data did not match any variant of untagged enum Message
[2026-09-09T23:29:31.194Z WARN  chromiumoxide::handler] WS Invalid message: data did not match any variant of untagged enum Message
[2026-09-09T23:29:31.197Z WARN  chromiumoxide::handler] WS Invalid message: data did not match any variant of untagged enum Message
[2026-09-09T23:29:31.198Z WARN  chromiumoxide::handler] WS Invalid message: data did not match any variant of untagged enum Message
[2026-09-09T23:29:31.200Z WARN  chromiumoxide::handler] WS Invalid message: data did not match any variant of untagged enum Message
[2026-09-09T23:29:31.388Z WARN  chromiumoxide::handler] WS Invalid message: data did not match any variant of untagged enum Message
[2026-09-09T23:29:31.388Z WARN  chromiumoxide::handler] WS Invalid message: data did not match any variant of untagged enum Message
[2026-09-09T23:29:31.388Z WARN  chromiumoxide::handler] WS Invalid message: data did not match any variant of untagged enum Message
[2026-09-09T23:29:31.388Z WARN  chromiumoxide::handler] WS Invalid message: data did not match any variant of untagged enum Message
[2026-09-09T23:29:31.388Z WARN  chromiumoxide::handler] WS Invalid message: data did not match any variant of untagged enum Message
[2026-09-09T23:29:31.388Z WARN  chromiumoxide::handler] WS Invalid message: data did not match any variant of untagged enum Message
[2026-09-09T23:29:31.388Z WARN  chromiumoxide::handler] WS Invalid message: data did not match any variant of untagged enum Message
[2026-09-09T23:29:31.394Z WARN  chromiumoxide::handler] WS Invalid message: data did not match any variant of untagged enum Message
[2026-09-09T23:29:31.397Z WARN  chromiumoxide::handler] WS Invalid message: data did not match any variant of untagged enum Message
[2026-09-09T23:29:31.398Z WARN  chromiumoxide::handler] WS Invalid message: data did not match any variant of untagged enum Message
[2026-09-09T23:29:31.398Z WARN  chromiumoxide::handler] WS Invalid message: data did not match any variant of untagged enum Message
[2026-09-09T23:29:31.398Z WARN  chromiumoxide::handler] WS Invalid message: data did not match any variant of untagged enum Message
[2026-09-09T23:29:31.399Z WARN  chromiumoxide::handler] WS Invalid message: data did not match any variant of untagged enum Message
[2026-09-09T23:29:31.399Z WARN  chromiumoxide::handler] WS Invalid message: data did not match any variant of untagged enum Message
[2026-09-09T23:29:31.409Z WARN  chromiumoxide::handler] WS Invalid message: data did not match any variant of untagged enum Message
[2026-09-09T23:29:31.409Z WARN  chromiumoxide::handler] WS Invalid message: data did not match any variant of untagged enum Message
[2026-09-09T23:29:31.804Z WARN  chromiumoxide::handler] WS Invalid message: data did not match any variant of untagged enum Message
[2026-09-09T23:29:31.804Z WARN  chromiumoxide::handler] WS Invalid message: data did not match any variant of untagged enum Message
[2026-09-09T23:29:32.126Z WARN  chromiumoxide::handler] WS Invalid message: data did not match any variant of untagged enum Message
[2026-09-09T23:29:32.126Z WARN  chromiumoxide::handler] WS Invalid message: data did not match any variant of untagged enum Message
[2026-09-09T23:29:32.126Z WARN  chromiumoxide::handler] WS Invalid message: data did not match any variant of untagged enum Message
[2026-09-09T23:29:32.126Z WARN  chromiumoxide::handler] WS Invalid message: data did not match any variant of untagged enum Message
[2026-09-09T23:29:32.127Z WARN  chromiumoxide::handler] WS Invalid message: data did not match any variant of untagged enum Message
[2026-09-09T23:29:32.131Z WARN  chromiumoxide::handler] WS Invalid message: data did not match any variant of untagged enum Message
[2026-09-09T23:29:32.132Z WARN  chromiumoxide::handler] WS Invalid message: data did not match any variant of untagged enum Message
[2026-09-09T23:29:32.132Z WARN  chromiumoxide::handler] WS Invalid message: data did not match any variant of untagged enum Message
[2026-09-09T23:29:32.132Z WARN  chromiumoxide::handler] WS Invalid message: data did not match any variant of untagged enum Message
[2026-09-09T23:29:32.132Z WARN  chromiumoxide::handler] WS Invalid message: data did not match any variant of untagged enum Message
[2026-09-09T23:29:32.450Z WARN  chromiumoxide::handler] WS Invalid message: data did not match any variant of untagged enum Message
[2026-09-09T23:29:32.450Z WARN  chromiumoxide::handler] WS Invalid message: data did not match any variant of untagged enum Message
[2026-09-09T23:29:32.450Z WARN  chromiumoxide::handler] WS Invalid message: data did not match any variant of untagged enum Message
[2026-09-09T23:29:32.456Z WARN  chromiumoxide::handler] WS Invalid message: data did not match any variant of untagged enum Message
[2026-09-09T23:29:32.456Z WARN  chromiumoxide::handler] WS Invalid message: data did not match any variant of untagged enum Message
[2026-09-09T23:29:32.456Z WARN  chromiumoxide::handler] WS Invalid message: data did not match any variant of untagged enum Message
[2026-09-09T23:29:32.550Z WARN  chromiumoxide::handler] WS Invalid message: data did not match any variant of untagged enum Message
[2026-09-09T23:29:32.550Z WARN  chromiumoxide::handler] WS Invalid message: data did not match any variant of untagged enum Message
[2026-09-09T23:29:32.553Z WARN  chromiumoxide::handler] WS Invalid message: data did not match any variant of untagged enum Message
[2026-09-09T23:29:32.553Z WARN  chromiumoxide::handler] WS Invalid message: data did not match any variant of untagged enum Message
[2026-09-09T23:29:32.553Z WARN  chromiumoxide::handler] WS Invalid message: data did not match any variant of untagged enum Message
[2026-09-09T23:29:32.699Z WARN  chromiumoxide::handler] WS Invalid message: data did not match any variant of untagged enum Message
[2026-09-09T23:29:32.699Z WARN  chromiumoxide::handler] WS Invalid message: data did not match any variant of untagged enum Message
[2026-09-09T23:29:32.699Z WARN  chromiumoxide::handler] WS Invalid message: data did not match any variant of untagged enum Message
[2026-09-09T23:29:32.909Z WARN  chromiumoxide::handler] WS Invalid message: data did not match any variant of untagged enum Message
[2026-09-09T23:29:32.935Z WARN  chromiumoxide::handler] WS Invalid message: data did not match any variant of untagged enum Message
[2026-09-09T23:29:32.946Z WARN  chromiumoxide::handler] WS Invalid message: data did not match any variant of untagged enum Message
[2026-09-09T23:29:33.144Z WARN  chromiumoxide::handler] WS Invalid message: data did not match any variant of untagged enum Message
[2026-09-09T23:29:33.161Z WARN  chromiumoxide::handler] WS Invalid message: data did not match any variant of untagged enum Message
[2026-09-09T23:29:33.162Z WARN  chromiumoxide::handler] WS Invalid message: data did not match any variant of untagged enum Message
[2026-09-09T23:29:33.163Z WARN  chromiumoxide::handler] WS Invalid message: data did not match any variant of untagged enum Message
[2026-09-09T23:29:33.180Z WARN  chromiumoxide::handler] WS Invalid message: data did not match any variant of untagged enum Message
[2026-09-09T23:29:33.180Z WARN  chromiumoxide::handler] WS Invalid message: data did not match any variant of untagged enum Message
[2026-09-09T23:29:33.180Z WARN  chromiumoxide::handler] WS Invalid message: data did not match any variant of untagged enum Message
[2026-09-09T23:29:33.197Z WARN  chromiumoxide::handler] WS Invalid message: data did not match any variant of untagged enum Message
[2026-09-09T23:29:33.197Z WARN  chromiumoxide::handler] WS Invalid message: data did not match any variant of untagged enum Message
[2026-09-09T23:29:33.220Z WARN  chromiumoxide::handler] WS Invalid message: data did not match any variant of untagged enum Message
[2026-09-09T23:29:33.221Z WARN  chromiumoxide::handler] WS Invalid message: data did not match any variant of untagged enum Message
[2026-09-09T23:29:33.563Z WARN  chromiumoxide::handler] WS Invalid message: data did not match any variant of untagged enum Message
[2026-09-09T23:29:33.582Z WARN  chromiumoxide::handler] WS Invalid message: data did not match any variant of untagged enum Message
[2026-09-09T23:29:33.583Z WARN  chromiumoxide::handler] WS Invalid message: data did not match any variant of untagged enum Message
[2026-09-09T23:29:33.583Z WARN  chromiumoxide::handler] WS Invalid message: data did not match any variant of untagged enum Message
[2026-09-09T23:29:33.584Z WARN  chromiumoxide::handler] WS Invalid message: data did not match any variant of untagged enum Message
[2026-09-09T23:29:33.585Z WARN  chromiumoxide::handler] WS Invalid message: data did not match any variant of untagged enum Message
[2026-09-09T23:29:33.593Z WARN  chromiumoxide::handler] WS Invalid message: data did not match any variant of untagged enum Message
[2026-09-09T23:29:33.593Z WARN  chromiumoxide::handler] WS Invalid message: data did not match any variant of untagged enum Message
[2026-09-09T23:29:33.603Z WARN  chromiumoxide::handler] WS Invalid message: data did not match any variant of untagged enum Message
[2026-09-09T23:29:33.604Z WARN  chromiumoxide::handler] WS Invalid message: data did not match any variant of untagged enum Message
[2026-09-09T23:29:33.615Z WARN  chromiumoxide::handler] WS Invalid message: data did not match any variant of untagged enum Message
[2026-09-09T23:29:33.615Z WARN  chromiumoxide::handler] WS Invalid message: data did not match any variant of untagged enum Message
[2026-09-09T23:29:33.615Z WARN  chromiumoxide::handler] WS Invalid message: data did not match any variant of untagged enum Message
[2026-09-09T23:29:33.615Z WARN  chromiumoxide::handler] WS Invalid message: data did not match any variant of untagged enum Message
[2026-09-09T23:29:33.629Z WARN  chromiumoxide::handler] WS Invalid message: data did not match any variant of untagged enum Message
[2026-09-09T23:29:33.677Z WARN  chromiumoxide::handler] WS Invalid message: data did not match any variant of untagged enum Message
[2026-09-09T23:29:33.712Z WARN  chromiumoxide::handler] WS Invalid message: data did not match any variant of untagged enum Message
[2026-09-09T23:29:33.712Z WARN  chromiumoxide::handler] WS Invalid message: data did not match any variant of untagged enum Message
[2026-09-09T23:29:33.837Z WARN  chromiumoxide::handler] WS Invalid message: data did not match any variant of untagged enum Message
[2026-09-09T23:29:33.894Z WARN  chromiumoxide::handler] WS Invalid message: data did not match any variant of untagged enum Message
[2026-09-09T23:29:35.169Z WARN  chromiumoxide::handler] WS Invalid message: data did not match any variant of untagged enum Message
[2026-09-09T23:29:35.965Z WARN  chromiumoxide::handler] WS Invalid message: data did not match any variant of untagged enum Message
[2026-09-09T23:29:35.965Z WARN  chromiumoxide::handler] WS Invalid message: data did not match any variant of untagged enum Message
[2026-09-09T23:29:38.255Z WARN  chromiumoxide::handler] WS Invalid message: data did not match any variant of untagged enum Message
[2026-09-09T23:29:38.255Z WARN  chromiumoxide::handler] WS Invalid message: data did not match any variant of untagged enum Message
[2026-09-09T23:29:38.256Z WARN  chromiumoxide::handler] WS Invalid message: data did not match any variant of untagged enum Message
{"level":30,"time":1788996578455,"pid":122630,"hostname":"vps-15cf2c41","reqId":"req-2w","req":{"method":"GET","url":"/api/v1/workspace/meta","host":"127.0.0.1:6340","remoteAddress":"127.0.0.1","remotePort":40326},"msg":"incoming request"}
{"level":30,"time":1788996578457,"pid":122630,"hostname":"vps-15cf2c41","reqId":"req-2w","res":{"statusCode":200},"responseTime":1.2789900000061607,"msg":"request completed"}
{"level":30,"time":1788996578461,"pid":122630,"hostname":"vps-15cf2c41","reqId":"req-2x","req":{"method":"GET","url":"/api/v1/workspace/meta","host":"127.0.0.1:6340","remoteAddress":"127.0.0.1","remotePort":40338},"msg":"incoming request"}
[2026-09-09T23:29:38.460Z WARN  chromiumoxide::handler] WS Invalid message: data did not match any variant of untagged enum Message
[2026-09-09T23:29:38.460Z WARN  chromiumoxide::handler] WS Invalid message: data did not match any variant of untagged enum Message
[2026-09-09T23:29:38.460Z WARN  chromiumoxide::handler] WS Invalid message: data did not match any variant of untagged enum Message
[2026-09-09T23:29:38.461Z WARN  chromiumoxide::handler] WS Invalid message: data did not match any variant of untagged enum Message
{"level":30,"time":1788996578462,"pid":122630,"hostname":"vps-15cf2c41","reqId":"req-2x","res":{"statusCode":200},"responseTime":0.42766600000322796,"msg":"request completed"}
[2026-09-09T23:29:38.617Z WARN  chromiumoxide::handler] WS Invalid message: data did not match any variant of untagged enum Message
{"level":30,"time":1788996578618,"pid":122630,"hostname":"vps-15cf2c41","reqId":"req-2y","req":{"method":"GET","url":"/api/v1/tree?path=.","host":"127.0.0.1:6340","remoteAddress":"127.0.0.1","remotePort":40354},"msg":"incoming request"}
[2026-09-09T23:29:38.625Z WARN  chromiumoxide::handler] WS Invalid message: data did not match any variant of untagged enum Message
{"level":30,"time":1788996578628,"pid":122630,"hostname":"vps-15cf2c41","reqId":"req-2y","res":{"statusCode":200},"responseTime":9.384477999992669,"msg":"request completed"}
{"level":30,"time":1788996578633,"pid":122630,"hostname":"vps-15cf2c41","reqId":"req-2z","req":{"method":"PUT","url":"/api/v1/ui/state","host":"127.0.0.1:6340","remoteAddress":"127.0.0.1","remotePort":40364},"msg":"incoming request"}
{"level":30,"time":1788996578636,"pid":122630,"hostname":"vps-15cf2c41","reqId":"req-2z","res":{"statusCode":204},"responseTime":2.297395999994478,"msg":"request completed"}
[2026-09-09T23:29:38.644Z WARN  chromiumoxide::handler] WS Invalid message: data did not match any variant of untagged enum Message
[2026-09-09T23:29:38.645Z WARN  chromiumoxide::handler] WS Invalid message: data did not match any variant of untagged enum Message
{"level":30,"time":1788996578647,"pid":122630,"hostname":"vps-15cf2c41","reqId":"req-30","req":{"method":"GET","url":"/api/v1/filesystems","host":"127.0.0.1:6340","remoteAddress":"127.0.0.1","remotePort":40372},"msg":"incoming request"}
{"level":30,"time":1788996578649,"pid":122630,"hostname":"vps-15cf2c41","reqId":"req-30","res":{"statusCode":200},"responseTime":1.2132280000078026,"msg":"request completed"}
{"level":30,"time":1788996578650,"pid":122630,"hostname":"vps-15cf2c41","reqId":"req-31","req":{"method":"GET","url":"/api/v1/agents","host":"127.0.0.1:6340","remoteAddress":"127.0.0.1","remotePort":40386},"msg":"incoming request"}
{"level":30,"time":1788996578651,"pid":122630,"hostname":"vps-15cf2c41","reqId":"req-31","res":{"statusCode":200},"responseTime":0.8017260000051465,"msg":"request completed"}
[2026-09-09T23:29:38.662Z WARN  chromiumoxide::handler] WS Invalid message: data did not match any variant of untagged enum Message
{"level":30,"time":1788996578664,"pid":122630,"hostname":"vps-15cf2c41","reqId":"req-32","req":{"method":"GET","url":"/api/v1/tree?path=.","host":"127.0.0.1:6340","remoteAddress":"127.0.0.1","remotePort":40402},"msg":"incoming request"}
[2026-09-09T23:29:38.666Z WARN  chromiumoxide::handler] WS Invalid message: data did not match any variant of untagged enum Message
{"level":30,"time":1788996578668,"pid":122630,"hostname":"vps-15cf2c41","reqId":"req-33","req":{"method":"PUT","url":"/api/v1/ui/state","host":"127.0.0.1:6340","remoteAddress":"127.0.0.1","remotePort":40414},"msg":"incoming request"}
[2026-09-09T23:29:38.668Z WARN  chromiumoxide::handler] WS Invalid message: data did not match any variant of untagged enum Message
{"level":30,"time":1788996578669,"pid":122630,"hostname":"vps-15cf2c41","reqId":"req-33","res":{"statusCode":204},"responseTime":0.9900840000045719,"msg":"request completed"}
{"level":30,"time":1788996578674,"pid":122630,"hostname":"vps-15cf2c41","reqId":"req-34","req":{"method":"GET","url":"/api/v1/filesystems","host":"127.0.0.1:6340","remoteAddress":"127.0.0.1","remotePort":40430},"msg":"incoming request"}
{"level":30,"time":1788996578675,"pid":122630,"hostname":"vps-15cf2c41","reqId":"req-34","res":{"statusCode":200},"responseTime":1.0509910000109812,"msg":"request completed"}
{"level":30,"time":1788996578679,"pid":122630,"hostname":"vps-15cf2c41","reqId":"req-32","res":{"statusCode":200},"responseTime":14.571339999994962,"msg":"request completed"}
00:00.000 Waiting
[2026-09-09T23:29:38.876Z WARN  chromiumoxide::handler] WS Invalid message: data did not match any variant of untagged enum Message
[2026-09-09T23:29:38.877Z WARN  chromiumoxide::handler] WS Invalid message: data did not match any variant of untagged enum Message
{"level":30,"time":1788996578879,"pid":122630,"hostname":"vps-15cf2c41","reqId":"req-35","req":{"method":"GET","url":"/api/v1/fs/events?workspaceId=workspace","host":"127.0.0.1:6340","remoteAddress":"127.0.0.1","remotePort":40436},"msg":"incoming request"}
[2026-09-09T23:29:38.881Z WARN  chromiumoxide::handler] WS Invalid message: data did not match any variant of untagged enum Message
{"level":30,"time":1788996578883,"pid":122630,"hostname":"vps-15cf2c41","reqId":"req-36","req":{"method":"GET","url":"/api/v1/ui/state","host":"127.0.0.1:6340","remoteAddress":"127.0.0.1","remotePort":40450},"msg":"incoming request"}
{"level":30,"time":1788996578884,"pid":122630,"hostname":"vps-15cf2c41","reqId":"req-36","res":{"statusCode":200},"responseTime":0.6329529999929946,"msg":"request completed"}
{"level":30,"time":1788996578886,"pid":122630,"hostname":"vps-15cf2c41","reqId":"req-37","req":{"method":"GET","url":"/api/v1/ui/commands/next?workspaceId=workspace","host":"127.0.0.1:6340","remoteAddress":"127.0.0.1","remotePort":40458},"msg":"incoming request"}
[2026-09-09T23:29:38.960Z WARN  chromiumoxide::handler] WS Invalid message: data did not match any variant of untagged enum Message
[2026-09-09T23:29:38.961Z WARN  chromiumoxide::handler] WS Invalid message: data did not match any variant of untagged enum Message
{"level":30,"time":1788996578962,"pid":122630,"hostname":"vps-15cf2c41","reqId":"req-38","req":{"method":"GET","url":"/api/v1/agents/alpha/sessions?limit=50&archived=active","host":"127.0.0.1:6340","remoteAddress":"127.0.0.1","remotePort":40462},"msg":"incoming request"}
{"level":30,"time":1788996578966,"pid":122630,"hostname":"vps-15cf2c41","reqId":"req-39","req":{"method":"GET","url":"/api/v1/tree?path=.","host":"127.0.0.1:6340","remoteAddress":"127.0.0.1","remotePort":40474},"msg":"incoming request"}
[2026-09-09T23:29:38.967Z WARN  chromiumoxide::handler] WS Invalid message: data did not match any variant of untagged enum Message
{"level":30,"time":1788996578969,"pid":122630,"hostname":"vps-15cf2c41","reqId":"req-3a","req":{"method":"GET","url":"/api/v1/agents/alpha/ready-status","host":"127.0.0.1:6340","remoteAddress":"127.0.0.1","remotePort":40490},"msg":"incoming request"}
{"level":30,"time":1788996578975,"pid":122630,"hostname":"vps-15cf2c41","reqId":"req-39","res":{"statusCode":200},"responseTime":8.186776000002283,"msg":"request completed"}
{"level":30,"time":1788996578984,"pid":122630,"hostname":"vps-15cf2c41","reqId":"req-3b","req":{"method":"GET","url":"/api/v1/tree?path=.","host":"127.0.0.1:6340","remoteAddress":"127.0.0.1","remotePort":40504},"msg":"incoming request"}
{"level":30,"time":1788996578990,"pid":122630,"hostname":"vps-15cf2c41","reqId":"req-3b","res":{"statusCode":200},"responseTime":5.380331000007573,"msg":"request completed"}
[2026-09-09T23:29:38.993Z WARN  chromiumoxide::handler] WS Invalid message: data did not match any variant of untagged enum Message
{"level":30,"time":1788996579000,"pid":122630,"hostname":"vps-15cf2c41","reqId":"req-38","res":{"statusCode":200},"responseTime":37.59674900000391,"msg":"request completed"}
{"level":30,"time":1788996579002,"pid":122630,"hostname":"vps-15cf2c41","reqId":"req-3a","res":{"statusCode":200},"responseTime":32.848320000004605,"msg":"request completed"}
{"level":30,"time":1788996579029,"pid":122630,"hostname":"vps-15cf2c41","reqId":"req-3c","req":{"method":"GET","url":"/api/v1/agents/alpha/sessions?limit=50&archived=active","host":"127.0.0.1:6340","remoteAddress":"127.0.0.1","remotePort":40506},"msg":"incoming request"}
{"level":30,"time":1788996579033,"pid":122630,"hostname":"vps-15cf2c41","reqId":"req-3d","req":{"method":"GET","url":"/api/v1/agents/alpha/ready-status","host":"127.0.0.1:6340","remoteAddress":"127.0.0.1","remotePort":40520},"msg":"incoming request"}
[2026-09-09T23:29:39.042Z WARN  chromiumoxide::handler] WS Invalid message: data did not match any variant of untagged enum Message
[2026-09-09T23:29:39.042Z WARN  chromiumoxide::handler] WS Invalid message: data did not match any variant of untagged enum Message
{"level":30,"time":1788996579070,"pid":122630,"hostname":"vps-15cf2c41","reqId":"req-3d","res":{"statusCode":200},"responseTime":36.76961100001063,"msg":"request completed"}
{"level":30,"time":1788996579071,"pid":122630,"hostname":"vps-15cf2c41","reqId":"req-3c","res":{"statusCode":200},"responseTime":41.41499400000612,"msg":"request completed"}
00:00.323 Waiting
[2026-09-09T23:29:39.204Z WARN  chromiumoxide::handler] WS Invalid message: data did not match any variant of untagged enum Message
{"level":30,"time":1788996579206,"pid":122630,"hostname":"vps-15cf2c41","reqId":"req-3e","req":{"method":"GET","url":"/api/v1/ui/state","host":"127.0.0.1:6340","remoteAddress":"127.0.0.1","remotePort":40536},"msg":"incoming request"}
{"level":30,"time":1788996579208,"pid":122630,"hostname":"vps-15cf2c41","reqId":"req-3e","res":{"statusCode":200},"responseTime":1.0561559999914607,"msg":"request completed"}
00:00.483 Clicking <button> (x: 28.0, y: 30.0)
{"level":30,"time":1788996579420,"pid":122630,"hostname":"vps-15cf2c41","reqId":"req-3f","req":{"method":"POST","url":"/api/v1/workspace-bridge/call","host":"127.0.0.1:6340","remoteAddress":"127.0.0.1","remotePort":40546},"msg":"incoming request"}
[2026-09-09T23:29:39.422Z WARN  chromiumoxide::handler] WS Invalid message: data did not match any variant of untagged enum Message
{"level":30,"time":1788996579422,"pid":122630,"hostname":"vps-15cf2c41","reqId":"req-3f","res":{"statusCode":200},"responseTime":1.653623999998672,"msg":"request completed"}
[2026-09-09T23:29:39.588Z WARN  chromiumoxide::handler] WS Invalid message: data did not match any variant of untagged enum Message
{"level":30,"time":1788996579590,"pid":122630,"hostname":"vps-15cf2c41","reqId":"req-3g","req":{"method":"GET","url":"/api/v1/agents/alpha/sessions?limit=50&archived=archived","host":"127.0.0.1:6340","remoteAddress":"127.0.0.1","remotePort":40548},"msg":"incoming request"}
{"level":30,"time":1788996579634,"pid":122630,"hostname":"vps-15cf2c41","reqId":"req-3g","res":{"statusCode":200},"responseTime":43.819392999997945,"msg":"request completed"}
[2026-09-09T23:29:39.795Z WARN  chromiumoxide::handler] WS Invalid message: data did not match any variant of untagged enum Message
[2026-09-09T23:29:39.795Z WARN  chromiumoxide::handler] WS Invalid message: data did not match any variant of untagged enum Message
{"level":30,"time":1788996579803,"pid":122630,"hostname":"vps-15cf2c41","reqId":"req-3h","req":{"method":"GET","url":"/api/v1/agents/session-activity/events?workspaceId=workspace","host":"127.0.0.1:6340","remoteAddress":"127.0.0.1","remotePort":40558},"msg":"incoming request"}
00:01.066 Waiting
00:01.301 Waiting
00:01.594 Waiting
00:01.850 Clicking <button> (x: 166.7, y: 82.0, content: "Search⌘K")
00:02.141 Typing no-matching-fixture-command (delay: 0ms)
[2026-09-09T23:29:41.591Z WARN  chromiumoxide::handler] WS Invalid message: data did not match any variant of untagged enum Message
{"level":30,"time":1788996581594,"pid":122630,"hostname":"vps-15cf2c41","reqId":"req-3i","req":{"method":"POST","url":"/api/v1/agents/alpha/sessions","host":"127.0.0.1:6340","remoteAddress":"127.0.0.1","remotePort":40570},"msg":"incoming request"}
{"level":30,"time":1788996581621,"pid":122630,"hostname":"vps-15cf2c41","reqId":"req-3i","res":{"statusCode":201},"responseTime":26.479667000006884,"msg":"request completed"}
[2026-09-09T23:29:41.663Z WARN  chromiumoxide::handler] WS Invalid message: data did not match any variant of untagged enum Message
{"level":30,"time":1788996581665,"pid":122630,"hostname":"vps-15cf2c41","reqId":"req-3j","req":{"method":"GET","url":"/api/v1/agents/alpha/sessions?limit=50&archived=active","host":"127.0.0.1:6340","remoteAddress":"127.0.0.1","remotePort":40572},"msg":"incoming request"}
{"level":30,"time":1788996581690,"pid":122630,"hostname":"vps-15cf2c41","reqId":"req-3j","res":{"statusCode":200},"responseTime":24.67594200000167,"msg":"request completed"}
[2026-09-09T23:29:41.761Z WARN  chromiumoxide::handler] WS Invalid message: data did not match any variant of untagged enum Message
[2026-09-09T23:29:41.763Z WARN  chromiumoxide::handler] WS Invalid message: data did not match any variant of untagged enum Message
{"level":30,"time":1788996581763,"pid":122630,"hostname":"vps-15cf2c41","reqId":"req-3k","req":{"method":"GET","url":"/api/v1/ui/state","host":"127.0.0.1:6340","remoteAddress":"127.0.0.1","remotePort":40578},"msg":"incoming request"}
{"level":30,"time":1788996581765,"pid":122630,"hostname":"vps-15cf2c41","reqId":"req-3k","res":{"statusCode":200},"responseTime":1.2251039999973727,"msg":"request completed"}
{"level":30,"time":1788996581767,"pid":122630,"hostname":"vps-15cf2c41","reqId":"req-3l","req":{"method":"GET","url":"/api/v1/agents/alpha/sessions?limit=50&archived=archived","host":"127.0.0.1:6340","remoteAddress":"127.0.0.1","remotePort":40586},"msg":"incoming request"}
{"level":30,"time":1788996581779,"pid":122630,"hostname":"vps-15cf2c41","reqId":"req-3l","res":{"statusCode":200},"responseTime":12.15909700001066,"msg":"request completed"}
[2026-09-09T23:29:41.869Z WARN  chromiumoxide::handler] WS Invalid message: data did not match any variant of untagged enum Message
{"level":30,"time":1788996581879,"pid":122630,"hostname":"vps-15cf2c41","reqId":"req-3m","req":{"method":"POST","url":"/api/v1/workspace-bridge/call","host":"127.0.0.1:6340","remoteAddress":"127.0.0.1","remotePort":40588},"msg":"incoming request"}
{"level":30,"time":1788996581881,"pid":122630,"hostname":"vps-15cf2c41","reqId":"req-3m","res":{"statusCode":200},"responseTime":2.0194979999942007,"msg":"request completed"}
[2026-09-09T23:29:42.126Z WARN  chromiumoxide::handler] WS Invalid message: data did not match any variant of untagged enum Message
[2026-09-09T23:29:42.126Z WARN  chromiumoxide::handler] WS Invalid message: data did not match any variant of untagged enum Message
[2026-09-09T23:29:42.126Z WARN  chromiumoxide::handler] WS Invalid message: data did not match any variant of untagged enum Message
{"level":30,"time":1788996582129,"pid":122630,"hostname":"vps-15cf2c41","reqId":"req-3n","req":{"method":"GET","url":"/api/v1/agents/alpha/models","host":"127.0.0.1:6340","remoteAddress":"127.0.0.1","remotePort":40594},"msg":"incoming request"}
{"level":30,"time":1788996582134,"pid":122630,"hostname":"vps-15cf2c41","reqId":"req-3o","req":{"method":"GET","url":"/api/v1/agents/alpha/commands?sessionId=scripted-3","host":"127.0.0.1:6340","remoteAddress":"127.0.0.1","remotePort":40606},"msg":"incoming request"}
{"level":30,"time":1788996582137,"pid":122630,"hostname":"vps-15cf2c41","reqId":"req-3p","req":{"method":"GET","url":"/api/v1/workspace/meta","host":"127.0.0.1:6340","remoteAddress":"127.0.0.1","remotePort":40616},"msg":"incoming request"}
{"level":30,"time":1788996582140,"pid":122630,"hostname":"vps-15cf2c41","reqId":"req-3p","res":{"statusCode":200},"responseTime":2.7437879999924917,"msg":"request completed"}
[2026-09-09T23:29:42.151Z WARN  chromiumoxide::handler] WS Invalid message: data did not match any variant of untagged enum Message
{"level":30,"time":1788996582160,"pid":122630,"hostname":"vps-15cf2c41","reqId":"req-3n","res":{"statusCode":200},"responseTime":30.346195000005537,"msg":"request completed"}
[2026-09-09T23:29:42.168Z WARN  chromiumoxide::handler] WS Invalid message: data did not match any variant of untagged enum Message
{"level":30,"time":1788996582171,"pid":122630,"hostname":"vps-15cf2c41","reqId":"req-3q","req":{"method":"GET","url":"/api/v1/workspace/meta","host":"127.0.0.1:6340","remoteAddress":"127.0.0.1","remotePort":40632},"msg":"incoming request"}
{"level":30,"time":1788996582171,"pid":122630,"hostname":"vps-15cf2c41","reqId":"req-3q","res":{"statusCode":200},"responseTime":0.4899559999903431,"msg":"request completed"}
{"level":30,"time":1788996582175,"pid":122630,"hostname":"vps-15cf2c41","reqId":"req-3r","req":{"method":"GET","url":"/api/v1/agents/alpha/models","host":"127.0.0.1:6340","remoteAddress":"127.0.0.1","remotePort":40644},"msg":"incoming request"}
{"level":30,"time":1788996582182,"pid":122630,"hostname":"vps-15cf2c41","reqId":"req-3o","res":{"statusCode":200},"responseTime":47.04840800000238,"msg":"request completed"}
[2026-09-09T23:29:42.189Z WARN  chromiumoxide::handler] WS Invalid message: data did not match any variant of untagged enum Message
{"level":30,"time":1788996582194,"pid":122630,"hostname":"vps-15cf2c41","reqId":"req-3s","req":{"method":"GET","url":"/api/v1/agents/alpha/commands?sessionId=scripted-3","host":"127.0.0.1:6340","remoteAddress":"127.0.0.1","remotePort":40658},"msg":"incoming request"}
{"level":30,"time":1788996582211,"pid":122630,"hostname":"vps-15cf2c41","reqId":"req-3r","res":{"statusCode":200},"responseTime":35.09729099999822,"msg":"request completed"}
{"level":30,"time":1788996582238,"pid":122630,"hostname":"vps-15cf2c41","reqId":"req-3s","res":{"statusCode":200},"responseTime":44.13279699999839,"msg":"request completed"}
{"level":30,"time":1788996582277,"pid":122630,"hostname":"vps-15cf2c41","reqId":"req-3t","req":{"method":"GET","url":"/api/v1/agents/alpha/commands?sessionId=scripted-3","host":"127.0.0.1:6340","remoteAddress":"127.0.0.1","remotePort":40670},"msg":"incoming request"}
[2026-09-09T23:29:42.277Z WARN  chromiumoxide::handler] WS Invalid message: data did not match any variant of untagged enum Message
{"level":30,"time":1788996582294,"pid":122630,"hostname":"vps-15cf2c41","reqId":"req-3t","res":{"statusCode":200},"responseTime":16.536433000001125,"msg":"request completed"}
{"level":30,"time":1788996582321,"pid":122630,"hostname":"vps-15cf2c41","reqId":"req-3u","req":{"method":"GET","url":"/api/v1/agents/alpha/sessions/scripted-3/state","host":"127.0.0.1:6340","remoteAddress":"127.0.0.1","remotePort":40672},"msg":"incoming request"}
{"level":30,"time":1788996582344,"pid":122630,"hostname":"vps-15cf2c41","reqId":"req-3u","res":{"statusCode":200},"responseTime":22.97012499999255,"msg":"request completed"}
[2026-09-09T23:29:42.357Z WARN  chromiumoxide::handler] WS Invalid message: data did not match any variant of untagged enum Message
[2026-09-09T23:29:42.406Z WARN  chromiumoxide::handler] WS Invalid message: data did not match any variant of untagged enum Message
{"level":30,"time":1788996582408,"pid":122630,"hostname":"vps-15cf2c41","reqId":"req-3v","req":{"method":"GET","url":"/api/v1/agents/session-activity/events?workspaceId=workspace","host":"127.0.0.1:6340","remoteAddress":"127.0.0.1","remotePort":40686},"msg":"incoming request"}
{"level":30,"time":1788996582534,"pid":122630,"hostname":"vps-15cf2c41","reqId":"req-3w","req":{"method":"GET","url":"/api/v1/agents/alpha/models","host":"127.0.0.1:6340","remoteAddress":"127.0.0.1","remotePort":40690},"msg":"incoming request"}
[2026-09-09T23:29:42.538Z WARN  chromiumoxide::handler] WS Invalid message: data did not match any variant of untagged enum Message
[2026-09-09T23:29:42.544Z WARN  chromiumoxide::handler] WS Invalid message: data did not match any variant of untagged enum Message
{"level":30,"time":1788996582546,"pid":122630,"hostname":"vps-15cf2c41","reqId":"req-3w","res":{"statusCode":200},"responseTime":12.10482399999455,"msg":"request completed"}
{"level":30,"time":1788996582549,"pid":122630,"hostname":"vps-15cf2c41","reqId":"req-3x","req":{"method":"GET","url":"/api/v1/agents/alpha/sessions/scripted-3/events?cursor=0","host":"127.0.0.1:6340","remoteAddress":"127.0.0.1","remotePort":40698},"msg":"incoming request"}
00:04.032 Waiting
[2026-09-09T23:29:43.047Z WARN  chromiumoxide::handler] WS Invalid message: data did not match any variant of untagged enum Message
{"level":30,"time":1788996583049,"pid":122630,"hostname":"vps-15cf2c41","reqId":"req-3y","req":{"method":"PUT","url":"/api/v1/ui/state","host":"127.0.0.1:6340","remoteAddress":"127.0.0.1","remotePort":40712},"msg":"incoming request"}
{"level":30,"time":1788996583050,"pid":122630,"hostname":"vps-15cf2c41","reqId":"req-3y","res":{"statusCode":204},"responseTime":1.2293359999894165,"msg":"request completed"}
[2026-09-09T23:29:43.053Z WARN  chromiumoxide::handler] WS Invalid message: data did not match any variant of untagged enum Message
{"level":30,"time":1788996583055,"pid":122630,"hostname":"vps-15cf2c41","reqId":"req-3z","req":{"method":"GET","url":"/api/v1/agents/alpha/commands?sessionId=scripted-3","host":"127.0.0.1:6340","remoteAddress":"127.0.0.1","remotePort":40714},"msg":"incoming request"}
{"level":30,"time":1788996583066,"pid":122630,"hostname":"vps-15cf2c41","reqId":"req-3z","res":{"statusCode":200},"responseTime":10.829054000001634,"msg":"request completed"}
00:04.418 Typing > (delay: 0ms)
00:04.557 Clicking <button> (x: 303.7, y: 99.0, content: "Commands")
00:04.877 Typing > (delay: 0ms)
00:05.020 Typing no-matching-fixture-command (delay: 0ms)
00:06.114 Pressing Escape (code: 27)
00:06.298 Clicking <button> (x: 199.4, y: 23.5)
00:06.536 Typing no-matching-fixture-command (delay: 0ms)
00:07.394 Waiting
00:07.691 Typing > (delay: 0ms)
00:07.819 Waiting
00:08.123 Pressing Escape (code: 27)
00:08.429 Waiting
00:08.730 Clicking <button> (x: 199.4, y: 23.5)
00:09.051 Typing no-matching-fixture-command (delay: 0ms)
00:10.284 Typing > (delay: 0ms)
00:10.466 Pressing Escape (code: 27)
00:10.871 Waiting
00:11.727 Waiting
00:12.261 Waiting
00:12.574 Waiting
00:12.921 Waiting
00:13.250 Waiting
00:13.550 Waiting
00:13.859 Waiting
00:14.178 Clicking <button> (x: 199.4, y: 23.5)
00:14.566 Clicking <button> (x: 303.7, y: 99.0, content: "Commands")
00:14.913 Clicking <button> (x: 303.7, y: 99.0, content: "Commands")
00:15.055 Pressing Escape (code: 27)
00:15.359 Clicking <button> (x: 199.4, y: 23.5)
00:15.716 Clicking <button> (x: 303.7, y: 99.0, content: "Commands")
00:16.049 Typing no-matching-fixture-command (delay: 0ms)
00:17.033 Typing no-matching-fixture-command (delay: 0ms)
00:17.936 Pressing Escape (code: 27)
00:18.245 Waiting
00:18.675 Waiting
00:18.978 Clicking <button> (x: 199.4, y: 23.5)
00:19.460 Waiting

Test finished after time limit!

Inspect the test results using:

  bombadil browser inspect /dev/shm/cpr-2ce/boring-ui-review-run.WYI7nL/explore-mobile.NE4Wvv

Reproduce this test using:

  bombadil browser test http://127.0.0.1:6330/?fresh=1 <sandbox-root>/tools/ui-review/src/review-specs/workspace-command-palette/bombadil.spec.ts --width 390 --height 844 --headless --no-sandbox --reproduce /dev/shm/cpr-2ce/boring-ui-review-run.WYI7nL/explore-mobile.NE4Wvv

{"level":30,"time":1788996598643,"pid":122630,"hostname":"vps-15cf2c41","reqId":"req-3x","res":{"statusCode":200},"msg":"stream closed prematurely"}
[2026-09-09T23:30:04.727Z WARN  chromiumoxide::handler] WS Invalid message: data did not match any variant of untagged enum Message
[2026-09-09T23:30:04.738Z WARN  chromiumoxide::handler] WS Invalid message: data did not match any variant of untagged enum Message
[2026-09-09T23:30:04.740Z WARN  chromiumoxide::handler] WS Invalid message: data did not match any variant of untagged enum Message
[2026-09-09T23:30:04.762Z WARN  chromiumoxide::handler] WS Invalid message: data did not match any variant of untagged enum Message
[2026-09-09T23:30:04.929Z WARN  chromiumoxide::handler] WS Invalid message: data did not match any variant of untagged enum Message
[2026-09-09T23:30:04.939Z WARN  chromiumoxide::handler] WS Invalid message: data did not match any variant of untagged enum Message
[2026-09-09T23:30:04.940Z WARN  chromiumoxide::handler] WS Invalid message: data did not match any variant of untagged enum Message
[2026-09-09T23:30:04.940Z WARN  chromiumoxide::handler] WS Invalid message: data did not match any variant of untagged enum Message
[2026-09-09T23:30:04.941Z WARN  chromiumoxide::handler] WS Invalid message: data did not match any variant of untagged enum Message
[2026-09-09T23:30:04.943Z WARN  chromiumoxide::handler] WS Invalid message: data did not match any variant of untagged enum Message
[2026-09-09T23:30:04.946Z WARN  chromiumoxide::handler] WS Invalid message: data did not match any variant of untagged enum Message
[2026-09-09T23:30:04.950Z WARN  chromiumoxide::handler] WS Invalid message: data did not match any variant of untagged enum Message
[2026-09-09T23:30:05.044Z WARN  chromiumoxide::handler] WS Invalid message: data did not match any variant of untagged enum Message
[2026-09-09T23:30:05.502Z WARN  chromiumoxide::handler] WS Invalid message: data did not match any variant of untagged enum Message
[2026-09-09T23:30:05.511Z WARN  chromiumoxide::handler] WS Invalid message: data did not match any variant of untagged enum Message
[2026-09-09T23:30:05.511Z WARN  chromiumoxide::handler] WS Invalid message: data did not match any variant of untagged enum Message
[2026-09-09T23:30:05.511Z WARN  chromiumoxide::handler] WS Invalid message: data did not match any variant of untagged enum Message
[2026-09-09T23:30:05.511Z WARN  chromiumoxide::handler] WS Invalid message: data did not match any variant of untagged enum Message
[2026-09-09T23:30:05.511Z WARN  chromiumoxide::handler] WS Invalid message: data did not match any variant of untagged enum Message
[2026-09-09T23:30:05.558Z WARN  chromiumoxide::handler] WS Invalid message: data did not match any variant of untagged enum Message
[2026-09-09T23:30:05.606Z WARN  chromiumoxide::handler] WS Invalid message: data did not match any variant of untagged enum Message
[2026-09-09T23:30:05.769Z WARN  chromiumoxide::handler] WS Invalid message: data did not match any variant of untagged enum Message
[2026-09-09T23:30:05.906Z WARN  chromiumoxide::handler] WS Invalid message: data did not match any variant of untagged enum Message
[2026-09-09T23:30:05.960Z WARN  chromiumoxide::handler] WS Invalid message: data did not match any variant of untagged enum Message
[2026-09-09T23:30:06.052Z WARN  chromiumoxide::handler] WS Invalid message: data did not match any variant of untagged enum Message
[2026-09-09T23:30:06.052Z WARN  chromiumoxide::handler] WS Invalid message: data did not match any variant of untagged enum Message
[2026-09-09T23:30:06.055Z WARN  chromiumoxide::handler] WS Invalid message: data did not match any variant of untagged enum Message
[2026-09-09T23:30:06.055Z WARN  chromiumoxide::handler] WS Invalid message: data did not match any variant of untagged enum Message
[2026-09-09T23:30:06.055Z WARN  chromiumoxide::handler] WS Invalid message: data did not match any variant of untagged enum Message
[2026-09-09T23:30:06.094Z WARN  chromiumoxide::handler] WS Invalid message: data did not match any variant of untagged enum Message
[2026-09-09T23:30:06.179Z WARN  chromiumoxide::handler] WS Invalid message: data did not match any variant of untagged enum Message
[2026-09-09T23:30:06.202Z WARN  chromiumoxide::handler] WS Invalid message: data did not match any variant of untagged enum Message
[2026-09-09T23:30:06.206Z WARN  chromiumoxide::handler] WS Invalid message: data did not match any variant of untagged enum Message
[2026-09-09T23:30:06.206Z WARN  chromiumoxide::handler] WS Invalid message: data did not match any variant of untagged enum Message
[2026-09-09T23:30:06.207Z WARN  chromiumoxide::handler] WS Invalid message: data did not match any variant of untagged enum Message
[2026-09-09T23:30:06.213Z WARN  chromiumoxide::handler] WS Invalid message: data did not match any variant of untagged enum Message
[2026-09-09T23:30:06.286Z WARN  chromiumoxide::handler] WS Invalid message: data did not match any variant of untagged enum Message
[2026-09-09T23:30:06.286Z WARN  chromiumoxide::handler] WS Invalid message: data did not match any variant of untagged enum Message
[2026-09-09T23:30:06.286Z WARN  chromiumoxide::handler] WS Invalid message: data did not match any variant of untagged enum Message
[2026-09-09T23:30:06.286Z WARN  chromiumoxide::handler] WS Invalid message: data did not match any variant of untagged enum Message
[2026-09-09T23:30:06.286Z WARN  chromiumoxide::handler] WS Invalid message: data did not match any variant of untagged enum Message
[2026-09-09T23:30:06.286Z WARN  chromiumoxide::handler] WS Invalid message: data did not match any variant of untagged enum Message
[2026-09-09T23:30:06.299Z WARN  chromiumoxide::handler] WS Invalid message: data did not match any variant of untagged enum Message
[2026-09-09T23:30:06.310Z WARN  chromiumoxide::handler] WS Invalid message: data did not match any variant of untagged enum Message
[2026-09-09T23:30:06.310Z WARN  chromiumoxide::handler] WS Invalid message: data did not match any variant of untagged enum Message
[2026-09-09T23:30:06.310Z WARN  chromiumoxide::handler] WS Invalid message: data did not match any variant of untagged enum Message
[2026-09-09T23:30:06.522Z WARN  chromiumoxide::handler] WS Invalid message: data did not match any variant of untagged enum Message
[2026-09-09T23:30:06.522Z WARN  chromiumoxide::handler] WS Invalid message: data did not match any variant of untagged enum Message
[2026-09-09T23:30:06.522Z WARN  chromiumoxide::handler] WS Invalid message: data did not match any variant of untagged enum Message
[2026-09-09T23:30:06.523Z WARN  chromiumoxide::handler] WS Invalid message: data did not match any variant of untagged enum Message
[2026-09-09T23:30:06.523Z WARN  chromiumoxide::handler] WS Invalid message: data did not match any variant of untagged enum Message
[2026-09-09T23:30:06.523Z WARN  chromiumoxide::handler] WS Invalid message: data did not match any variant of untagged enum Message
[2026-09-09T23:30:06.523Z WARN  chromiumoxide::handler] WS Invalid message: data did not match any variant of untagged enum Message
[2026-09-09T23:30:06.523Z WARN  chromiumoxide::handler] WS Invalid message: data did not match any variant of untagged enum Message
[2026-09-09T23:30:06.523Z WARN  chromiumoxide::handler] WS Invalid message: data did not match any variant of untagged enum Message
[2026-09-09T23:30:06.523Z WARN  chromiumoxide::handler] WS Invalid message: data did not match any variant of untagged enum Message
[2026-09-09T23:30:06.524Z WARN  chromiumoxide::handler] WS Invalid message: data did not match any variant of untagged enum Message
[2026-09-09T23:30:06.822Z WARN  chromiumoxide::handler] WS Invalid message: data did not match any variant of untagged enum Message
[2026-09-09T23:30:06.822Z WARN  chromiumoxide::handler] WS Invalid message: data did not match any variant of untagged enum Message
[2026-09-09T23:30:06.822Z WARN  chromiumoxide::handler] WS Invalid message: data did not match any variant of untagged enum Message
[2026-09-09T23:30:06.822Z WARN  chromiumoxide::handler] WS Invalid message: data did not match any variant of untagged enum Message
[2026-09-09T23:30:06.830Z WARN  chromiumoxide::handler] WS Invalid message: data did not match any variant of untagged enum Message
[2026-09-09T23:30:06.832Z WARN  chromiumoxide::handler] WS Invalid message: data did not match any variant of untagged enum Message
[2026-09-09T23:30:06.929Z WARN  chromiumoxide::handler] WS Invalid message: data did not match any variant of untagged enum Message
[2026-09-09T23:30:06.940Z WARN  chromiumoxide::handler] WS Invalid message: data did not match any variant of untagged enum Message
[2026-09-09T23:30:06.942Z WARN  chromiumoxide::handler] WS Invalid message: data did not match any variant of untagged enum Message
[2026-09-09T23:30:06.942Z WARN  chromiumoxide::handler] WS Invalid message: data did not match any variant of untagged enum Message
[2026-09-09T23:30:06.948Z WARN  chromiumoxide::handler] WS Invalid message: data did not match any variant of untagged enum Message
[2026-09-09T23:30:06.948Z WARN  chromiumoxide::handler] WS Invalid message: data did not match any variant of untagged enum Message
[2026-09-09T23:30:06.948Z WARN  chromiumoxide::handler] WS Invalid message: data did not match any variant of untagged enum Message
[2026-09-09T23:30:06.948Z WARN  chromiumoxide::handler] WS Invalid message: data did not match any variant of untagged enum Message
[2026-09-09T23:30:06.948Z WARN  chromiumoxide::handler] WS Invalid message: data did not match any variant of untagged enum Message
[2026-09-09T23:30:06.974Z WARN  chromiumoxide::handler] WS Invalid message: data did not match any variant of untagged enum Message
[2026-09-09T23:30:06.974Z WARN  chromiumoxide::handler] WS Invalid message: data did not match any variant of untagged enum Message
[2026-09-09T23:30:06.974Z WARN  chromiumoxide::handler] WS Invalid message: data did not match any variant of untagged enum Message
[2026-09-09T23:30:06.974Z WARN  chromiumoxide::handler] WS Invalid message: data did not match any variant of untagged enum Message
[2026-09-09T23:30:06.974Z WARN  chromiumoxide::handler] WS Invalid message: data did not match any variant of untagged enum Message
[2026-09-09T23:30:06.982Z WARN  chromiumoxide::handler] WS Invalid message: data did not match any variant of untagged enum Message
[2026-09-09T23:30:06.982Z WARN  chromiumoxide::handler] WS Invalid message: data did not match any variant of untagged enum Message
[2026-09-09T23:30:07.009Z WARN  chromiumoxide::handler] WS Invalid message: data did not match any variant of untagged enum Message
[2026-09-09T23:30:07.009Z WARN  chromiumoxide::handler] WS Invalid message: data did not match any variant of untagged enum Message
[2026-09-09T23:30:07.056Z WARN  chromiumoxide::handler] WS Invalid message: data did not match any variant of untagged enum Message
[2026-09-09T23:30:07.078Z WARN  chromiumoxide::handler] WS Invalid message: data did not match any variant of untagged enum Message
[2026-09-09T23:30:07.078Z WARN  chromiumoxide::handler] WS Invalid message: data did not match any variant of untagged enum Message
[2026-09-09T23:30:07.123Z WARN  chromiumoxide::handler] WS Invalid message: data did not match any variant of untagged enum Message
[2026-09-09T23:30:07.129Z WARN  chromiumoxide::handler] WS Invalid message: data did not match any variant of untagged enum Message
[2026-09-09T23:30:07.176Z WARN  chromiumoxide::handler] WS Invalid message: data did not match any variant of untagged enum Message
[2026-09-09T23:30:07.176Z WARN  chromiumoxide::handler] WS Invalid message: data did not match any variant of untagged enum Message
[2026-09-09T23:30:07.176Z WARN  chromiumoxide::handler] WS Invalid message: data did not match any variant of untagged enum Message
[2026-09-09T23:30:07.176Z WARN  chromiumoxide::handler] WS Invalid message: data did not match any variant of untagged enum Message
[2026-09-09T23:30:07.176Z WARN  chromiumoxide::handler] WS Invalid message: data did not match any variant of untagged enum Message
[2026-09-09T23:30:07.176Z WARN  chromiumoxide::handler] WS Invalid message: data did not match any variant of untagged enum Message
[2026-09-09T23:30:07.193Z WARN  chromiumoxide::handler] WS Invalid message: data did not match any variant of untagged enum Message
[2026-09-09T23:30:07.193Z WARN  chromiumoxide::handler] WS Invalid message: data did not match any variant of untagged enum Message
[2026-09-09T23:30:07.193Z WARN  chromiumoxide::handler] WS Invalid message: data did not match any variant of untagged enum Message
[2026-09-09T23:30:07.193Z WARN  chromiumoxide::handler] WS Invalid message: data did not match any variant of untagged enum Message
[2026-09-09T23:30:07.193Z WARN  chromiumoxide::handler] WS Invalid message: data did not match any variant of untagged enum Message
[2026-09-09T23:30:07.193Z WARN  chromiumoxide::handler] WS Invalid message: data did not match any variant of untagged enum Message
[2026-09-09T23:30:07.223Z WARN  chromiumoxide::handler] WS Invalid message: data did not match any variant of untagged enum Message
[2026-09-09T23:30:07.223Z WARN  chromiumoxide::handler] WS Invalid message: data did not match any variant of untagged enum Message
[2026-09-09T23:30:07.224Z WARN  chromiumoxide::handler] WS Invalid message: data did not match any variant of untagged enum Message
[2026-09-09T23:30:07.224Z WARN  chromiumoxide::handler] WS Invalid message: data did not match any variant of untagged enum Message
[2026-09-09T23:30:07.237Z WARN  chromiumoxide::handler] WS Invalid message: data did not match any variant of untagged enum Message
[2026-09-09T23:30:07.237Z WARN  chromiumoxide::handler] WS Invalid message: data did not match any variant of untagged enum Message
[2026-09-09T23:30:07.237Z WARN  chromiumoxide::handler] WS Invalid message: data did not match any variant of untagged enum Message
[2026-09-09T23:30:07.300Z WARN  chromiumoxide::handler] WS Invalid message: data did not match any variant of untagged enum Message
[2026-09-09T23:30:07.352Z WARN  chromiumoxide::handler] WS Invalid message: data did not match any variant of untagged enum Message
[2026-09-09T23:30:07.352Z WARN  chromiumoxide::handler] WS Invalid message: data did not match any variant of untagged enum Message
[2026-09-09T23:30:07.370Z WARN  chromiumoxide::handler] WS Invalid message: data did not match any variant of untagged enum Message
[2026-09-09T23:30:07.370Z WARN  chromiumoxide::handler] WS Invalid message: data did not match any variant of untagged enum Message
[2026-09-09T23:30:07.370Z WARN  chromiumoxide::handler] WS Invalid message: data did not match any variant of untagged enum Message
[2026-09-09T23:30:07.370Z WARN  chromiumoxide::handler] WS Invalid message: data did not match any variant of untagged enum Message
[2026-09-09T23:30:07.421Z WARN  chromiumoxide::handler] WS Invalid message: data did not match any variant of untagged enum Message
[2026-09-09T23:30:07.426Z WARN  chromiumoxide::handler] WS Invalid message: data did not match any variant of untagged enum Message
[2026-09-09T23:30:07.426Z WARN  chromiumoxide::handler] WS Invalid message: data did not match any variant of untagged enum Message
[2026-09-09T23:30:07.426Z WARN  chromiumoxide::handler] WS Invalid message: data did not match any variant of untagged enum Message
[2026-09-09T23:30:07.428Z WARN  chromiumoxide::handler] WS Invalid message: data did not match any variant of untagged enum Message
[2026-09-09T23:30:07.429Z WARN  chromiumoxide::handler] WS Invalid message: data did not match any variant of untagged enum Message
[2026-09-09T23:30:07.518Z WARN  chromiumoxide::handler] WS Invalid message: data did not match any variant of untagged enum Message
[2026-09-09T23:30:07.518Z WARN  chromiumoxide::handler] WS Invalid message: data did not match any variant of untagged enum Message
[2026-09-09T23:30:07.518Z WARN  chromiumoxide::handler] WS Invalid message: data did not match any variant of untagged enum Message
[2026-09-09T23:30:07.519Z WARN  chromiumoxide::handler] WS Invalid message: data did not match any variant of untagged enum Message
[2026-09-09T23:30:07.519Z WARN  chromiumoxide::handler] WS Invalid message: data did not match any variant of untagged enum Message
[2026-09-09T23:30:07.894Z WARN  chromiumoxide::handler] WS Invalid message: data did not match any variant of untagged enum Message
[2026-09-09T23:30:07.894Z WARN  chromiumoxide::handler] WS Invalid message: data did not match any variant of untagged enum Message
[2026-09-09T23:30:07.895Z WARN  chromiumoxide::handler] WS Invalid message: data did not match any variant of untagged enum Message
[2026-09-09T23:30:07.895Z WARN  chromiumoxide::handler] WS Invalid message: data did not match any variant of untagged enum Message
[2026-09-09T23:30:07.895Z WARN  chromiumoxide::handler] WS Invalid message: data did not match any variant of untagged enum Message
[2026-09-09T23:30:07.895Z WARN  chromiumoxide::handler] WS Invalid message: data did not match any variant of untagged enum Message
[2026-09-09T23:30:07.895Z WARN  chromiumoxide::handler] WS Invalid message: data did not match any variant of untagged enum Message
[2026-09-09T23:30:07.895Z WARN  chromiumoxide::handler] WS Invalid message: data did not match any variant of untagged enum Message
[2026-09-09T23:30:07.895Z WARN  chromiumoxide::handler] WS Invalid message: data did not match any variant of untagged enum Message
[2026-09-09T23:30:07.895Z WARN  chromiumoxide::handler] WS Invalid message: data did not match any variant of untagged enum Message
[2026-09-09T23:30:07.895Z WARN  chromiumoxide::handler] WS Invalid message: data did not match any variant of untagged enum Message
[2026-09-09T23:30:07.901Z WARN  chromiumoxide::handler] WS Invalid message: data did not match any variant of untagged enum Message
[2026-09-09T23:30:08.264Z WARN  chromiumoxide::handler] WS Invalid message: data did not match any variant of untagged enum Message
[2026-09-09T23:30:08.283Z WARN  chromiumoxide::handler] WS Invalid message: data did not match any variant of untagged enum Message
[2026-09-09T23:30:08.327Z WARN  chromiumoxide::handler] WS Invalid message: data did not match any variant of untagged enum Message
[2026-09-09T23:30:08.334Z WARN  chromiumoxide::handler] WS Invalid message: data did not match any variant of untagged enum Message
[2026-09-09T23:30:08.334Z WARN  chromiumoxide::handler] WS Invalid message: data did not match any variant of untagged enum Message
[2026-09-09T23:30:08.334Z WARN  chromiumoxide::handler] WS Invalid message: data did not match any variant of untagged enum Message
[2026-09-09T23:30:08.340Z WARN  chromiumoxide::handler] WS Invalid message: data did not match any variant of untagged enum Message
[2026-09-09T23:30:08.340Z WARN  chromiumoxide::handler] WS Invalid message: data did not match any variant of untagged enum Message
[2026-09-09T23:30:08.440Z WARN  chromiumoxide::handler] WS Invalid message: data did not match any variant of untagged enum Message
[2026-09-09T23:30:08.440Z WARN  chromiumoxide::handler] WS Invalid message: data did not match any variant of untagged enum Message
[2026-09-09T23:30:08.440Z WARN  chromiumoxide::handler] WS Invalid message: data did not match any variant of untagged enum Message
[2026-09-09T23:30:08.440Z WARN  chromiumoxide::handler] WS Invalid message: data did not match any variant of untagged enum Message
[2026-09-09T23:30:08.440Z WARN  chromiumoxide::handler] WS Invalid message: data did not match any variant of untagged enum Message
[2026-09-09T23:30:08.440Z WARN  chromiumoxide::handler] WS Invalid message: data did not match any variant of untagged enum Message
[2026-09-09T23:30:08.453Z WARN  chromiumoxide::handler] WS Invalid message: data did not match any variant of untagged enum Message
[2026-09-09T23:30:08.466Z WARN  chromiumoxide::handler] WS Invalid message: data did not match any variant of untagged enum Message
[2026-09-09T23:30:08.470Z WARN  chromiumoxide::handler] WS Invalid message: data did not match any variant of untagged enum Message
[2026-09-09T23:30:08.473Z WARN  chromiumoxide::handler] WS Invalid message: data did not match any variant of untagged enum Message
[2026-09-09T23:30:08.473Z WARN  chromiumoxide::handler] WS Invalid message: data did not match any variant of untagged enum Message
[2026-09-09T23:30:08.477Z WARN  chromiumoxide::handler] WS Invalid message: data did not match any variant of untagged enum Message
[2026-09-09T23:30:08.478Z WARN  chromiumoxide::handler] WS Invalid message: data did not match any variant of untagged enum Message
[2026-09-09T23:30:08.478Z WARN  chromiumoxide::handler] WS Invalid message: data did not match any variant of untagged enum Message
[2026-09-09T23:30:08.545Z WARN  chromiumoxide::handler] WS Invalid message: data did not match any variant of untagged enum Message
[2026-09-09T23:30:08.545Z WARN  chromiumoxide::handler] WS Invalid message: data did not match any variant of untagged enum Message
[2026-09-09T23:30:08.545Z WARN  chromiumoxide::handler] WS Invalid message: data did not match any variant of untagged enum Message
[2026-09-09T23:30:08.697Z WARN  chromiumoxide::handler] WS Invalid message: data did not match any variant of untagged enum Message
[2026-09-09T23:30:08.702Z WARN  chromiumoxide::handler] WS Invalid message: data did not match any variant of untagged enum Message
[2026-09-09T23:30:08.703Z WARN  chromiumoxide::handler] WS Invalid message: data did not match any variant of untagged enum Message
[2026-09-09T23:30:08.704Z WARN  chromiumoxide::handler] WS Invalid message: data did not match any variant of untagged enum Message
[2026-09-09T23:30:08.704Z WARN  chromiumoxide::handler] WS Invalid message: data did not match any variant of untagged enum Message
[2026-09-09T23:30:08.704Z WARN  chromiumoxide::handler] WS Invalid message: data did not match any variant of untagged enum Message
[2026-09-09T23:30:08.775Z WARN  chromiumoxide::handler] WS Invalid message: data did not match any variant of untagged enum Message
[2026-09-09T23:30:08.815Z WARN  chromiumoxide::handler] WS Invalid message: data did not match any variant of untagged enum Message
[2026-09-09T23:30:08.815Z WARN  chromiumoxide::handler] WS Invalid message: data did not match any variant of untagged enum Message
[2026-09-09T23:30:08.815Z WARN  chromiumoxide::handler] WS Invalid message: data did not match any variant of untagged enum Message
[2026-09-09T23:30:08.815Z WARN  chromiumoxide::handler] WS Invalid message: data did not match any variant of untagged enum Message
[2026-09-09T23:30:08.843Z WARN  chromiumoxide::handler] WS Invalid message: data did not match any variant of untagged enum Message
[2026-09-09T23:30:08.877Z WARN  chromiumoxide::handler] WS Invalid message: data did not match any variant of untagged enum Message
[2026-09-09T23:30:09.025Z WARN  chromiumoxide::handler] WS Invalid message: data did not match any variant of untagged enum Message
[2026-09-09T23:30:09.327Z WARN  chromiumoxide::handler] WS Invalid message: data did not match any variant of untagged enum Message
[2026-09-09T23:30:09.593Z WARN  chromiumoxide::handler] WS Invalid message: data did not match any variant of untagged enum Message
[2026-09-09T23:30:09.594Z WARN  chromiumoxide::handler] WS Invalid message: data did not match any variant of untagged enum Message
[2026-09-09T23:30:09.594Z WARN  chromiumoxide::handler] WS Invalid message: data did not match any variant of untagged enum Message
[2026-09-09T23:30:09.603Z WARN  chromiumoxide::handler] WS Invalid message: data did not match any variant of untagged enum Message
[2026-09-09T23:30:09.631Z WARN  chromiumoxide::handler] WS Invalid message: data did not match any variant of untagged enum Message
[2026-09-09T23:30:09.631Z WARN  chromiumoxide::handler] WS Invalid message: data did not match any variant of untagged enum Message
[2026-09-09T23:30:09.885Z WARN  chromiumoxide::handler] WS Invalid message: data did not match any variant of untagged enum Message
[2026-09-09T23:30:09.984Z WARN  chromiumoxide::handler] WS Invalid message: data did not match any variant of untagged enum Message
[2026-09-09T23:30:11.267Z WARN  chromiumoxide::handler] WS Invalid message: data did not match any variant of untagged enum Message
[2026-09-09T23:30:11.847Z WARN  chromiumoxide::handler] WS Invalid message: data did not match any variant of untagged enum Message
[2026-09-09T23:30:11.852Z WARN  chromiumoxide::handler] WS Invalid message: data did not match any variant of untagged enum Message
[2026-09-09T23:30:14.220Z WARN  chromiumoxide::handler] WS Invalid message: data did not match any variant of untagged enum Message
[2026-09-09T23:30:14.222Z WARN  chromiumoxide::handler] WS Invalid message: data did not match any variant of untagged enum Message
[2026-09-09T23:30:14.222Z WARN  chromiumoxide::handler] WS Invalid message: data did not match any variant of untagged enum Message
[2026-09-09T23:30:14.224Z WARN  chromiumoxide::handler] WS Invalid message: data did not match any variant of untagged enum Message
[2026-09-09T23:30:14.477Z WARN  chromiumoxide::handler] WS Invalid message: data did not match any variant of untagged enum Message
[2026-09-09T23:30:14.481Z WARN  chromiumoxide::handler] WS Invalid message: data did not match any variant of untagged enum Message
{"level":30,"time":1788996614483,"pid":122630,"hostname":"vps-15cf2c41","reqId":"req-40","req":{"method":"GET","url":"/api/v1/workspace/meta","host":"127.0.0.1:6340","remoteAddress":"127.0.0.1","remotePort":44186},"msg":"incoming request"}
{"level":30,"time":1788996614486,"pid":122630,"hostname":"vps-15cf2c41","reqId":"req-40","res":{"statusCode":200},"responseTime":2.122425999987172,"msg":"request completed"}
[2026-09-09T23:30:14.492Z WARN  chromiumoxide::handler] WS Invalid message: data did not match any variant of untagged enum Message
{"level":30,"time":1788996614494,"pid":122630,"hostname":"vps-15cf2c41","reqId":"req-41","req":{"method":"GET","url":"/api/v1/workspace/meta","host":"127.0.0.1:6340","remoteAddress":"127.0.0.1","remotePort":44200},"msg":"incoming request"}
{"level":30,"time":1788996614495,"pid":122630,"hostname":"vps-15cf2c41","reqId":"req-41","res":{"statusCode":200},"responseTime":0.5647140000073705,"msg":"request completed"}
[2026-09-09T23:30:14.631Z WARN  chromiumoxide::handler] WS Invalid message: data did not match any variant of untagged enum Message
{"level":30,"time":1788996614634,"pid":122630,"hostname":"vps-15cf2c41","reqId":"req-42","req":{"method":"GET","url":"/api/v1/tree?path=.","host":"127.0.0.1:6340","remoteAddress":"127.0.0.1","remotePort":44208},"msg":"incoming request"}
{"level":30,"time":1788996614642,"pid":122630,"hostname":"vps-15cf2c41","reqId":"req-42","res":{"statusCode":200},"responseTime":7.285552999994252,"msg":"request completed"}
[2026-09-09T23:30:14.644Z WARN  chromiumoxide::handler] WS Invalid message: data did not match any variant of untagged enum Message
{"level":30,"time":1788996614647,"pid":122630,"hostname":"vps-15cf2c41","reqId":"req-43","req":{"method":"PUT","url":"/api/v1/ui/state","host":"127.0.0.1:6340","remoteAddress":"127.0.0.1","remotePort":44218},"msg":"incoming request"}
{"level":30,"time":1788996614650,"pid":122630,"hostname":"vps-15cf2c41","reqId":"req-43","res":{"statusCode":204},"responseTime":2.947956999996677,"msg":"request completed"}
[2026-09-09T23:30:14.658Z WARN  chromiumoxide::handler] WS Invalid message: data did not match any variant of untagged enum Message
{"level":30,"time":1788996614661,"pid":122630,"hostname":"vps-15cf2c41","reqId":"req-44","req":{"method":"GET","url":"/api/v1/filesystems","host":"127.0.0.1:6340","remoteAddress":"127.0.0.1","remotePort":44232},"msg":"incoming request"}
{"level":30,"time":1788996614663,"pid":122630,"hostname":"vps-15cf2c41","reqId":"req-44","res":{"statusCode":200},"responseTime":1.6227260000014212,"msg":"request completed"}
{"level":30,"time":1788996614754,"pid":122630,"hostname":"vps-15cf2c41","reqId":"req-45","req":{"method":"GET","url":"/api/v1/agents","host":"127.0.0.1:6340","remoteAddress":"127.0.0.1","remotePort":44246},"msg":"incoming request"}
{"level":30,"time":1788996614755,"pid":122630,"hostname":"vps-15cf2c41","reqId":"req-45","res":{"statusCode":200},"responseTime":0.9105079999717418,"msg":"request completed"}
[2026-09-09T23:30:14.756Z WARN  chromiumoxide::handler] WS Invalid message: data did not match any variant of untagged enum Message
[2026-09-09T23:30:14.771Z WARN  chromiumoxide::handler] WS Invalid message: data did not match any variant of untagged enum Message
{"level":30,"time":1788996614773,"pid":122630,"hostname":"vps-15cf2c41","reqId":"req-46","req":{"method":"GET","url":"/api/v1/tree?path=.","host":"127.0.0.1:6340","remoteAddress":"127.0.0.1","remotePort":44256},"msg":"incoming request"}
[2026-09-09T23:30:14.775Z WARN  chromiumoxide::handler] WS Invalid message: data did not match any variant of untagged enum Message
[2026-09-09T23:30:14.777Z WARN  chromiumoxide::handler] WS Invalid message: data did not match any variant of untagged enum Message
{"level":30,"time":1788996614778,"pid":122630,"hostname":"vps-15cf2c41","reqId":"req-47","req":{"method":"PUT","url":"/api/v1/ui/state","host":"127.0.0.1:6340","remoteAddress":"127.0.0.1","remotePort":44262},"msg":"incoming request"}
{"level":30,"time":1788996614779,"pid":122630,"hostname":"vps-15cf2c41","reqId":"req-47","res":{"statusCode":204},"responseTime":1.0062629999883939,"msg":"request completed"}
{"level":30,"time":1788996614783,"pid":122630,"hostname":"vps-15cf2c41","reqId":"req-48","req":{"method":"GET","url":"/api/v1/filesystems","host":"127.0.0.1:6340","remoteAddress":"127.0.0.1","remotePort":44264},"msg":"incoming request"}
{"level":30,"time":1788996614784,"pid":122630,"hostname":"vps-15cf2c41","reqId":"req-48","res":{"statusCode":200},"responseTime":0.6698709999909624,"msg":"request completed"}
{"level":30,"time":1788996614787,"pid":122630,"hostname":"vps-15cf2c41","reqId":"req-46","res":{"statusCode":200},"responseTime":13.792989000008674,"msg":"request completed"}
[2026-09-09T23:30:14.966Z WARN  chromiumoxide::handler] WS Invalid message: data did not match any variant of untagged enum Message
00:00.000 Waiting
[2026-09-09T23:30:15.065Z WARN  chromiumoxide::handler] WS Invalid message: data did not match any variant of untagged enum Message
[2026-09-09T23:30:15.065Z WARN  chromiumoxide::handler] WS Invalid message: data did not match any variant of untagged enum Message
[2026-09-09T23:30:15.072Z WARN  chromiumoxide::handler] WS Invalid message: data did not match any variant of untagged enum Message
{"level":30,"time":1788996615073,"pid":122630,"hostname":"vps-15cf2c41","reqId":"req-49","req":{"method":"GET","url":"/api/v1/fs/events?workspaceId=workspace","host":"127.0.0.1:6340","remoteAddress":"127.0.0.1","remotePort":44280},"msg":"incoming request"}
{"level":30,"time":1788996615084,"pid":122630,"hostname":"vps-15cf2c41","reqId":"req-4a","req":{"method":"GET","url":"/api/v1/ui/commands/next?workspaceId=workspace","host":"127.0.0.1:6340","remoteAddress":"127.0.0.1","remotePort":44282},"msg":"incoming request"}
{"level":30,"time":1788996615087,"pid":122630,"hostname":"vps-15cf2c41","reqId":"req-4b","req":{"method":"GET","url":"/api/v1/ui/state","host":"127.0.0.1:6340","remoteAddress":"127.0.0.1","remotePort":44294},"msg":"incoming request"}
{"level":30,"time":1788996615090,"pid":122630,"hostname":"vps-15cf2c41","reqId":"req-4b","res":{"statusCode":200},"responseTime":2.605818999989424,"msg":"request completed"}
00:00.151 Waiting
[2026-09-09T23:30:15.251Z WARN  chromiumoxide::handler] WS Invalid message: data did not match any variant of untagged enum Message
{"level":30,"time":1788996615252,"pid":122630,"hostname":"vps-15cf2c41","reqId":"req-4c","req":{"method":"GET","url":"/api/v1/agents/alpha/sessions?limit=50&archived=active","host":"127.0.0.1:6340","remoteAddress":"127.0.0.1","remotePort":44300},"msg":"incoming request"}
[2026-09-09T23:30:15.275Z WARN  chromiumoxide::handler] WS Invalid message: data did not match any variant of untagged enum Message
[2026-09-09T23:30:15.275Z WARN  chromiumoxide::handler] WS Invalid message: data did not match any variant of untagged enum Message
{"level":30,"time":1788996615277,"pid":122630,"hostname":"vps-15cf2c41","reqId":"req-4d","req":{"method":"GET","url":"/api/v1/tree?path=.","host":"127.0.0.1:6340","remoteAddress":"127.0.0.1","remotePort":44316},"msg":"incoming request"}
{"level":30,"time":1788996615278,"pid":122630,"hostname":"vps-15cf2c41","reqId":"req-4e","req":{"method":"GET","url":"/api/v1/agents/alpha/ready-status","host":"127.0.0.1:6340","remoteAddress":"127.0.0.1","remotePort":44318},"msg":"incoming request"}
{"level":30,"time":1788996615290,"pid":122630,"hostname":"vps-15cf2c41","reqId":"req-4d","res":{"statusCode":200},"responseTime":13.302844999998342,"msg":"request completed"}
{"level":30,"time":1788996615298,"pid":122630,"hostname":"vps-15cf2c41","reqId":"req-4f","req":{"method":"GET","url":"/api/v1/tree?path=.","host":"127.0.0.1:6340","remoteAddress":"127.0.0.1","remotePort":44320},"msg":"incoming request"}
[2026-09-09T23:30:15.299Z WARN  chromiumoxide::handler] WS Invalid message: data did not match any variant of untagged enum Message
{"level":30,"time":1788996615303,"pid":122630,"hostname":"vps-15cf2c41","reqId":"req-4c","res":{"statusCode":200},"responseTime":51.12378500000341,"msg":"request completed"}
{"level":30,"time":1788996615309,"pid":122630,"hostname":"vps-15cf2c41","reqId":"req-4f","res":{"statusCode":200},"responseTime":9.956452999991598,"msg":"request completed"}
[2026-09-09T23:30:15.314Z WARN  chromiumoxide::handler] WS Invalid message: data did not match any variant of untagged enum Message
{"level":30,"time":1788996615315,"pid":122630,"hostname":"vps-15cf2c41","reqId":"req-4g","req":{"method":"GET","url":"/api/v1/agents/alpha/sessions?limit=50&archived=active","host":"127.0.0.1:6340","remoteAddress":"127.0.0.1","remotePort":44326},"msg":"incoming request"}
{"level":30,"time":1788996615320,"pid":122630,"hostname":"vps-15cf2c41","reqId":"req-4e","res":{"statusCode":200},"responseTime":42.02714299998479,"msg":"request completed"}
[2026-09-09T23:30:15.326Z WARN  chromiumoxide::handler] WS Invalid message: data did not match any variant of untagged enum Message
{"level":30,"time":1788996615328,"pid":122630,"hostname":"vps-15cf2c41","reqId":"req-4h","req":{"method":"GET","url":"/api/v1/agents/alpha/ready-status","host":"127.0.0.1:6340","remoteAddress":"127.0.0.1","remotePort":44334},"msg":"incoming request"}
{"level":30,"time":1788996615335,"pid":122630,"hostname":"vps-15cf2c41","reqId":"req-4g","res":{"statusCode":200},"responseTime":19.44555199999013,"msg":"request completed"}
{"level":30,"time":1788996615343,"pid":122630,"hostname":"vps-15cf2c41","reqId":"req-4h","res":{"statusCode":200},"responseTime":15.106812999991234,"msg":"request completed"}
[2026-09-09T23:30:15.362Z WARN  chromiumoxide::handler] WS Invalid message: data did not match any variant of untagged enum Message
{"level":30,"time":1788996615363,"pid":122630,"hostname":"vps-15cf2c41","reqId":"req-4i","req":{"method":"GET","url":"/api/v1/ui/state","host":"127.0.0.1:6340","remoteAddress":"127.0.0.1","remotePort":44350},"msg":"incoming request"}
{"level":30,"time":1788996615364,"pid":122630,"hostname":"vps-15cf2c41","reqId":"req-4i","res":{"statusCode":200},"responseTime":0.45423699999810196,"msg":"request completed"}
00:00.403 Waiting
00:00.498 Waiting
[2026-09-09T23:30:15.528Z WARN  chromiumoxide::handler] WS Invalid message: data did not match any variant of untagged enum Message
{"level":30,"time":1788996615530,"pid":122630,"hostname":"vps-15cf2c41","reqId":"req-4j","req":{"method":"POST","url":"/api/v1/workspace-bridge/call","host":"127.0.0.1:6340","remoteAddress":"127.0.0.1","remotePort":44356},"msg":"incoming request"}
{"level":30,"time":1788996615535,"pid":122630,"hostname":"vps-15cf2c41","reqId":"req-4j","res":{"statusCode":200},"responseTime":4.280380999989575,"msg":"request completed"}
00:00.627 Waiting
[2026-09-09T23:30:15.744Z WARN  chromiumoxide::handler] WS Invalid message: data did not match any variant of untagged enum Message
[2026-09-09T23:30:15.744Z WARN  chromiumoxide::handler] WS Invalid message: data did not match any variant of untagged enum Message
{"level":30,"time":1788996615745,"pid":122630,"hostname":"vps-15cf2c41","reqId":"req-4k","req":{"method":"GET","url":"/api/v1/agents/session-activity/events?workspaceId=workspace","host":"127.0.0.1:6340","remoteAddress":"127.0.0.1","remotePort":44372},"msg":"incoming request"}
{"level":30,"time":1788996615748,"pid":122630,"hostname":"vps-15cf2c41","reqId":"req-4l","req":{"method":"GET","url":"/api/v1/agents/alpha/sessions?limit=50&archived=archived","host":"127.0.0.1:6340","remoteAddress":"127.0.0.1","remotePort":44384},"msg":"incoming request"}
{"level":30,"time":1788996615760,"pid":122630,"hostname":"vps-15cf2c41","reqId":"req-4l","res":{"statusCode":200},"responseTime":11.72098700000788,"msg":"request completed"}
00:00.858 Waiting
00:01.052 Clicking <button> (x: 137.5, y: 82.0, content: "Search⌘K")
[2026-09-09T23:30:16.361Z WARN  chromiumoxide::handler] WS Invalid message: data did not match any variant of untagged enum Message
00:01.464 Clicking <button> (x: 526.0, y: 377.5, content: "Commands")
00:01.820 Pressing Escape (code: 27)
00:02.024 Clicking <button> (x: 137.5, y: 82.0, content: "Search⌘K")
00:02.322 Clicking <button> (x: 526.0, y: 377.5, content: "Commands")
00:02.551 Pressing Escape (code: 27)
00:02.783 Clicking <button> (x: 137.5, y: 82.0, content: "Search⌘K")
[2026-09-09T23:30:17.869Z WARN  chromiumoxide::handler] WS Invalid message: data did not match any variant of untagged enum Message
{"level":30,"time":1788996617872,"pid":122630,"hostname":"vps-15cf2c41","reqId":"req-4m","req":{"method":"POST","url":"/api/v1/agents/alpha/sessions","host":"127.0.0.1:6340","remoteAddress":"127.0.0.1","remotePort":44250},"msg":"incoming request"}
{"level":30,"time":1788996617894,"pid":122630,"hostname":"vps-15cf2c41","reqId":"req-4m","res":{"statusCode":201},"responseTime":21.58178800001042,"msg":"request completed"}
{"level":30,"time":1788996618118,"pid":122630,"hostname":"vps-15cf2c41","reqId":"req-4n","req":{"method":"GET","url":"/api/v1/agents/alpha/sessions?limit=50&archived=active","host":"127.0.0.1:6340","remoteAddress":"127.0.0.1","remotePort":44260},"msg":"incoming request"}
[2026-09-09T23:30:18.123Z WARN  chromiumoxide::handler] WS Invalid message: data did not match any variant of untagged enum Message
{"level":30,"time":1788996618145,"pid":122630,"hostname":"vps-15cf2c41","reqId":"req-4n","res":{"statusCode":200},"responseTime":26.54825299998629,"msg":"request completed"}
[2026-09-09T23:30:18.209Z WARN  chromiumoxide::handler] WS Invalid message: data did not match any variant of untagged enum Message
{"level":30,"time":1788996618214,"pid":122630,"hostname":"vps-15cf2c41","reqId":"req-4o","req":{"method":"GET","url":"/api/v1/ui/state","host":"127.0.0.1:6340","remoteAddress":"127.0.0.1","remotePort":44266},"msg":"incoming request"}
{"level":30,"time":1788996618214,"pid":122630,"hostname":"vps-15cf2c41","reqId":"req-4o","res":{"statusCode":200},"responseTime":0.5581459999957588,"msg":"request completed"}
[2026-09-09T23:30:18.232Z WARN  chromiumoxide::handler] WS Invalid message: data did not match any variant of untagged enum Message
{"level":30,"time":1788996618234,"pid":122630,"hostname":"vps-15cf2c41","reqId":"req-4p","req":{"method":"GET","url":"/api/v1/agents/alpha/sessions?limit=50&archived=archived","host":"127.0.0.1:6340","remoteAddress":"127.0.0.1","remotePort":44284},"msg":"incoming request"}
{"level":30,"time":1788996618248,"pid":122630,"hostname":"vps-15cf2c41","reqId":"req-4p","res":{"statusCode":200},"responseTime":14.324518000008538,"msg":"request completed"}
00:03.284 Typing > (delay: 0ms)
[2026-09-09T23:30:18.383Z WARN  chromiumoxide::handler] WS Invalid message: data did not match any variant of untagged enum Message
{"level":30,"time":1788996618383,"pid":122630,"hostname":"vps-15cf2c41","reqId":"req-4q","req":{"method":"POST","url":"/api/v1/workspace-bridge/call","host":"127.0.0.1:6340","remoteAddress":"127.0.0.1","remotePort":44288},"msg":"incoming request"}
{"level":30,"time":1788996618385,"pid":122630,"hostname":"vps-15cf2c41","reqId":"req-4q","res":{"statusCode":200},"responseTime":2.1108779999776743,"msg":"request completed"}
{"level":30,"time":1788996618860,"pid":122630,"hostname":"vps-15cf2c41","reqId":"req-4r","req":{"method":"GET","url":"/api/v1/agents/session-activity/events?workspaceId=workspace","host":"127.0.0.1:6340","remoteAddress":"127.0.0.1","remotePort":44302},"msg":"incoming request"}
[2026-09-09T23:30:18.862Z WARN  chromiumoxide::handler] WS Invalid message: data did not match any variant of untagged enum Message
00:03.907 Clicking <button> (x: 526.0, y: 321.5, content: "Commands")
00:04.067 Typing > (delay: 0ms)
{"level":30,"time":1788996619399,"pid":122630,"hostname":"vps-15cf2c41","reqId":"req-4s","req":{"method":"PUT","url":"/api/v1/ui/state","host":"127.0.0.1:6340","remoteAddress":"127.0.0.1","remotePort":44310},"msg":"incoming request"}
[2026-09-09T23:30:19.403Z WARN  chromiumoxide::handler] WS Invalid message: data did not match any variant of untagged enum Message
{"level":30,"time":1788996619406,"pid":122630,"hostname":"vps-15cf2c41","reqId":"req-4s","res":{"statusCode":204},"responseTime":6.107490000023972,"msg":"request completed"}
[2026-09-09T23:30:19.750Z WARN  chromiumoxide::handler] WS Invalid message: data did not match any variant of untagged enum Message
[2026-09-09T23:30:19.750Z WARN  chromiumoxide::handler] WS Invalid message: data did not match any variant of untagged enum Message
{"level":30,"time":1788996619752,"pid":122630,"hostname":"vps-15cf2c41","reqId":"req-4t","req":{"method":"GET","url":"/api/v1/agents/alpha/models","host":"127.0.0.1:6340","remoteAddress":"127.0.0.1","remotePort":44324},"msg":"incoming request"}
[2026-09-09T23:30:19.756Z WARN  chromiumoxide::handler] WS Invalid message: data did not match any variant of untagged enum Message
{"level":30,"time":1788996619755,"pid":122630,"hostname":"vps-15cf2c41","reqId":"req-4u","req":{"method":"GET","url":"/api/v1/agents/alpha/commands?sessionId=scripted-4","host":"127.0.0.1:6340","remoteAddress":"127.0.0.1","remotePort":44330},"msg":"incoming request"}
{"level":30,"time":1788996619759,"pid":122630,"hostname":"vps-15cf2c41","reqId":"req-4v","req":{"method":"GET","url":"/api/v1/workspace/meta","host":"127.0.0.1:6340","remoteAddress":"127.0.0.1","remotePort":44344},"msg":"incoming request"}
{"level":30,"time":1788996619760,"pid":122630,"hostname":"vps-15cf2c41","reqId":"req-4v","res":{"statusCode":200},"responseTime":0.7564560000027996,"msg":"request completed"}
[2026-09-09T23:30:19.783Z WARN  chromiumoxide::handler] WS Invalid message: data did not match any variant of untagged enum Message
{"level":30,"time":1788996619792,"pid":122630,"hostname":"vps-15cf2c41","reqId":"req-4t","res":{"statusCode":200},"responseTime":39.58751100001973,"msg":"request completed"}
{"level":30,"time":1788996619806,"pid":122630,"hostname":"vps-15cf2c41","reqId":"req-4w","req":{"method":"GET","url":"/api/v1/workspace/meta","host":"127.0.0.1:6340","remoteAddress":"127.0.0.1","remotePort":44356},"msg":"incoming request"}
{"level":30,"time":1788996619807,"pid":122630,"hostname":"vps-15cf2c41","reqId":"req-4w","res":{"statusCode":200},"responseTime":1.035665000003064,"msg":"request completed"}
{"level":30,"time":1788996619810,"pid":122630,"hostname":"vps-15cf2c41","reqId":"req-4u","res":{"statusCode":200},"responseTime":54.92776699998649,"msg":"request completed"}
{"level":30,"time":1788996619818,"pid":122630,"hostname":"vps-15cf2c41","reqId":"req-4x","req":{"method":"GET","url":"/api/v1/agents/alpha/models","host":"127.0.0.1:6340","remoteAddress":"127.0.0.1","remotePort":44358},"msg":"incoming request"}
[2026-09-09T23:30:19.827Z WARN  chromiumoxide::handler] WS Invalid message: data did not match any variant of untagged enum Message
[2026-09-09T23:30:19.835Z WARN  chromiumoxide::handler] WS Invalid message: data did not match any variant of untagged enum Message
{"level":30,"time":1788996619836,"pid":122630,"hostname":"vps-15cf2c41","reqId":"req-4y","req":{"method":"GET","url":"/api/v1/agents/alpha/commands?sessionId=scripted-4","host":"127.0.0.1:6340","remoteAddress":"127.0.0.1","remotePort":44372},"msg":"incoming request"}
{"level":30,"time":1788996619853,"pid":122630,"hostname":"vps-15cf2c41","reqId":"req-4x","res":{"statusCode":200},"responseTime":35.23065499999211,"msg":"request completed"}
{"level":30,"time":1788996619864,"pid":122630,"hostname":"vps-15cf2c41","reqId":"req-4y","res":{"statusCode":200},"responseTime":27.15872400000808,"msg":"request completed"}
{"level":30,"time":1788996619905,"pid":122630,"hostname":"vps-15cf2c41","reqId":"req-4z","req":{"method":"GET","url":"/api/v1/agents/alpha/sessions/scripted-4/state","host":"127.0.0.1:6340","remoteAddress":"127.0.0.1","remotePort":44386},"msg":"incoming request"}
[2026-09-09T23:30:19.920Z WARN  chromiumoxide::handler] WS Invalid message: data did not match any variant of untagged enum Message
{"level":30,"time":1788996619924,"pid":122630,"hostname":"vps-15cf2c41","reqId":"req-4z","res":{"statusCode":200},"responseTime":18.807478000002448,"msg":"request completed"}
00:04.948 Typing no-matching-fixture-command (delay: 0ms)
{"level":30,"time":1788996620322,"pid":122630,"hostname":"vps-15cf2c41","reqId":"req-50","req":{"method":"GET","url":"/api/v1/agents/alpha/models","host":"127.0.0.1:6340","remoteAddress":"127.0.0.1","remotePort":44396},"msg":"incoming request"}
[2026-09-09T23:30:20.326Z WARN  chromiumoxide::handler] WS Invalid message: data did not match any variant of untagged enum Message
[2026-09-09T23:30:20.330Z WARN  chromiumoxide::handler] WS Invalid message: data did not match any variant of untagged enum Message
{"level":30,"time":1788996620332,"pid":122630,"hostname":"vps-15cf2c41","reqId":"req-50","res":{"statusCode":200},"responseTime":9.783488999994006,"msg":"request completed"}
{"level":30,"time":1788996620339,"pid":122630,"hostname":"vps-15cf2c41","reqId":"req-51","req":{"method":"GET","url":"/api/v1/agents/alpha/sessions/scripted-4/events?cursor=0","host":"127.0.0.1:6340","remoteAddress":"127.0.0.1","remotePort":44402},"msg":"incoming request"}
00:06.508 Typing > (delay: 0ms)
00:06.680 Waiting

Reproduction finished!

Inspect the test results using:

  bombadil browser inspect /dev/shm/cpr-2ce/boring-ui-review-run.WYI7nL/replay-desktop.f5JHdZ

{"level":30,"time":1788996622028,"pid":122630,"hostname":"vps-15cf2c41","reqId":"req-51","res":{"statusCode":200},"msg":"stream closed prematurely"}
verified Bombadil replay final state: cpr-03:workspace-command-palette:candidate:desktop:explore-0020-dialog-popover:ea05bcb561ff
[2026-09-09T23:30:26.463Z WARN  chromiumoxide::handler] WS Invalid message: data did not match any variant of untagged enum Message
[2026-09-09T23:30:26.496Z WARN  chromiumoxide::handler] WS Invalid message: data did not match any variant of untagged enum Message
[2026-09-09T23:30:26.501Z WARN  chromiumoxide::handler] WS Invalid message: data did not match any variant of untagged enum Message
[2026-09-09T23:30:26.535Z WARN  chromiumoxide::handler] WS Invalid message: data did not match any variant of untagged enum Message
[2026-09-09T23:30:26.566Z WARN  chromiumoxide::handler] WS Invalid message: data did not match any variant of untagged enum Message
[2026-09-09T23:30:26.566Z WARN  chromiumoxide::handler] WS Invalid message: data did not match any variant of untagged enum Message
[2026-09-09T23:30:26.574Z WARN  chromiumoxide::handler] WS Invalid message: data did not match any variant of untagged enum Message
[2026-09-09T23:30:26.580Z WARN  chromiumoxide::handler] WS Invalid message: data did not match any variant of untagged enum Message
[2026-09-09T23:30:26.581Z WARN  chromiumoxide::handler] WS Invalid message: data did not match any variant of untagged enum Message
[2026-09-09T23:30:26.581Z WARN  chromiumoxide::handler] WS Invalid message: data did not match any variant of untagged enum Message
[2026-09-09T23:30:26.581Z WARN  chromiumoxide::handler] WS Invalid message: data did not match any variant of untagged enum Message
[2026-09-09T23:30:26.585Z WARN  chromiumoxide::handler] WS Invalid message: data did not match any variant of untagged enum Message
[2026-09-09T23:30:26.645Z WARN  chromiumoxide::handler] WS Invalid message: data did not match any variant of untagged enum Message
[2026-09-09T23:30:26.932Z WARN  chromiumoxide::handler] WS Invalid message: data did not match any variant of untagged enum Message
[2026-09-09T23:30:26.932Z WARN  chromiumoxide::handler] WS Invalid message: data did not match any variant of untagged enum Message
[2026-09-09T23:30:26.933Z WARN  chromiumoxide::handler] WS Invalid message: data did not match any variant of untagged enum Message
[2026-09-09T23:30:26.935Z WARN  chromiumoxide::handler] WS Invalid message: data did not match any variant of untagged enum Message
[2026-09-09T23:30:26.935Z WARN  chromiumoxide::handler] WS Invalid message: data did not match any variant of untagged enum Message
[2026-09-09T23:30:26.938Z WARN  chromiumoxide::handler] WS Invalid message: data did not match any variant of untagged enum Message
[2026-09-09T23:30:26.964Z WARN  chromiumoxide::handler] WS Invalid message: data did not match any variant of untagged enum Message
[2026-09-09T23:30:26.974Z WARN  chromiumoxide::handler] WS Invalid message: data did not match any variant of untagged enum Message
[2026-09-09T23:30:27.118Z WARN  chromiumoxide::handler] WS Invalid message: data did not match any variant of untagged enum Message
[2026-09-09T23:30:27.119Z WARN  chromiumoxide::handler] WS Invalid message: data did not match any variant of untagged enum Message
[2026-09-09T23:30:27.119Z WARN  chromiumoxide::handler] WS Invalid message: data did not match any variant of untagged enum Message
[2026-09-09T23:30:27.120Z WARN  chromiumoxide::handler] WS Invalid message: data did not match any variant of untagged enum Message
[2026-09-09T23:30:27.169Z WARN  chromiumoxide::handler] WS Invalid message: data did not match any variant of untagged enum Message
[2026-09-09T23:30:27.182Z WARN  chromiumoxide::handler] WS Invalid message: data did not match any variant of untagged enum Message
[2026-09-09T23:30:27.238Z WARN  chromiumoxide::handler] WS Invalid message: data did not match any variant of untagged enum Message
[2026-09-09T23:30:27.238Z WARN  chromiumoxide::handler] WS Invalid message: data did not match any variant of untagged enum Message
[2026-09-09T23:30:27.261Z WARN  chromiumoxide::handler] WS Invalid message: data did not match any variant of untagged enum Message
[2026-09-09T23:30:27.262Z WARN  chromiumoxide::handler] WS Invalid message: data did not match any variant of untagged enum Message
[2026-09-09T23:30:27.262Z WARN  chromiumoxide::handler] WS Invalid message: data did not match any variant of untagged enum Message
[2026-09-09T23:30:27.284Z WARN  chromiumoxide::handler] WS Invalid message: data did not match any variant of untagged enum Message
[2026-09-09T23:30:27.284Z WARN  chromiumoxide::handler] WS Invalid message: data did not match any variant of untagged enum Message
[2026-09-09T23:30:27.339Z WARN  chromiumoxide::handler] WS Invalid message: data did not match any variant of untagged enum Message
[2026-09-09T23:30:27.357Z WARN  chromiumoxide::handler] WS Invalid message: data did not match any variant of untagged enum Message
[2026-09-09T23:30:27.364Z WARN  chromiumoxide::handler] WS Invalid message: data did not match any variant of untagged enum Message
[2026-09-09T23:30:27.379Z WARN  chromiumoxide::handler] WS Invalid message: data did not match any variant of untagged enum Message
[2026-09-09T23:30:27.379Z WARN  chromiumoxide::handler] WS Invalid message: data did not match any variant of untagged enum Message
[2026-09-09T23:30:27.379Z WARN  chromiumoxide::handler] WS Invalid message: data did not match any variant of untagged enum Message
[2026-09-09T23:30:27.379Z WARN  chromiumoxide::handler] WS Invalid message: data did not match any variant of untagged enum Message
[2026-09-09T23:30:27.379Z WARN  chromiumoxide::handler] WS Invalid message: data did not match any variant of untagged enum Message
[2026-09-09T23:30:27.380Z WARN  chromiumoxide::handler] WS Invalid message: data did not match any variant of untagged enum Message
[2026-09-09T23:30:27.380Z WARN  chromiumoxide::handler] WS Invalid message: data did not match any variant of untagged enum Message
[2026-09-09T23:30:27.380Z WARN  chromiumoxide::handler] WS Invalid message: data did not match any variant of untagged enum Message
[2026-09-09T23:30:27.380Z WARN  chromiumoxide::handler] WS Invalid message: data did not match any variant of untagged enum Message
[2026-09-09T23:30:27.380Z WARN  chromiumoxide::handler] WS Invalid message: data did not match any variant of untagged enum Message
[2026-09-09T23:30:27.436Z WARN  chromiumoxide::handler] WS Invalid message: data did not match any variant of untagged enum Message
[2026-09-09T23:30:27.437Z WARN  chromiumoxide::handler] WS Invalid message: data did not match any variant of untagged enum Message
[2026-09-09T23:30:27.437Z WARN  chromiumoxide::handler] WS Invalid message: data did not match any variant of untagged enum Message
[2026-09-09T23:30:27.438Z WARN  chromiumoxide::handler] WS Invalid message: data did not match any variant of untagged enum Message
[2026-09-09T23:30:27.442Z WARN  chromiumoxide::handler] WS Invalid message: data did not match any variant of untagged enum Message
[2026-09-09T23:30:27.446Z WARN  chromiumoxide::handler] WS Invalid message: data did not match any variant of untagged enum Message
[2026-09-09T23:30:27.454Z WARN  chromiumoxide::handler] WS Invalid message: data did not match any variant of untagged enum Message
[2026-09-09T23:30:27.475Z WARN  chromiumoxide::handler] WS Invalid message: data did not match any variant of untagged enum Message
[2026-09-09T23:30:27.475Z WARN  chromiumoxide::handler] WS Invalid message: data did not match any variant of untagged enum Message
[2026-09-09T23:30:27.475Z WARN  chromiumoxide::handler] WS Invalid message: data did not match any variant of untagged enum Message
[2026-09-09T23:30:27.504Z WARN  chromiumoxide::handler] WS Invalid message: data did not match any variant of untagged enum Message
[2026-09-09T23:30:27.504Z WARN  chromiumoxide::handler] WS Invalid message: data did not match any variant of untagged enum Message
[2026-09-09T23:30:27.649Z WARN  chromiumoxide::handler] WS Invalid message: data did not match any variant of untagged enum Message
[2026-09-09T23:30:27.649Z WARN  chromiumoxide::handler] WS Invalid message: data did not match any variant of untagged enum Message
[2026-09-09T23:30:27.649Z WARN  chromiumoxide::handler] WS Invalid message: data did not match any variant of untagged enum Message
[2026-09-09T23:30:27.649Z WARN  chromiumoxide::handler] WS Invalid message: data did not match any variant of untagged enum Message
[2026-09-09T23:30:27.650Z WARN  chromiumoxide::handler] WS Invalid message: data did not match any variant of untagged enum Message
[2026-09-09T23:30:27.650Z WARN  chromiumoxide::handler] WS Invalid message: data did not match any variant of untagged enum Message
[2026-09-09T23:30:27.650Z WARN  chromiumoxide::handler] WS Invalid message: data did not match any variant of untagged enum Message
[2026-09-09T23:30:27.791Z WARN  chromiumoxide::handler] WS Invalid message: data did not match any variant of untagged enum Message
[2026-09-09T23:30:27.792Z WARN  chromiumoxide::handler] WS Invalid message: data did not match any variant of untagged enum Message
[2026-09-09T23:30:27.792Z WARN  chromiumoxide::handler] WS Invalid message: data did not match any variant of untagged enum Message
[2026-09-09T23:30:27.792Z WARN  chromiumoxide::handler] WS Invalid message: data did not match any variant of untagged enum Message
[2026-09-09T23:30:27.792Z WARN  chromiumoxide::handler] WS Invalid message: data did not match any variant of untagged enum Message
[2026-09-09T23:30:27.793Z WARN  chromiumoxide::handler] WS Invalid message: data did not match any variant of untagged enum Message
[2026-09-09T23:30:27.793Z WARN  chromiumoxide::handler] WS Invalid message: data did not match any variant of untagged enum Message
[2026-09-09T23:30:27.793Z WARN  chromiumoxide::handler] WS Invalid message: data did not match any variant of untagged enum Message
[2026-09-09T23:30:27.793Z WARN  chromiumoxide::handler] WS Invalid message: data did not match any variant of untagged enum Message
[2026-09-09T23:30:27.794Z WARN  chromiumoxide::handler] WS Invalid message: data did not match any variant of untagged enum Message
[2026-09-09T23:30:27.794Z WARN  chromiumoxide::handler] WS Invalid message: data did not match any variant of untagged enum Message
[2026-09-09T23:30:27.794Z WARN  chromiumoxide::handler] WS Invalid message: data did not match any variant of untagged enum Message
[2026-09-09T23:30:27.969Z WARN  chromiumoxide::handler] WS Invalid message: data did not match any variant of untagged enum Message
[2026-09-09T23:30:27.969Z WARN  chromiumoxide::handler] WS Invalid message: data did not match any variant of untagged enum Message
[2026-09-09T23:30:27.969Z WARN  chromiumoxide::handler] WS Invalid message: data did not match any variant of untagged enum Message
[2026-09-09T23:30:28.059Z WARN  chromiumoxide::handler] WS Invalid message: data did not match any variant of untagged enum Message
[2026-09-09T23:30:28.066Z WARN  chromiumoxide::handler] WS Invalid message: data did not match any variant of untagged enum Message
[2026-09-09T23:30:28.067Z WARN  chromiumoxide::handler] WS Invalid message: data did not match any variant of untagged enum Message
[2026-09-09T23:30:28.099Z WARN  chromiumoxide::handler] WS Invalid message: data did not match any variant of untagged enum Message
[2026-09-09T23:30:28.123Z WARN  chromiumoxide::handler] WS Invalid message: data did not match any variant of untagged enum Message
[2026-09-09T23:30:28.123Z WARN  chromiumoxide::handler] WS Invalid message: data did not match any variant of untagged enum Message
[2026-09-09T23:30:28.185Z WARN  chromiumoxide::handler] WS Invalid message: data did not match any variant of untagged enum Message
[2026-09-09T23:30:28.185Z WARN  chromiumoxide::handler] WS Invalid message: data did not match any variant of untagged enum Message
[2026-09-09T23:30:28.185Z WARN  chromiumoxide::handler] WS Invalid message: data did not match any variant of untagged enum Message
[2026-09-09T23:30:28.185Z WARN  chromiumoxide::handler] WS Invalid message: data did not match any variant of untagged enum Message
[2026-09-09T23:30:28.185Z WARN  chromiumoxide::handler] WS Invalid message: data did not match any variant of untagged enum Message
[2026-09-09T23:30:28.185Z WARN  chromiumoxide::handler] WS Invalid message: data did not match any variant of untagged enum Message
[2026-09-09T23:30:28.194Z WARN  chromiumoxide::handler] WS Invalid message: data did not match any variant of untagged enum Message
[2026-09-09T23:30:28.207Z WARN  chromiumoxide::handler] WS Invalid message: data did not match any variant of untagged enum Message
[2026-09-09T23:30:28.207Z WARN  chromiumoxide::handler] WS Invalid message: data did not match any variant of untagged enum Message
[2026-09-09T23:30:28.208Z WARN  chromiumoxide::handler] WS Invalid message: data did not match any variant of untagged enum Message
[2026-09-09T23:30:28.208Z WARN  chromiumoxide::handler] WS Invalid message: data did not match any variant of untagged enum Message
[2026-09-09T23:30:28.208Z WARN  chromiumoxide::handler] WS Invalid message: data did not match any variant of untagged enum Message
[2026-09-09T23:30:28.208Z WARN  chromiumoxide::handler] WS Invalid message: data did not match any variant of untagged enum Message
[2026-09-09T23:30:28.223Z WARN  chromiumoxide::handler] WS Invalid message: data did not match any variant of untagged enum Message
[2026-09-09T23:30:28.224Z WARN  chromiumoxide::handler] WS Invalid message: data did not match any variant of untagged enum Message
[2026-09-09T23:30:28.224Z WARN  chromiumoxide::handler] WS Invalid message: data did not match any variant of untagged enum Message
[2026-09-09T23:30:28.224Z WARN  chromiumoxide::handler] WS Invalid message: data did not match any variant of untagged enum Message
[2026-09-09T23:30:28.224Z WARN  chromiumoxide::handler] WS Invalid message: data did not match any variant of untagged enum Message
[2026-09-09T23:30:28.224Z WARN  chromiumoxide::handler] WS Invalid message: data did not match any variant of untagged enum Message
[2026-09-09T23:30:28.294Z WARN  chromiumoxide::handler] WS Invalid message: data did not match any variant of untagged enum Message
[2026-09-09T23:30:28.294Z WARN  chromiumoxide::handler] WS Invalid message: data did not match any variant of untagged enum Message
[2026-09-09T23:30:28.294Z WARN  chromiumoxide::handler] WS Invalid message: data did not match any variant of untagged enum Message
[2026-09-09T23:30:28.319Z WARN  chromiumoxide::handler] WS Invalid message: data did not match any variant of untagged enum Message
[2026-09-09T23:30:28.319Z WARN  chromiumoxide::handler] WS Invalid message: data did not match any variant of untagged enum Message
[2026-09-09T23:30:28.344Z WARN  chromiumoxide::handler] WS Invalid message: data did not match any variant of untagged enum Message
[2026-09-09T23:30:28.344Z WARN  chromiumoxide::handler] WS Invalid message: data did not match any variant of untagged enum Message
[2026-09-09T23:30:28.345Z WARN  chromiumoxide::handler] WS Invalid message: data did not match any variant of untagged enum Message
[2026-09-09T23:30:28.345Z WARN  chromiumoxide::handler] WS Invalid message: data did not match any variant of untagged enum Message
[2026-09-09T23:30:28.352Z WARN  chromiumoxide::handler] WS Invalid message: data did not match any variant of untagged enum Message
[2026-09-09T23:30:28.353Z WARN  chromiumoxide::handler] WS Invalid message: data did not match any variant of untagged enum Message
[2026-09-09T23:30:28.353Z WARN  chromiumoxide::handler] WS Invalid message: data did not match any variant of untagged enum Message
[2026-09-09T23:30:28.378Z WARN  chromiumoxide::handler] WS Invalid message: data did not match any variant of untagged enum Message
[2026-09-09T23:30:28.378Z WARN  chromiumoxide::handler] WS Invalid message: data did not match any variant of untagged enum Message
[2026-09-09T23:30:28.378Z WARN  chromiumoxide::handler] WS Invalid message: data did not match any variant of untagged enum Message
[2026-09-09T23:30:28.402Z WARN  chromiumoxide::handler] WS Invalid message: data did not match any variant of untagged enum Message
[2026-09-09T23:30:28.402Z WARN  chromiumoxide::handler] WS Invalid message: data did not match any variant of untagged enum Message
[2026-09-09T23:30:28.408Z WARN  chromiumoxide::handler] WS Invalid message: data did not match any variant of untagged enum Message
[2026-09-09T23:30:28.424Z WARN  chromiumoxide::handler] WS Invalid message: data did not match any variant of untagged enum Message
[2026-09-09T23:30:28.927Z WARN  chromiumoxide::handler] WS Invalid message: data did not match any variant of untagged enum Message
[2026-09-09T23:30:28.927Z WARN  chromiumoxide::handler] WS Invalid message: data did not match any variant of untagged enum Message
[2026-09-09T23:30:28.927Z WARN  chromiumoxide::handler] WS Invalid message: data did not match any variant of untagged enum Message
[2026-09-09T23:30:28.927Z WARN  chromiumoxide::handler] WS Invalid message: data did not match any variant of untagged enum Message
[2026-09-09T23:30:28.927Z WARN  chromiumoxide::handler] WS Invalid message: data did not match any variant of untagged enum Message
[2026-09-09T23:30:28.927Z WARN  chromiumoxide::handler] WS Invalid message: data did not match any variant of untagged enum Message
[2026-09-09T23:30:28.927Z WARN  chromiumoxide::handler] WS Invalid message: data did not match any variant of untagged enum Message
[2026-09-09T23:30:28.928Z WARN  chromiumoxide::handler] WS Invalid message: data did not match any variant of untagged enum Message
[2026-09-09T23:30:28.928Z WARN  chromiumoxide::handler] WS Invalid message: data did not match any variant of untagged enum Message
[2026-09-09T23:30:28.928Z WARN  chromiumoxide::handler] WS Invalid message: data did not match any variant of untagged enum Message
[2026-09-09T23:30:29.167Z WARN  chromiumoxide::handler] WS Invalid message: data did not match any variant of untagged enum Message
[2026-09-09T23:30:29.185Z WARN  chromiumoxide::handler] WS Invalid message: data did not match any variant of untagged enum Message
[2026-09-09T23:30:29.186Z WARN  chromiumoxide::handler] WS Invalid message: data did not match any variant of untagged enum Message
[2026-09-09T23:30:29.187Z WARN  chromiumoxide::handler] WS Invalid message: data did not match any variant of untagged enum Message
[2026-09-09T23:30:29.187Z WARN  chromiumoxide::handler] WS Invalid message: data did not match any variant of untagged enum Message
[2026-09-09T23:30:29.187Z WARN  chromiumoxide::handler] WS Invalid message: data did not match any variant of untagged enum Message
[2026-09-09T23:30:29.187Z WARN  chromiumoxide::handler] WS Invalid message: data did not match any variant of untagged enum Message
[2026-09-09T23:30:29.209Z WARN  chromiumoxide::handler] WS Invalid message: data did not match any variant of untagged enum Message
[2026-09-09T23:30:29.210Z WARN  chromiumoxide::handler] WS Invalid message: data did not match any variant of untagged enum Message
[2026-09-09T23:30:29.239Z WARN  chromiumoxide::handler] WS Invalid message: data did not match any variant of untagged enum Message
[2026-09-09T23:30:29.240Z WARN  chromiumoxide::handler] WS Invalid message: data did not match any variant of untagged enum Message
[2026-09-09T23:30:29.247Z WARN  chromiumoxide::handler] WS Invalid message: data did not match any variant of untagged enum Message
[2026-09-09T23:30:29.248Z WARN  chromiumoxide::handler] WS Invalid message: data did not match any variant of untagged enum Message
[2026-09-09T23:30:29.248Z WARN  chromiumoxide::handler] WS Invalid message: data did not match any variant of untagged enum Message
[2026-09-09T23:30:29.248Z WARN  chromiumoxide::handler] WS Invalid message: data did not match any variant of untagged enum Message
[2026-09-09T23:30:29.248Z WARN  chromiumoxide::handler] WS Invalid message: data did not match any variant of untagged enum Message
[2026-09-09T23:30:29.254Z WARN  chromiumoxide::handler] WS Invalid message: data did not match any variant of untagged enum Message
[2026-09-09T23:30:29.343Z WARN  chromiumoxide::handler] WS Invalid message: data did not match any variant of untagged enum Message
[2026-09-09T23:30:29.344Z WARN  chromiumoxide::handler] WS Invalid message: data did not match any variant of untagged enum Message
[2026-09-09T23:30:29.345Z WARN  chromiumoxide::handler] WS Invalid message: data did not match any variant of untagged enum Message
[2026-09-09T23:30:29.345Z WARN  chromiumoxide::handler] WS Invalid message: data did not match any variant of untagged enum Message
[2026-09-09T23:30:29.345Z WARN  chromiumoxide::handler] WS Invalid message: data did not match any variant of untagged enum Message
[2026-09-09T23:30:29.346Z WARN  chromiumoxide::handler] WS Invalid message: data did not match any variant of untagged enum Message
[2026-09-09T23:30:29.362Z WARN  chromiumoxide::handler] WS Invalid message: data did not match any variant of untagged enum Message
[2026-09-09T23:30:29.362Z WARN  chromiumoxide::handler] WS Invalid message: data did not match any variant of untagged enum Message
[2026-09-09T23:30:29.362Z WARN  chromiumoxide::handler] WS Invalid message: data did not match any variant of untagged enum Message
[2026-09-09T23:30:29.362Z WARN  chromiumoxide::handler] WS Invalid message: data did not match any variant of untagged enum Message
[2026-09-09T23:30:29.363Z WARN  chromiumoxide::handler] WS Invalid message: data did not match any variant of untagged enum Message
[2026-09-09T23:30:29.363Z WARN  chromiumoxide::handler] WS Invalid message: data did not match any variant of untagged enum Message
[2026-09-09T23:30:29.509Z WARN  chromiumoxide::handler] WS Invalid message: data did not match any variant of untagged enum Message
[2026-09-09T23:30:29.511Z WARN  chromiumoxide::handler] WS Invalid message: data did not match any variant of untagged enum Message
[2026-09-09T23:30:29.593Z WARN  chromiumoxide::handler] WS Invalid message: data did not match any variant of untagged enum Message
[2026-09-09T23:30:29.595Z WARN  chromiumoxide::handler] WS Invalid message: data did not match any variant of untagged enum Message
[2026-09-09T23:30:29.606Z WARN  chromiumoxide::handler] WS Invalid message: data did not match any variant of untagged enum Message
[2026-09-09T23:30:29.609Z WARN  chromiumoxide::handler] WS Invalid message: data did not match any variant of untagged enum Message
[2026-09-09T23:30:29.609Z WARN  chromiumoxide::handler] WS Invalid message: data did not match any variant of untagged enum Message
[2026-09-09T23:30:29.609Z WARN  chromiumoxide::handler] WS Invalid message: data did not match any variant of untagged enum Message
[2026-09-09T23:30:29.622Z WARN  chromiumoxide::handler] WS Invalid message: data did not match any variant of untagged enum Message
[2026-09-09T23:30:29.669Z WARN  chromiumoxide::handler] WS Invalid message: data did not match any variant of untagged enum Message
[2026-09-09T23:30:30.092Z WARN  chromiumoxide::handler] WS Invalid message: data did not match any variant of untagged enum Message
[2026-09-09T23:30:30.110Z WARN  chromiumoxide::handler] WS Invalid message: data did not match any variant of untagged enum Message
[2026-09-09T23:30:30.128Z WARN  chromiumoxide::handler] WS Invalid message: data did not match any variant of untagged enum Message
[2026-09-09T23:30:30.153Z WARN  chromiumoxide::handler] WS Invalid message: data did not match any variant of untagged enum Message
[2026-09-09T23:30:30.154Z WARN  chromiumoxide::handler] WS Invalid message: data did not match any variant of untagged enum Message
[2026-09-09T23:30:30.176Z WARN  chromiumoxide::handler] WS Invalid message: data did not match any variant of untagged enum Message
[2026-09-09T23:30:30.177Z WARN  chromiumoxide::handler] WS Invalid message: data did not match any variant of untagged enum Message
[2026-09-09T23:30:30.430Z WARN  chromiumoxide::handler] WS Invalid message: data did not match any variant of untagged enum Message
[2026-09-09T23:30:30.799Z WARN  chromiumoxide::handler] WS Invalid message: data did not match any variant of untagged enum Message
[2026-09-09T23:30:31.773Z WARN  chromiumoxide::handler] WS Invalid message: data did not match any variant of untagged enum Message
[2026-09-09T23:30:32.257Z WARN  chromiumoxide::handler] WS Invalid message: data did not match any variant of untagged enum Message
[2026-09-09T23:30:32.257Z WARN  chromiumoxide::handler] WS Invalid message: data did not match any variant of untagged enum Message
[2026-09-09T23:30:33.959Z WARN  chromiumoxide::handler] WS Invalid message: data did not match any variant of untagged enum Message
[2026-09-09T23:30:33.959Z WARN  chromiumoxide::handler] WS Invalid message: data did not match any variant of untagged enum Message
[2026-09-09T23:30:33.959Z WARN  chromiumoxide::handler] WS Invalid message: data did not match any variant of untagged enum Message
[2026-09-09T23:30:34.227Z WARN  chromiumoxide::handler] WS Invalid message: data did not match any variant of untagged enum Message
[2026-09-09T23:30:34.227Z WARN  chromiumoxide::handler] WS Invalid message: data did not match any variant of untagged enum Message
[2026-09-09T23:30:34.230Z WARN  chromiumoxide::handler] WS Invalid message: data did not match any variant of untagged enum Message
{"level":30,"time":1788996634230,"pid":122630,"hostname":"vps-15cf2c41","reqId":"req-52","req":{"method":"GET","url":"/api/v1/workspace/meta","host":"127.0.0.1:6340","remoteAddress":"127.0.0.1","remotePort":44248},"msg":"incoming request"}
{"level":30,"time":1788996634232,"pid":122630,"hostname":"vps-15cf2c41","reqId":"req-52","res":{"statusCode":200},"responseTime":1.2019559999753255,"msg":"request completed"}
{"level":30,"time":1788996634237,"pid":122630,"hostname":"vps-15cf2c41","reqId":"req-53","req":{"method":"GET","url":"/api/v1/workspace/meta","host":"127.0.0.1:6340","remoteAddress":"127.0.0.1","remotePort":44254},"msg":"incoming request"}
[2026-09-09T23:30:34.239Z WARN  chromiumoxide::handler] WS Invalid message: data did not match any variant of untagged enum Message
{"level":30,"time":1788996634238,"pid":122630,"hostname":"vps-15cf2c41","reqId":"req-53","res":{"statusCode":200},"responseTime":1.115959999995539,"msg":"request completed"}
[2026-09-09T23:30:34.337Z WARN  chromiumoxide::handler] WS Invalid message: data did not match any variant of untagged enum Message
{"level":30,"time":1788996634338,"pid":122630,"hostname":"vps-15cf2c41","reqId":"req-54","req":{"method":"GET","url":"/api/v1/tree?path=.","host":"127.0.0.1:6340","remoteAddress":"127.0.0.1","remotePort":44268},"msg":"incoming request"}
[2026-09-09T23:30:34.345Z WARN  chromiumoxide::handler] WS Invalid message: data did not match any variant of untagged enum Message
{"level":30,"time":1788996634347,"pid":122630,"hostname":"vps-15cf2c41","reqId":"req-55","req":{"method":"PUT","url":"/api/v1/ui/state","host":"127.0.0.1:6340","remoteAddress":"127.0.0.1","remotePort":44282},"msg":"incoming request"}
{"level":30,"time":1788996634348,"pid":122630,"hostname":"vps-15cf2c41","reqId":"req-55","res":{"statusCode":204},"responseTime":1.2225869999965653,"msg":"request completed"}
{"level":30,"time":1788996634350,"pid":122630,"hostname":"vps-15cf2c41","reqId":"req-54","res":{"statusCode":200},"responseTime":11.545289000001503,"msg":"request completed"}
[2026-09-09T23:30:34.360Z WARN  chromiumoxide::handler] WS Invalid message: data did not match any variant of untagged enum Message
[2026-09-09T23:30:34.361Z WARN  chromiumoxide::handler] WS Invalid message: data did not match any variant of untagged enum Message
{"level":30,"time":1788996634363,"pid":122630,"hostname":"vps-15cf2c41","reqId":"req-56","req":{"method":"GET","url":"/api/v1/filesystems","host":"127.0.0.1:6340","remoteAddress":"127.0.0.1","remotePort":44292},"msg":"incoming request"}
{"level":30,"time":1788996634364,"pid":122630,"hostname":"vps-15cf2c41","reqId":"req-56","res":{"statusCode":200},"responseTime":1.0256219999864697,"msg":"request completed"}
{"level":30,"time":1788996634365,"pid":122630,"hostname":"vps-15cf2c41","reqId":"req-57","req":{"method":"GET","url":"/api/v1/agents","host":"127.0.0.1:6340","remoteAddress":"127.0.0.1","remotePort":44304},"msg":"incoming request"}
{"level":30,"time":1788996634366,"pid":122630,"hostname":"vps-15cf2c41","reqId":"req-57","res":{"statusCode":200},"responseTime":0.6475479999789968,"msg":"request completed"}
[2026-09-09T23:30:34.379Z WARN  chromiumoxide::handler] WS Invalid message: data did not match any variant of untagged enum Message
[2026-09-09T23:30:34.379Z WARN  chromiumoxide::handler] WS Invalid message: data did not match any variant of untagged enum Message
[2026-09-09T23:30:34.379Z WARN  chromiumoxide::handler] WS Invalid message: data did not match any variant of untagged enum Message
{"level":30,"time":1788996634384,"pid":122630,"hostname":"vps-15cf2c41","reqId":"req-58","req":{"method":"GET","url":"/api/v1/filesystems","host":"127.0.0.1:6340","remoteAddress":"127.0.0.1","remotePort":44308},"msg":"incoming request"}
{"level":30,"time":1788996634389,"pid":122630,"hostname":"vps-15cf2c41","reqId":"req-58","res":{"statusCode":200},"responseTime":0.7295220000087284,"msg":"request completed"}
{"level":30,"time":1788996634390,"pid":122630,"hostname":"vps-15cf2c41","reqId":"req-59","req":{"method":"PUT","url":"/api/v1/ui/state","host":"127.0.0.1:6340","remoteAddress":"127.0.0.1","remotePort":44318},"msg":"incoming request"}
{"level":30,"time":1788996634391,"pid":122630,"hostname":"vps-15cf2c41","reqId":"req-59","res":{"statusCode":204},"responseTime":0.7864270000136457,"msg":"request completed"}
{"level":30,"time":1788996634394,"pid":122630,"hostname":"vps-15cf2c41","reqId":"req-5a","req":{"method":"GET","url":"/api/v1/tree?path=.","host":"127.0.0.1:6340","remoteAddress":"127.0.0.1","remotePort":44326},"msg":"incoming request"}
{"level":30,"time":1788996634402,"pid":122630,"hostname":"vps-15cf2c41","reqId":"req-5a","res":{"statusCode":200},"responseTime":7.325194000004558,"msg":"request completed"}
00:00.000 Waiting
[2026-09-09T23:30:34.516Z WARN  chromiumoxide::handler] WS Invalid message: data did not match any variant of untagged enum Message
[2026-09-09T23:30:34.516Z WARN  chromiumoxide::handler] WS Invalid message: data did not match any variant of untagged enum Message
[2026-09-09T23:30:34.517Z WARN  chromiumoxide::handler] WS Invalid message: data did not match any variant of untagged enum Message
{"level":30,"time":1788996634519,"pid":122630,"hostname":"vps-15cf2c41","reqId":"req-5b","req":{"method":"GET","url":"/api/v1/fs/events?workspaceId=workspace","host":"127.0.0.1:6340","remoteAddress":"127.0.0.1","remotePort":44328},"msg":"incoming request"}
{"level":30,"time":1788996634520,"pid":122630,"hostname":"vps-15cf2c41","reqId":"req-5c","req":{"method":"GET","url":"/api/v1/ui/commands/next?workspaceId=workspace","host":"127.0.0.1:6340","remoteAddress":"127.0.0.1","remotePort":44344},"msg":"incoming request"}
{"level":30,"time":1788996634522,"pid":122630,"hostname":"vps-15cf2c41","reqId":"req-5d","req":{"method":"GET","url":"/api/v1/ui/state","host":"127.0.0.1:6340","remoteAddress":"127.0.0.1","remotePort":44360},"msg":"incoming request"}
{"level":30,"time":1788996634523,"pid":122630,"hostname":"vps-15cf2c41","reqId":"req-5d","res":{"statusCode":200},"responseTime":0.6111319999909028,"msg":"request completed"}
[2026-09-09T23:30:34.567Z WARN  chromiumoxide::handler] WS Invalid message: data did not match any variant of untagged enum Message
{"level":30,"time":1788996634569,"pid":122630,"hostname":"vps-15cf2c41","reqId":"req-5e","req":{"method":"GET","url":"/api/v1/agents/alpha/sessions?limit=50&archived=active","host":"127.0.0.1:6340","remoteAddress":"127.0.0.1","remotePort":44376},"msg":"incoming request"}
[2026-09-09T23:30:34.570Z WARN  chromiumoxide::handler] WS Invalid message: data did not match any variant of untagged enum Message
[2026-09-09T23:30:34.573Z WARN  chromiumoxide::handler] WS Invalid message: data did not match any variant of untagged enum Message
{"level":30,"time":1788996634576,"pid":122630,"hostname":"vps-15cf2c41","reqId":"req-5f","req":{"method":"GET","url":"/api/v1/tree?path=.","host":"127.0.0.1:6340","remoteAddress":"127.0.0.1","remotePort":44390},"msg":"incoming request"}
{"level":30,"time":1788996634577,"pid":122630,"hostname":"vps-15cf2c41","reqId":"req-5g","req":{"method":"GET","url":"/api/v1/agents/alpha/ready-status","host":"127.0.0.1:6340","remoteAddress":"127.0.0.1","remotePort":44392},"msg":"incoming request"}
{"level":30,"time":1788996634589,"pid":122630,"hostname":"vps-15cf2c41","reqId":"req-5f","res":{"statusCode":200},"responseTime":9.570268000010401,"msg":"request completed"}
[2026-09-09T23:30:34.596Z WARN  chromiumoxide::handler] WS Invalid message: data did not match any variant of untagged enum Message
{"level":30,"time":1788996634597,"pid":122630,"hostname":"vps-15cf2c41","reqId":"req-5h","req":{"method":"GET","url":"/api/v1/tree?path=.","host":"127.0.0.1:6340","remoteAddress":"127.0.0.1","remotePort":44408},"msg":"incoming request"}
{"level":30,"time":1788996634608,"pid":122630,"hostname":"vps-15cf2c41","reqId":"req-5h","res":{"statusCode":200},"responseTime":9.017158000002382,"msg":"request completed"}
{"level":30,"time":1788996634618,"pid":122630,"hostname":"vps-15cf2c41","reqId":"req-5e","res":{"statusCode":200},"responseTime":48.88658900000155,"msg":"request completed"}
{"level":30,"time":1788996634622,"pid":122630,"hostname":"vps-15cf2c41","reqId":"req-5g","res":{"statusCode":200},"responseTime":45.092084999982035,"msg":"request completed"}
[2026-09-09T23:30:34.622Z WARN  chromiumoxide::handler] WS Invalid message: data did not match any variant of untagged enum Message
{"level":30,"time":1788996634626,"pid":122630,"hostname":"vps-15cf2c41","reqId":"req-5i","req":{"method":"GET","url":"/api/v1/agents/alpha/sessions?limit=50&archived=active","host":"127.0.0.1:6340","remoteAddress":"127.0.0.1","remotePort":44416},"msg":"incoming request"}
{"level":30,"time":1788996634631,"pid":122630,"hostname":"vps-15cf2c41","reqId":"req-5j","req":{"method":"GET","url":"/api/v1/agents/alpha/ready-status","host":"127.0.0.1:6340","remoteAddress":"127.0.0.1","remotePort":44428},"msg":"incoming request"}
[2026-09-09T23:30:34.633Z WARN  chromiumoxide::handler] WS Invalid message: data did not match any variant of untagged enum Message
[2026-09-09T23:30:34.639Z WARN  chromiumoxide::handler] WS Invalid message: data did not match any variant of untagged enum Message
{"level":30,"time":1788996634641,"pid":122630,"hostname":"vps-15cf2c41","reqId":"req-5k","req":{"method":"GET","url":"/api/v1/ui/state","host":"127.0.0.1:6340","remoteAddress":"127.0.0.1","remotePort":44432},"msg":"incoming request"}
{"level":30,"time":1788996634642,"pid":122630,"hostname":"vps-15cf2c41","reqId":"req-5k","res":{"statusCode":200},"responseTime":0.5355810000037309,"msg":"request completed"}
{"level":30,"time":1788996634651,"pid":122630,"hostname":"vps-15cf2c41","reqId":"req-5j","res":{"statusCode":200},"responseTime":19.71458299999358,"msg":"request completed"}
{"level":30,"time":1788996634652,"pid":122630,"hostname":"vps-15cf2c41","reqId":"req-5i","res":{"statusCode":200},"responseTime":25.72144299998763,"msg":"request completed"}
[2026-09-09T23:30:34.671Z WARN  chromiumoxide::handler] WS Invalid message: data did not match any variant of untagged enum Message
{"level":30,"time":1788996634673,"pid":122630,"hostname":"vps-15cf2c41","reqId":"req-5l","req":{"method":"POST","url":"/api/v1/workspace-bridge/call","host":"127.0.0.1:6340","remoteAddress":"127.0.0.1","remotePort":44440},"msg":"incoming request"}
{"level":30,"time":1788996634676,"pid":122630,"hostname":"vps-15cf2c41","reqId":"req-5l","res":{"statusCode":200},"responseTime":2.4097279999987222,"msg":"request completed"}
00:00.247 Waiting
[2026-09-09T23:30:34.799Z WARN  chromiumoxide::handler] WS Invalid message: data did not match any variant of untagged enum Message
{"level":30,"time":1788996634801,"pid":122630,"hostname":"vps-15cf2c41","reqId":"req-5m","req":{"method":"GET","url":"/api/v1/agents/session-activity/events?workspaceId=workspace","host":"127.0.0.1:6340","remoteAddress":"127.0.0.1","remotePort":44456},"msg":"incoming request"}
00:00.482 Clicking <button> (x: 28.0, y: 30.0)
[2026-09-09T23:30:35.145Z WARN  chromiumoxide::handler] WS Invalid message: data did not match any variant of untagged enum Message
[2026-09-09T23:30:35.235Z WARN  chromiumoxide::handler] WS Invalid message: data did not match any variant of untagged enum Message
{"level":30,"time":1788996635236,"pid":122630,"hostname":"vps-15cf2c41","reqId":"req-5n","req":{"method":"GET","url":"/api/v1/agents/alpha/sessions?limit=50&archived=archived","host":"127.0.0.1:6340","remoteAddress":"127.0.0.1","remotePort":44468},"msg":"incoming request"}
{"level":30,"time":1788996635257,"pid":122630,"hostname":"vps-15cf2c41","reqId":"req-5n","res":{"statusCode":200},"responseTime":20.653772999998182,"msg":"request completed"}
00:00.959 Waiting
00:01.204 Waiting
00:01.463 Waiting
00:01.661 Clicking <button> (x: 166.7, y: 82.0, content: "Search⌘K")
00:02.061 Typing no-matching-fixture-command (delay: 0ms)
[2026-09-09T23:30:36.958Z WARN  chromiumoxide::handler] WS Invalid message: data did not match any variant of untagged enum Message
{"level":30,"time":1788996636980,"pid":122630,"hostname":"vps-15cf2c41","reqId":"req-5o","req":{"method":"POST","url":"/api/v1/agents/alpha/sessions","host":"127.0.0.1:6340","remoteAddress":"127.0.0.1","remotePort":44482},"msg":"incoming request"}
{"level":30,"time":1788996636994,"pid":122630,"hostname":"vps-15cf2c41","reqId":"req-5o","res":{"statusCode":201},"responseTime":13.95798599999398,"msg":"request completed"}
{"level":30,"time":1788996637075,"pid":122630,"hostname":"vps-15cf2c41","reqId":"req-5p","req":{"method":"GET","url":"/api/v1/agents/alpha/sessions?limit=50&archived=active","host":"127.0.0.1:6340","remoteAddress":"127.0.0.1","remotePort":44488},"msg":"incoming request"}
[2026-09-09T23:30:37.078Z WARN  chromiumoxide::handler] WS Invalid message: data did not match any variant of untagged enum Message
{"level":30,"time":1788996637113,"pid":122630,"hostname":"vps-15cf2c41","reqId":"req-5p","res":{"statusCode":200},"responseTime":37.41383199999109,"msg":"request completed"}
[2026-09-09T23:30:37.218Z WARN  chromiumoxide::handler] WS Invalid message: data did not match any variant of untagged enum Message
[2026-09-09T23:30:37.219Z WARN  chromiumoxide::handler] WS Invalid message: data did not match any variant of untagged enum Message
{"level":30,"time":1788996637222,"pid":122630,"hostname":"vps-15cf2c41","reqId":"req-5q","req":{"method":"GET","url":"/api/v1/ui/state","host":"127.0.0.1:6340","remoteAddress":"127.0.0.1","remotePort":41476},"msg":"incoming request"}
{"level":30,"time":1788996637223,"pid":122630,"hostname":"vps-15cf2c41","reqId":"req-5q","res":{"statusCode":200},"responseTime":0.521632000018144,"msg":"request completed"}
{"level":30,"time":1788996637225,"pid":122630,"hostname":"vps-15cf2c41","reqId":"req-5r","req":{"method":"GET","url":"/api/v1/agents/alpha/sessions?limit=50&archived=archived","host":"127.0.0.1:6340","remoteAddress":"127.0.0.1","remotePort":41484},"msg":"incoming request"}
{"level":30,"time":1788996637254,"pid":122630,"hostname":"vps-15cf2c41","reqId":"req-5r","res":{"statusCode":200},"responseTime":28.84277999997721,"msg":"request completed"}
[2026-09-09T23:30:37.361Z WARN  chromiumoxide::handler] WS Invalid message: data did not match any variant of untagged enum Message
{"level":30,"time":1788996637373,"pid":122630,"hostname":"vps-15cf2c41","reqId":"req-5s","req":{"method":"POST","url":"/api/v1/workspace-bridge/call","host":"127.0.0.1:6340","remoteAddress":"127.0.0.1","remotePort":41486},"msg":"incoming request"}
{"level":30,"time":1788996637380,"pid":122630,"hostname":"vps-15cf2c41","reqId":"req-5s","res":{"statusCode":200},"responseTime":7.3132409999961965,"msg":"request completed"}
[2026-09-09T23:30:37.716Z WARN  chromiumoxide::handler] WS Invalid message: data did not match any variant of untagged enum Message
[2026-09-09T23:30:37.719Z WARN  chromiumoxide::handler] WS Invalid message: data did not match any variant of untagged enum Message
{"level":30,"time":1788996637719,"pid":122630,"hostname":"vps-15cf2c41","reqId":"req-5t","req":{"method":"GET","url":"/api/v1/agents/alpha/models","host":"127.0.0.1:6340","remoteAddress":"127.0.0.1","remotePort":41496},"msg":"incoming request"}
[2026-09-09T23:30:37.721Z WARN  chromiumoxide::handler] WS Invalid message: data did not match any variant of untagged enum Message
{"level":30,"time":1788996637722,"pid":122630,"hostname":"vps-15cf2c41","reqId":"req-5u","req":{"method":"GET","url":"/api/v1/agents/alpha/commands?sessionId=scripted-5","host":"127.0.0.1:6340","remoteAddress":"127.0.0.1","remotePort":41502},"msg":"incoming request"}
{"level":30,"time":1788996637726,"pid":122630,"hostname":"vps-15cf2c41","reqId":"req-5v","req":{"method":"GET","url":"/api/v1/workspace/meta","host":"127.0.0.1:6340","remoteAddress":"127.0.0.1","remotePort":41510},"msg":"incoming request"}
{"level":30,"time":1788996637726,"pid":122630,"hostname":"vps-15cf2c41","reqId":"req-5v","res":{"statusCode":200},"responseTime":0.4716630000039004,"msg":"request completed"}
{"level":30,"time":1788996637743,"pid":122630,"hostname":"vps-15cf2c41","reqId":"req-5t","res":{"statusCode":200},"responseTime":23.471320999989985,"msg":"request completed"}
{"level":30,"time":1788996637748,"pid":122630,"hostname":"vps-15cf2c41","reqId":"req-5u","res":{"statusCode":200},"responseTime":25.426149000006262,"msg":"request completed"}
[2026-09-09T23:30:37.756Z WARN  chromiumoxide::handler] WS Invalid message: data did not match any variant of untagged enum Message
[2026-09-09T23:30:37.756Z WARN  chromiumoxide::handler] WS Invalid message: data did not match any variant of untagged enum Message
[2026-09-09T23:30:37.758Z WARN  chromiumoxide::handler] WS Invalid message: data did not match any variant of untagged enum Message
{"level":30,"time":1788996637759,"pid":122630,"hostname":"vps-15cf2c41","reqId":"req-5w","req":{"method":"GET","url":"/api/v1/agents/alpha/models","host":"127.0.0.1:6340","remoteAddress":"127.0.0.1","remotePort":41520},"msg":"incoming request"}
{"level":30,"time":1788996637761,"pid":122630,"hostname":"vps-15cf2c41","reqId":"req-5x","req":{"method":"GET","url":"/api/v1/agents/alpha/commands?sessionId=scripted-5","host":"127.0.0.1:6340","remoteAddress":"127.0.0.1","remotePort":41534},"msg":"incoming request"}
{"level":30,"time":1788996637763,"pid":122630,"hostname":"vps-15cf2c41","reqId":"req-5y","req":{"method":"GET","url":"/api/v1/workspace/meta","host":"127.0.0.1:6340","remoteAddress":"127.0.0.1","remotePort":41550},"msg":"incoming request"}
{"level":30,"time":1788996637763,"pid":122630,"hostname":"vps-15cf2c41","reqId":"req-5y","res":{"statusCode":200},"responseTime":0.40929500001948327,"msg":"request completed"}
{"level":30,"time":1788996637776,"pid":122630,"hostname":"vps-15cf2c41","reqId":"req-5w","res":{"statusCode":200},"responseTime":16.3155390000029,"msg":"request completed"}
{"level":30,"time":1788996637782,"pid":122630,"hostname":"vps-15cf2c41","reqId":"req-5x","res":{"statusCode":200},"responseTime":20.493210000015097,"msg":"request completed"}
[2026-09-09T23:30:37.891Z WARN  chromiumoxide::handler] WS Invalid message: data did not match any variant of untagged enum Message
{"level":30,"time":1788996637892,"pid":122630,"hostname":"vps-15cf2c41","reqId":"req-5z","req":{"method":"GET","url":"/api/v1/agents/alpha/commands?sessionId=scripted-5","host":"127.0.0.1:6340","remoteAddress":"127.0.0.1","remotePort":41552},"msg":"incoming request"}
{"level":30,"time":1788996637903,"pid":122630,"hostname":"vps-15cf2c41","reqId":"req-5z","res":{"statusCode":200},"responseTime":10.80576899999869,"msg":"request completed"}
{"level":30,"time":1788996637948,"pid":122630,"hostname":"vps-15cf2c41","reqId":"req-60","req":{"method":"GET","url":"/api/v1/agents/alpha/sessions/scripted-5/state","host":"127.0.0.1:6340","remoteAddress":"127.0.0.1","remotePort":41560},"msg":"incoming request"}
[2026-09-09T23:30:37.974Z WARN  chromiumoxide::handler] WS Invalid message: data did not match any variant of untagged enum Message
{"level":30,"time":1788996637977,"pid":122630,"hostname":"vps-15cf2c41","reqId":"req-60","res":{"statusCode":200},"responseTime":28.02810200001113,"msg":"request completed"}
{"level":30,"time":1788996638043,"pid":122630,"hostname":"vps-15cf2c41","reqId":"req-61","req":{"method":"GET","url":"/api/v1/agents/session-activity/events?workspaceId=workspace","host":"127.0.0.1:6340","remoteAddress":"127.0.0.1","remotePort":41566},"msg":"incoming request"}
[2026-09-09T23:30:38.059Z WARN  chromiumoxide::handler] WS Invalid message: data did not match any variant of untagged enum Message
[2026-09-09T23:30:38.263Z WARN  chromiumoxide::handler] WS Invalid message: data did not match any variant of untagged enum Message
{"level":30,"time":1788996638262,"pid":122630,"hostname":"vps-15cf2c41","reqId":"req-62","req":{"method":"GET","url":"/api/v1/agents/alpha/models","host":"127.0.0.1:6340","remoteAddress":"127.0.0.1","remotePort":41580},"msg":"incoming request"}
[2026-09-09T23:30:38.268Z WARN  chromiumoxide::handler] WS Invalid message: data did not match any variant of untagged enum Message
{"level":30,"time":1788996638268,"pid":122630,"hostname":"vps-15cf2c41","reqId":"req-63","req":{"method":"GET","url":"/api/v1/agents/alpha/sessions/scripted-5/events?cursor=0","host":"127.0.0.1:6340","remoteAddress":"127.0.0.1","remotePort":41584},"msg":"incoming request"}
{"level":30,"time":1788996638279,"pid":122630,"hostname":"vps-15cf2c41","reqId":"req-62","res":{"statusCode":200},"responseTime":16.75456500001019,"msg":"request completed"}
[2026-09-09T23:30:38.865Z WARN  chromiumoxide::handler] WS Invalid message: data did not match any variant of untagged enum Message
{"level":30,"time":1788996638866,"pid":122630,"hostname":"vps-15cf2c41","reqId":"req-64","req":{"method":"PUT","url":"/api/v1/ui/state","host":"127.0.0.1:6340","remoteAddress":"127.0.0.1","remotePort":41594},"msg":"incoming request"}
{"level":30,"time":1788996638866,"pid":122630,"hostname":"vps-15cf2c41","reqId":"req-64","res":{"statusCode":204},"responseTime":0.6578779999981634,"msg":"request completed"}
[2026-09-09T23:30:38.875Z WARN  chromiumoxide::handler] WS Invalid message: data did not match any variant of untagged enum Message
{"level":30,"time":1788996638876,"pid":122630,"hostname":"vps-15cf2c41","reqId":"req-65","req":{"method":"GET","url":"/api/v1/agents/alpha/commands?sessionId=scripted-5","host":"127.0.0.1:6340","remoteAddress":"127.0.0.1","remotePort":41604},"msg":"incoming request"}
{"level":30,"time":1788996638887,"pid":122630,"hostname":"vps-15cf2c41","reqId":"req-65","res":{"statusCode":200},"responseTime":11.104084999999031,"msg":"request completed"}
00:04.631 Waiting
00:04.944 Typing > (delay: 0ms)
00:05.096 Clicking <button> (x: 303.7, y: 99.0, content: "Commands")

Reproduction finished!

Inspect the test results using:

  bombadil browser inspect /dev/shm/cpr-2ce/boring-ui-review-run.WYI7nL/replay-mobile.3v1Dww

{"level":30,"time":1788996639918,"pid":122630,"hostname":"vps-15cf2c41","reqId":"req-63","res":{"statusCode":200},"msg":"stream closed prematurely"}
verified Bombadil replay final state: cpr-03:workspace-command-palette:candidate:mobile:explore-0012-dialog-popover:0f314c4eca6e
[WebServer] (!) Your Vite config uses features that are unsupported by `configLoader: 'native'`, which is planned to become the default in a future major version of Vite:
[WebServer]   - `__dirname` (vite.config.ts:9:59). Use `import.meta.dirname` instead
[WebServer]   - import "./src/server/dev" without a file extension (vite.config.ts:6:66). Add the file extension
[WebServer]   - import "./src/release-candidate-dist" without a file extension (vite.config.ts:7:50). Add the file extension
[WebServer]   - import "./testing/scriptedPiHarness" without a file extension (src/server/dev.ts:7:110). Add the file extension
[WebServer]   - import "../shared/showcaseSession" without a file extension (src/server/dev.ts:8:51). Add the file extension
[WebServer]   - import "./testing/twoAgentFleet" without a file extension (src/server/dev.ts:14:8). Add the file extension
[WebServer]   - import "./factoryAgents" without a file extension (src/server/dev.ts:17:41). Add the file extension
[WebServer]   - import "./playgroundAgentMode" without a file extension (src/server/dev.ts:18:44). Add the file extension
[WebServer]   - import "../shared/playgroundAgents" without a file extension (src/server/dev.ts:19:53). Add the file extension
[WebServer]   - import "../../shared/playgroundAgents" without a file extension (src/server/testing/twoAgentFleet.ts:2:48). Add the file extension
[WebServer] Set `VITE_CONFIG_NATIVE_IGNORE_WARNING=true` to suppress this warning.
[WebServer] 11:30:56 PM [vite] warning: `esbuild` option was specified by "vite:react-babel" plugin. This option is deprecated, please use `oxc` instead.
[WebServer] `optimizeDeps.rollupOptions` / `ssr.optimizeDeps.rollupOptions` is deprecated. Use `optimizeDeps.rolldownOptions` instead. Note that this option may be set by a plugin. Set VITE_DEPRECATION_TRACE=1 to see where it is called.
[WebServer] [vite:react-babel] We recommend switching to `@vitejs/plugin-react-oxc` for improved performance. More information at https://vite.dev/rolldown
[WebServer] (node:130677) ExperimentalWarning: SQLite is an experimental feature and might change at any time
[WebServer] (Use `node --trace-warnings ...` to show where the warning was created)
[WebServer] (node:130677) [BORING_WORKSPACE_BRIDGE_INSECURE_AUTH] Warning: createWorkspaceAgentServer is using createLocalCliBridgeAuthPolicy for WorkspaceBridge browser calls. This policy is unauthenticated, grants registered bridge capabilities to the fixed local principal, and is intended only for local/dev CLI usage. Provide workspaceBridge.browserAuthPolicy before exposing this server.

Running 1 test using 1 worker

  ✓  1 [chromium] › e2e/review.spec.ts:54:3 › UI review › captures and reviews workspace-command-palette (22.8s)

  1 passed (34.2s)
